time_s,Cmax
0.0,2.55
60.0,2.55
120.0,2.55
180.0,2.55
240.0,2.55
300.0,2.55
360.0,2.55
420.0,2.55
480.0,2.5500000000000003
540.0,2.5500000000000003
600.0,2.5500000000000003
660.0,2.5500000000000003
720.0,2.5500000000000003
780.0,2.5500000000000003
840.0,2.5500000000000003
900.0,2.5500000000000003
960.0,2.5500000000000003
1020.0,2.5500000000000003
1080.0,2.5500000000000003
1140.0,2.5500000000000003
1200.0,2.5500000000000003
1260.0,2.5500000000000003
1320.0,2.5500000000000003
1380.0,2.55
1440.0,2.5500000000000003
1500.0,2.5500000000000003
1560.0,2.5500000000000007
1620.0,2.5500000000000003
1680.0,2.5500000000000003
1740.0,2.5500000000000003
1800.0,2.5500000000000003
1860.0,2.55
1920.0,2.5500000000000003
1980.0,2.5500000000000003
2040.0,2.5500000000000003
2100.0,2.5500000000000003
2160.0,2.5500000000000003
2220.0,2.5500000000000003
2280.0,2.5500000000000003
2340.0,2.5500000000000007
2400.0,2.5500000000000003
2460.0,2.5500000000000003
2520.0,2.5499999999999994
2580.0,2.549999999999997
2640.0,2.5499999999999927
2700.0,2.549999999999981
2760.0,2.549999999999954
2820.0,2.549999999999894
2880.0,2.549999999999765
2940.0,2.549999999999495
3000.0,2.5499999999989464
3060.0,2.5499999999978638
3120.0,2.5499999999957854
3180.0,2.5499999999918903
3240.0,2.549999999984768
3300.0,2.549999999972038
3360.0,2.549999999949775
3420.0,2.5499999999116327
3480.0,2.54999999984756
3540.0,2.5499999997419214
3600.0,2.549999999570826
3660.0,2.549999999298395
3720.0,2.54999999887161
3780.0,2.549999998213341
3840.0,2.5499999972130385
3900.0,2.5499999957144848
3960.0,2.5499999934999056
4020.0,2.5499999902696273
4080.0,2.5499999856163593
4140.0,2.54999997899318
4200.0,2.5499999696740137
4260.0,2.5499999567056513
4320.0,2.5499999388500694
4380.0,2.5499999145157486
4440.0,2.549999881676611
4500.0,2.5499998377774986
4560.0,2.5499997796245832
4620.0,2.549999703260538
4680.0,2.549999603823724
4740.0,2.5499994753901696
4800.0,2.549999310796983
4860.0,2.549999101446128
4920.0,2.549998837089496
4980.0,2.5499985055942544
5040.0,2.549998092691998
5100.0,2.5499975817120974
5160.0,2.5499969532996833
5220.0,2.549996185122619
5280.0,2.5499952515724797
5340.0,2.5499941234535126
5400.0,2.5499927676435825
5460.0,2.5499911467553704
5520.0,2.5499892188046456
5580.0,2.5499869368782226
5640.0,2.549984248803407
5700.0,2.549981096811045
5760.0,2.5499774171994916
5820.0,2.5499731400383063
5880.0,2.5499681888911563
5940.0,2.5499624805227548
6000.0,2.549955924652419
6060.0,2.549948423771531
6120.0,2.549939872952496
6180.0,2.5499301595430754
6240.0,2.549919162876385
6300.0,2.5499067541672114
6360.0,2.5498927965318656
6420.0,2.549877144891793
6480.0,2.54985964586937
6540.0,2.5498401378537072
6600.0,2.549818451162337
6660.0,2.5497944083465542
6720.0,2.549767824372298
6780.0,2.549738506485336
6840.0,2.549706254296806
6900.0,2.549670860166933
6960.0,2.5496321095737655
7020.0,2.5495897812303214
7080.0,2.549543647305921
7140.0,2.549493473386963
7200.0,2.5494390185017286
7260.0,2.5493800356372125
7320.0,2.5493162725227405
7380.0,2.5492474721595095
7440.0,2.5491733732013535
7500.0,2.5490937104771434
7560.0,2.5490082159573695
7620.0,2.5489166194617248
7680.0,2.548818649089631
7740.0,2.5487140310850713
7800.0,2.548602489965025
7860.0,2.5484837493247587
7920.0,2.548357532393346
7980.0,2.548223561727981
8040.0,2.5480815591177204
8100.0,2.547931245096437
8160.0,2.5477723394358214
8220.0,2.5476045628586674
8280.0,2.5474276383579246
8340.0,2.5472412919029743
8400.0,2.547045251447201
8460.0,2.5468392462571274
8520.0,2.546623008031647
8580.0,2.546396273058099
8640.0,2.5461587828653083
8700.0,2.5459102828261795
8760.0,2.5456505204318285
8820.0,2.545379246042629
8880.0,2.5450962156320482
8940.0,2.54480119281348
9000.0,2.54449394886523
9060.0,2.5441742611319413
9120.0,2.543841912847012
9180.0,2.543496693687739
9240.0,2.5431383964948093
9300.0,2.5427668150182074
9360.0,2.5423817479267634
9420.0,2.5419830024042063
9480.0,2.5415703947763237
9540.0,2.5411437487747652
9600.0,2.5407028941841054
9660.0,2.540247665186668
9720.0,2.5397778989620865
9780.0,2.539293437314589
9840.0,2.5387941308448085
9900.0,2.538279838836571
9960.0,2.537750430682596
10020.0,2.5372057884243056
10080.0,2.5366458032556634
10140.0,2.5360703703459007
10200.0,2.535479384830763
10260.0,2.534872742153284
10320.0,2.5342503428202736
10380.0,2.5336120941565645
10440.0,2.5329579126084703
10500.0,2.532287726169155
10560.0,2.5316014725086022
10620.0,2.530899094551724
10680.0,2.530180543595088
10740.0,2.529445783833161
10800.0,2.5286947859367594
10860.0,2.527927514757552
10920.0,2.5271439269063087
10980.0,2.5263439769074836
11040.0,2.525527622348432
11100.0,2.524694827295188
11160.0,2.5238455692507573
11220.0,2.522979842437521
11280.0,2.5220976513271656
11340.0,2.521199005555084
11400.0,2.5202839244052417
11460.0,2.5193524396799196
11520.0,2.518404588771086
11580.0,2.5174404088299367
11640.0,2.5164599341553457
11700.0,2.515463202829501
11760.0,2.5144502626310095
11820.0,2.5134211650568066
11880.0,2.51237596591774
11940.0,2.511314728015377
12000.0,2.5102375123835667
12060.0,2.5091443718402346
12120.0,2.508035360627302
12180.0,2.506910540323683
12240.0,2.5057699700475142
12300.0,2.5046136994801564
12360.0,2.5034417808234366
12420.0,2.502254286523458
12480.0,2.5010513135341994
12540.0,2.4998329734064884
12600.0,2.498599378756579
12660.0,2.497350633083505
12720.0,2.496086832287313
12780.0,2.4948080658138387
12840.0,2.493514412766332
12900.0,2.492205947391366
12960.0,2.4908827485232923
13020.0,2.489544894874774
13080.0,2.488192459240846
13140.0,2.4868255157409105
13200.0,2.4854441561744967
13260.0,2.484048491122115
13320.0,2.4826386306327337
13380.0,2.4812146799227226
13440.0,2.4797767479538084
13500.0,2.4783249452068477
13560.0,2.4768593732493316
13620.0,2.4753801215383437
13680.0,2.473887278532096
13740.0,2.4723809394762934
13800.0,2.4708612145550055
13860.0,2.4693282253760906
13920.0,2.4677820957424705
13980.0,2.466222958225463
14040.0,2.464650956755047
14100.0,2.463066229561233
14160.0,2.461468889829014
14220.0,2.4598590270640797
14280.0,2.458236716335429
14340.0,2.4566020302604143
14400.0,2.4549550529572124
14460.0,2.453295886847856
14520.0,2.451624662401213
14580.0,2.4499415330232552
14640.0,2.4482466502239797
14700.0,2.4465401520324
14760.0,2.4448221656594122
14820.0,2.4430928121024538
14880.0,2.441352209187628
14940.0,2.4396004732214953
15000.0,2.437837719856222
15060.0,2.436064064459432
15120.0,2.434279622273948
15180.0,2.432484508473611
15240.0,2.4306788381489217
15300.0,2.428862726270071
15360.0,2.427036287649939
15420.0,2.4251996369062376
15480.0,2.423352888422129
15540.0,2.421496156305374
15600.0,2.4196295543562023
15660.0,2.417753196035667
15720.0,2.415867194440566
15780.0,2.413971662280333
15840.0,2.412066711851635
15900.0,2.4101524550189577
15960.0,2.408229003187988
16020.0,2.4062964672999407
16080.0,2.4043549577947476
16140.0,2.4024045846227002
16200.0,2.4004454572009597
16260.0,2.398477684428538
16320.0,2.396501374649249
16380.0,2.3945166356580283
16440.0,2.39252357467316
16500.0,2.390522298337149
16560.0,2.38851291271242
16620.0,2.3864955232005793
16680.0,2.3844702347140614
16740.0,2.3824371514676423
16800.0,2.3803963770467664
16860.0,2.3783480145182523
16920.0,2.3762921661381244
16980.0,2.3742289336522235
17040.0,2.3721584181550597
17100.0,2.3700807199570675
17160.0,2.3679959388617204
17220.0,2.3659041739475994
17280.0,2.3638055235839537
17340.0,2.3617000855206447
17400.0,2.3595879568420512
17460.0,2.3574692339323855
17520.0,2.355344012485905
17580.0,2.35321238751267
17640.0,2.3510744533892343
17700.0,2.3489303037391687
17760.0,2.3467800315103373
17820.0,2.344623728964423
17880.0,2.342461487730523
17940.0,2.3402933986622565
18000.0,2.338119551942181
18060.0,2.335940037077403
18120.0,2.3337549429084623
18180.0,2.3315643575272156
18240.0,2.329368368348405
18300.0,2.3271670621185123
18360.0,2.3249605248878082
18420.0,2.3227488419912867
18480.0,2.3205320980802657
18540.0,2.3183103771479554
18600.0,2.316083762472268
18660.0,2.3138523366412107
18720.0,2.3116161815604976
18780.0,2.3093753785146482
18840.0,2.3071300080193735
18900.0,2.3048801499372624
18960.0,2.302625883448223
19020.0,2.3003672870546166
19080.0,2.2981044387001086
19140.0,2.2958374155010626
19200.0,2.2935662939572095
19260.0,2.291291149897933
19320.0,2.289012058488448
19380.0,2.2867290943584306
19440.0,2.284442331313439
19500.0,2.2821518425624108
19560.0,2.2798577006604734
19620.0,2.277559977514577
19680.0,2.2752587444774566
19740.0,2.2729540721406294
19800.0,2.2706460304996803
19860.0,2.2683346889141798
19920.0,2.2660201161125246
19980.0,2.263702380250265
20040.0,2.2613815487861935
20100.0,2.2590576885838582
20160.0,2.256730865888724
20220.0,2.2544011463328353
20280.0,2.252068594979705
20340.0,2.249733276232154
20400.0,2.247395253909673
20460.0,2.245054591232272
20520.0,2.2427113508252963
20580.0,2.240365594761824
20640.0,2.2380173844770006
20700.0,2.2356667808407904
20760.0,2.2333138441433364
20820.0,2.23095863409972
20880.0,2.228601209884757
20940.0,2.2262416300654437
21000.0,2.2238799526600106
21060.0,2.221516235127133
21120.0,2.2191505343703777
21180.0,2.2167829067597045
21240.0,2.2144134080948525
21300.0,2.2120420936406138
21360.0,2.209669018122453
21420.0,2.2072942357305227
21480.0,2.2049178001277383
21540.0,2.2025397644466147
21600.0,2.2001601812980005
21660.0,2.197779104178359
21720.0,2.1953965859009847
21780.0,2.1930126744130702
21840.0,2.1906274186498393
21900.0,2.188240869253698
21960.0,2.185853076857449
22020.0,2.1834640910186254
22080.0,2.181073959765815
22140.0,2.1786827320187023
22200.0,2.1762904546308937
22260.0,2.1738971755451875
22320.0,2.1715029405761013
22380.0,2.169107796671149
22440.0,2.1667117889990797
22500.0,2.164314962790714
22560.0,2.1619173630602213
22620.0,2.159519034054214
22680.0,2.157120019591171
22740.0,2.1547203630637943
22800.0,2.1523201075152016
22860.0,2.1499192953660238
22920.0,2.1475179686325134
22980.0,2.145116169024237
23040.0,2.142713937809246
23100.0,2.140311315659412
23160.0,2.1379083428707415
23220.0,2.1355050595767198
23280.0,2.1331015052147255
23340.0,2.1306977188430327
23400.0,2.128293739144957
23460.0,2.1258896045363387
23520.0,2.1234853528516955
23580.0,2.1210810215895877
23640.0,2.118676647830922
23700.0,2.116272268267018
23760.0,2.113867919222177
23820.0,2.1114636366226143
23880.0,2.1090594560114644
23940.0,2.1066554125580907
24000.0,2.1042515410551634
24060.0,2.1018478759171333
24120.0,2.0994444511923507
24180.0,2.0970413005634674
24240.0,2.094638457346239
24300.0,2.092235954497646
24360.0,2.089833824622947
24420.0,2.0874320999723466
24480.0,2.0850308124465826
24540.0,2.0826299935921617
24600.0,2.080229674613082
24660.0,2.077829886380674
24720.0,2.0754306594250456
24780.0,2.073032023942326
24840.0,2.0706340097886295
24900.0,2.0682366464929163
24960.0,2.0658399632676923
25020.0,2.063443988998631
25080.0,2.0610487522522996
25140.0,2.058654281269335
25200.0,2.056260603977911
25260.0,2.053867748004891
25320.0,2.051475740664334
25380.0,2.049084608965456
25440.0,2.046694379605405
25500.0,2.0443050789829154
25560.0,2.041916733209581
25620.0,2.0395293680978317
25680.0,2.037143009168919
25740.0,2.034757681645737
25800.0,2.0323734104662
25860.0,2.029990220294271
25920.0,2.0276081355080597
25980.0,2.0252271802076147
26040.0,2.022847378207966
26100.0,2.020468753052043
26160.0,2.0180913280213284
26220.0,2.015715126124327
26280.0,2.0133401701040867
26340.0,2.0109664824313858
26400.0,2.0085940853172795
26460.0,2.0062230007234394
26520.0,2.003853250350886
26580.0,2.0014848556472824
26640.0,1.9991178378001855
26700.0,1.9967522177493104
26760.0,1.994388016196617
26820.0,1.9920252535951994
26880.0,1.9896639501563849
26940.0,1.98730412584309
27000.0,1.9849458003817657
27060.0,1.9825889932722163
27120.0,1.9802337237766852
27180.0,1.9778800109267516
27240.0,1.9755278735168547
27300.0,1.9731773301158562
27360.0,1.9708283990765416
27420.0,1.9684810985250014
27480.0,1.9661354463672935
27540.0,1.963791460283163
27600.0,1.9614491577372017
27660.0,1.9591085559880161
27720.0,1.9567696720779377
27780.0,1.9544325228394481
27840.0,1.9520971248890822
27900.0,1.949763494638202
27960.0,1.9474316483018426
28020.0,1.9451016018887395
28080.0,1.9427733712075224
28140.0,1.9404469718607997
28200.0,1.9381224192555564
28260.0,1.935799728611688
28320.0,1.9334789149523375
28380.0,1.9311599931098637
28440.0,1.9288429777201157
28500.0,1.9265278832324515
28560.0,1.9242147239179603
28620.0,1.9219035138601186
28680.0,1.9195942669605335
28740.0,1.9172869969334156
28800.0,1.9149817173152188
28860.0,1.9126784414725448
28920.0,1.9103771825931324
28980.0,1.9080779536913763
29040.0,1.9057807676030014
29100.0,1.9034856369943243
29160.0,1.9011925743698477
29220.0,1.8989015920635821
29280.0,1.896612702244346
29340.0,1.8943259169106335
29400.0,1.8920412478995128
29460.0,1.8897587068939175
29520.0,1.8874783054142936
29580.0,1.8852000548236865
29640.0,1.882923966322802
29700.0,1.8806500509585464
29760.0,1.878378319631027
29820.0,1.876108783085517
29880.0,1.8738414519173334
29940.0,1.8715763365670912
30000.0,1.8693134473288948
30060.0,1.867052794357052
30120.0,1.8647943876583526
30180.0,1.8625382370967465
30240.0,1.860284352388783
30300.0,1.8580327431114663
30360.0,1.8557834187086875
30420.0,1.853536388483814
30480.0,1.8512916616041721
30540.0,1.8490492470966682
30600.0,1.8468091538553146
30660.0,1.844571390647396
30720.0,1.842335966106356
30780.0,1.8401028887360904
30840.0,1.8378721669067484
30900.0,1.8356438088619402
30960.0,1.8334178227246418
31020.0,1.831194216490374
31080.0,1.828972998031314
31140.0,1.8267541750922673
31200.0,1.8245377552975708
31260.0,1.8223237461567448
31320.0,1.8201121550579558
31380.0,1.817902989271951
31440.0,1.8156962559481984
31500.0,1.8134919621214944
31560.0,1.8112901147173726
31620.0,1.8090907205458404
31680.0,1.8068937863051444
31740.0,1.8046993185780729
31800.0,1.802507323838278
31860.0,1.80031780845545
31920.0,1.798130778689321
31980.0,1.7959462406932643
32040.0,1.7937642005107557
32100.0,1.7915846640814197
32160.0,1.7894076372459808
32220.0,1.7872331257405212
32280.0,1.785061135199924
32340.0,1.7828916711544849
32400.0,1.7807247390356962
32460.0,1.7785603441809792
32520.0,1.7763984918281917
32580.0,1.7742391871189176
32640.0,1.772082435095226
32700.0,1.7699282407052002
32760.0,1.7677766088074645
32820.0,1.7656275441659262
32880.0,1.7634810514529238
32940.0,1.7613371352461225
33000.0,1.7591958000338028
33060.0,1.7570570502191873
33120.0,1.7549208901154103
33180.0,1.7527873239485265
33240.0,1.7506563558545447
33300.0,1.748527989884478
33360.0,1.7464022300084834
33420.0,1.7442790801110482
33480.0,1.7421585439938674
33540.0,1.7400406253730043
33600.0,1.7379253278837208
33660.0,1.735812655084429
33720.0,1.7337026104520932
33780.0,1.7315951973849752
33840.0,1.7294904191999219
33900.0,1.7273882791369801
33960.0,1.725288780363173
34020.0,1.7231919259681028
34080.0,1.7210977189665762
34140.0,1.719006162296009
34200.0,1.7169172588208366
34260.0,1.7148310113361214
34320.0,1.7127474225633508
34380.0,1.7106664951529438
34440.0,1.708588231681771
34500.0,1.7065126346573678
34560.0,1.7044397065213814
34620.0,1.7023694496455537
34680.0,1.7003018663341163
34740.0,1.6982369588214203
34800.0,1.6961747292759601
34860.0,1.6941151798036682
34920.0,1.6920583124440736
34980.0,1.6900041291725914
35040.0,1.6879526318982567
35100.0,1.6859038224675689
35160.0,1.6838577026676373
35220.0,1.6818142742225126
35280.0,1.6797735387953712
35340.0,1.6777354979863515
35400.0,1.6757001533362248
35460.0,1.6736675063294004
35520.0,1.6716375583904193
35580.0,1.6696103108860414
35640.0,1.6675857651231774
35700.0,1.6655639223523948
35760.0,1.663544783770788
35820.0,1.6615283505186291
35880.0,1.6595146236813596
35940.0,1.6575036042876157
36000.0,1.6554952933125762
36060.0,1.6534896916807027
36120.0,1.651486800262541
36180.0,1.6494866198766232
36240.0,1.6474891512875791
36300.0,1.6454943952093364
36360.0,1.6435023523077343
36420.0,1.6415130231974704
36480.0,1.6395264084439152
36540.0,1.637542508561309
36600.0,1.635561324015816
36660.0,1.6335828552280238
36720.0,1.6316071025700225
36780.0,1.6296340663671403
36840.0,1.6276637468962192
36900.0,1.6256961443885332
36960.0,1.6237312590321726
37020.0,1.6217690909692557
37080.0,1.6198096402975855
37140.0,1.6178529070690024
37200.0,1.6158988912921703
37260.0,1.6139475929348537
37320.0,1.6119990119212544
37380.0,1.6100531481335927
37440.0,1.6081100014105345
37500.0,1.6061695715498503
37560.0,1.6042318583105915
37620.0,1.6022968614105446
37680.0,1.6003645805277413
37740.0,1.5984350152989568
37800.0,1.5965081653222486
37860.0,1.5945840301590324
37920.0,1.5926626093316527
37980.0,1.5907439023248235
38040.0,1.5888279085841936
38100.0,1.5869146275187713
38160.0,1.5850040585029062
38220.0,1.5830962008739684
38280.0,1.5811910539337246
38340.0,1.5792886169469669
38400.0,1.5773888891438286
38460.0,1.575491869721675
38520.0,1.5735975578428885
38580.0,1.5717059526361803
38640.0,1.5698170531952829
38700.0,1.5679308585811587
38760.0,1.5660473678238074
38820.0,1.5641665799201485
38880.0,1.5622884938352752
38940.0,1.560413108501204
39000.0,1.5585404228189847
39060.0,1.5566704356604242
39120.0,1.554803145866066
39180.0,1.5529385522463859
39240.0,1.5510766535805984
39300.0,1.5492174486186698
39360.0,1.5473609360829659
39420.0,1.54550711466632
39480.0,1.5436559830331755
39540.0,1.5418075398184463
39600.0,1.5399617836294375
39660.0,1.5381187130474185
39720.0,1.536278326625779
39780.0,1.5344406228911185
39840.0,1.5326056003421573
39900.0,1.530773257451572
39960.0,1.528943592667496
40020.0,1.527116604411757
40080.0,1.5252922910809203
40140.0,1.5234706510452458
40200.0,1.5216516826504412
40260.0,1.5198353842190941
40320.0,1.51802175404899
40380.0,1.5162107904141056
40440.0,1.5144024915636143
40500.0,1.5125968557235598
40560.0,1.5107938810982227
40620.0,1.5089935658685143
40680.0,1.5071959081929245
40740.0,1.5054009062065725
40800.0,1.5036085580228036
40860.0,1.5018188617344936
40920.0,1.500031815412516
40980.0,1.4982474171066453
41040.0,1.4964656648446508
41100.0,1.4946865566338208
41160.0,1.4929100904622084
41220.0,1.491136264297166
41280.0,1.4893650760862094
41340.0,1.4875965237561508
41400.0,1.4858306052145547
41460.0,1.4840673183509252
41520.0,1.4823066610353093
41580.0,1.4805486311191185
41640.0,1.4787932264343029
41700.0,1.4770404447947394
41760.0,1.475290283997367
41820.0,1.4735427418208498
41880.0,1.471797816026364
41940.0,1.4700555043568078
42000.0,1.4683158045381257
42060.0,1.4665787142803937
42120.0,1.4648442312765413
42180.0,1.4631123532031032
42240.0,1.4613830777194632
42300.0,1.4596564024691208
42360.0,1.4579323250807243
42420.0,1.4562108431668517
42480.0,1.4544919543247279
42540.0,1.452775656135502
42600.0,1.451061946165457
42660.0,1.449350821966995
42720.0,1.4476422810774734
42780.0,1.445936321019889
42840.0,1.444232939302188
42900.0,1.4425321334184193
42960.0,1.4408339008496776
43020.0,1.4391382390629892
43080.0,1.4374451455119654
43140.0,1.435754617636799
43200.0,1.434066652864055
43260.0,1.4323812494002204
43320.0,1.4306984017579103
43380.0,1.429018110002786
43440.0,1.4273403710677768
43500.0,1.425665182364108
43560.0,1.4239925408691227
43620.0,1.422322444262068
43680.0,1.4206548898325513
43740.0,1.4189898749324883
43800.0,1.4173273967180064
43860.0,1.4156674525332826
43920.0,1.4140100397040956
43980.0,1.412355155421509
44040.0,1.4107027969178372
44100.0,1.40905296150062
44160.0,1.407405646397706
44220.0,1.4057608487835336
44280.0,1.4041185659047928
44340.0,1.402478794971131
44400.0,1.4008415331893573
44460.0,1.39920677774814
44520.0,1.3975745258312144
44580.0,1.395944774613712
44640.0,1.3943175212558798
44700.0,1.3926927629024861
44760.0,1.3910704967056897
44820.0,1.3894507198015347
44880.0,1.3878334293169485
44940.0,1.3862186223701305
45000.0,1.3846062960701353
45060.0,1.3829964475164935
45120.0,1.3813890737998602
45180.0,1.379784172001795
45240.0,1.3781817392114282
45300.0,1.3765817724972238
45360.0,1.3749842689142762
45420.0,1.3733892255138023
45480.0,1.3717966393385617
45540.0,1.3702065074496894
45600.0,1.3686188268708568
45660.0,1.3670335946237828
45720.0,1.3654508077249625
45780.0,1.3638704631842673
45840.0,1.3622925580289036
45900.0,1.360717089244735
45960.0,1.359144053823178
46020.0,1.3575734487485975
46080.0,1.35600527099924
46140.0,1.3544395175685922
46200.0,1.3528761854130729
46260.0,1.3513152714938377
46320.0,1.3497567727655422
46380.0,1.3482006861772686
46440.0,1.346647008693691
46500.0,1.345095737243237
46560.0,1.3435468687595182
46620.0,1.3420004001701935
46680.0,1.3404563283978987
46740.0,1.3389146503814862
46800.0,1.3373753630240055
46860.0,1.335838463234278
46920.0,1.3343039479157217
46980.0,1.3327718139670688
47040.0,1.3312420582997468
47100.0,1.3297146777980093
47160.0,1.3281896693500654
47220.0,1.3266670298399952
47280.0,1.325146756147776
47340.0,1.3236288451475087
47400.0,1.322113293711837
47460.0,1.320600098708685
47520.0,1.3190892570022377
47580.0,1.3175807654530907
47640.0,1.3160746209197067
47700.0,1.3145708202553865
47760.0,1.3130693603108012
47820.0,1.311570237933454
47880.0,1.3100734499676912
47940.0,1.3085789932526084
48000.0,1.307086864627192
48060.0,1.3055970609264866
48120.0,1.3041095789827206
48180.0,1.3026244156253257
48240.0,1.301141567679379
48300.0,1.2996610319694728
48360.0,1.2981828053168516
48420.0,1.2967068845402676
48480.0,1.2952332664560553
48540.0,1.2937619478780833
48600.0,1.2922929256181244
48660.0,1.2908261964857075
48720.0,1.2893617572882559
48780.0,1.2878996048311693
48840.0,1.2864397359179838
48900.0,1.284982147350262
48960.0,1.2835268359278187
49020.0,1.2820737984487607
49080.0,1.28062303170954
49140.0,1.2791745325044168
49200.0,1.2777282976269522
49260.0,1.276284323868983
49320.0,1.274842608020987
49380.0,1.2734031468721172
49440.0,1.27196593720929
49500.0,1.270530975819525
49560.0,1.269098259488252
49620.0,1.2676677849998452
49680.0,1.2662395491376606
49740.0,1.2648135486833552
49800.0,1.263389780418678
49860.0,1.2619682411241948
49920.0,1.2605489275797057
49980.0,1.2591318365642925
50040.0,1.2577169648559539
50100.0,1.2563043092326545
50160.0,1.2548938664716207
50220.0,1.253485633349605
50280.0,1.2520796066429314
50340.0,1.250675783127175
50400.0,1.249274159578103
50460.0,1.247874732771049
50520.0,1.2464774994811547
50580.0,1.2450824564834078
50640.0,1.243689600552201
50700.0,1.2422989284625408
50760.0,1.2409104369892097
50820.0,1.2395241229070588
50880.0,1.2381399829910422
50940.0,1.2367580140157255
51000.0,1.2353782127565982
51060.0,1.2340005759891501
51120.0,1.232625100489182
51180.0,1.2312517830328396
51240.0,1.2298806203961832
51300.0,1.2285116093563493
51360.0,1.227144746690738
51420.0,1.2257800291772918
51480.0,1.2244174535945282
51540.0,1.2230570167211827
51600.0,1.2216987153371943
51660.0,1.2203425462230255
51720.0,1.2189885061599026
51780.0,1.2176365919298469
51840.0,1.2162868003153329
51900.0,1.2149391281002302
51960.0,1.213593572069153
52020.0,1.21225012900769
52080.0,1.210908795702432
52140.0,1.209569568940623
52200.0,1.2082324455111122
52260.0,1.2068974222036921
52320.0,1.205564495809327
52380.0,1.2042336631201802
52440.0,1.202904920929266
52500.0,1.2015782660313892
52560.0,1.2002536952224887
52620.0,1.1989312052998615
52680.0,1.1976107930621889
52740.0,1.1962924553092127
52800.0,1.1949761888426116
52860.0,1.1936619904653891
52920.0,1.1923498569820834
52980.0,1.191039785198793
53040.0,1.1897317719228755
53100.0,1.188425813963763
53160.0,1.1871219081323934
53220.0,1.1858200512414083
53280.0,1.1845202401051738
53340.0,1.183222471539495
53400.0,1.1819267423623936
53460.0,1.1806330493935648
53520.0,1.1793413894545648
53580.0,1.1780517593688316
53640.0,1.1767641559614068
53700.0,1.1754785760596884
53760.0,1.1741950164929036
53820.0,1.1729134740922895
53880.0,1.1716339456911131
53940.0,1.170356428124403
54000.0,1.1690809182296715
54060.0,1.1678074128464095
54120.0,1.1665359088162572
54180.0,1.1652664029830246
54240.0,1.1639988921924362
54300.0,1.1627333732928162
54360.0,1.161469843134608
54420.0,1.1602082985705375
54480.0,1.158948736455632
54540.0,1.157691153646976
54600.0,1.1564355470043641
54660.0,1.1551819133898433
54720.0,1.1539302496678683
54780.0,1.1526805527053174
54840.0,1.1514328193712635
54900.0,1.1501870465375914
54960.0,1.1489432310785643
55020.0,1.1477013698709706
55080.0,1.146461459794139
55140.0,1.1452234977297178
55200.0,1.1439874805622672
55260.0,1.1427534051788428
55320.0,1.1415212684691354
55380.0,1.1402910673254865
55440.0,1.1390627986426753
55500.0,1.1378364593184862
55560.0,1.1366120462533078
55620.0,1.1353895563502692
55680.0,1.1341689865152524
55740.0,1.1329503336566902
55800.0,1.1317335946861051
55860.0,1.1305187665177292
55920.0,1.1293058460686314
55980.0,1.1280948302587308
56040.0,1.1268857160106027
56100.0,1.1256785002499923
56160.0,1.124473179905452
56220.0,1.123269751908463
56280.0,1.122068213193446
56340.0,1.120868560697578
56400.0,1.11967079136128
56460.0,1.1184749021278733
56520.0,1.1172808899436917
56580.0,1.1160887517580949
56640.0,1.1148984845232905
56700.0,1.1137100851948019
56760.0,1.112523550731136
56820.0,1.1113388780938946
56880.0,1.1101560642477832
56940.0,1.1089751061604431
57000.0,1.1077960008028958
57060.0,1.1066187451492275
57120.0,1.105443336176693
57180.0,1.104269770865726
57240.0,1.1030980461997764
57300.0,1.1019281591657355
57360.0,1.1007601067536343
57420.0,1.099593885956742
57480.0,1.0984294937715755
57540.0,1.0972669271977442
57600.0,1.0961061832383556
57660.0,1.094947258899726
57720.0,1.0937901511914754
57780.0,1.0926348571265354
57840.0,1.0914813737210023
57900.0,1.0903296979945212
57960.0,1.0891798269700115
58020.0,1.0880317576737573
58080.0,1.0868854871354134
58140.0,1.0857410123878657
58200.0,1.0845983304675968
58260.0,1.0834574384144247
58320.0,1.0823183332715876
58380.0,1.08118101208575
58440.0,1.0800454719068688
58500.0,1.078911709788543
58560.0,1.077779722787762
58620.0,1.0766495079649874
58680.0,1.0755210623841591
58740.0,1.0743943831125666
58800.0,1.0732694672211813
58860.0,1.0721463117844179
58920.0,1.071024913880211
58980.0,1.0699052705900205
59040.0,1.0687873789987095
59100.0,1.0676712361948595
59160.0,1.066556839270544
59220.0,1.0654441853214007
59280.0,1.064333271446636
59340.0,1.0632240947489082
59400.0,1.0621166523346288
59460.0,1.0610109413137447
59520.0,1.0599069587998082
59580.0,1.0588047019099798
59640.0,1.0577041677649175
59700.0,1.0566053534890634
59760.0,1.0555082562104356
59820.0,1.0544128730606948
59880.0,1.0533192011751462
59940.0,1.0522272376926354
60000.0,1.051136979755818
60060.0,1.050048424510965
60120.0,1.048961569108022
60180.0,1.047876410700614
60240.0,1.0467929464459433
60300.0,1.0457111735050486
60360.0,1.0446310890426165
60420.0,1.0435526902270402
60480.0,1.0424759742304222
60540.0,1.0414009382284772
60600.0,1.040327579400779
60660.0,1.039255894930579
60720.0,1.0381858820048648
60780.0,1.0371175378143596
60840.0,1.0360508595534308
60900.0,1.0349858444203246
60960.0,1.0339224896169934
61020.0,1.0328607923491495
61080.0,1.0318007498262667
61140.0,1.0307423592614913
61200.0,1.0296856178718652
61260.0,1.0286305228781623
61320.0,1.0275770715049388
61380.0,1.0265252609805338
61440.0,1.0254750885369857
61500.0,1.0244265514102426
61560.0,1.023379646840008
61620.0,1.0223343720697866
61680.0,1.021290724346886
61740.0,1.0202487009223358
61800.0,1.0192082990510887
61860.0,1.018169515991872
61920.0,1.0171323490072324
61980.0,1.016096795363536
62040.0,1.0150628523308918
62100.0,1.0140305171833424
62160.0,1.0129997871987226
62220.0,1.0119706596587015
62280.0,1.0109431318487827
62340.0,1.0099172010582307
62400.0,1.008892864580252
62460.0,1.0078701197118614
62520.0,1.0068489637539195
62580.0,1.0058293940111351
62640.0,1.0048114077919932
62700.0,1.003795002408928
62760.0,1.0027801751781944
62820.0,1.0017669234199047
62880.0,1.0007552444580292
62940.0,0.9997451356203279
63000.0,0.9987365942385156
63060.0,0.9977296176481382
63120.0,0.9967242031886081
63180.0,0.9957203482032042
63240.0,0.994718050039007
63300.0,0.9937173060470545
63360.0,0.9927181135822251
63420.0,0.9917204700032703
63480.0,0.9907243726728149
63540.0,0.9897298189572944
63600.0,0.988736806227104
63660.0,0.9877453318564858
63720.0,0.9867553932235608
63780.0,0.9857669877103274
63840.0,0.9847801127026036
63900.0,0.9837947655901659
63960.0,0.9828109437666436
64020.0,0.981828644629548
64080.0,0.9808478655802714
64140.0,0.9798686040240304
64200.0,0.9788908573700001
64260.0,0.9779146230312111
64320.0,0.976939898424578
64380.0,0.975966680970898
64440.0,0.9749949680947971
64500.0,0.9740247572248564
64560.0,0.9730560457935145
64620.0,0.9720888312370947
64680.0,0.9711231109958042
64740.0,0.970158882513714
64800.0,0.9691961432387809
64860.0,0.9682348912030161
64920.0,0.9672751212138253
64980.0,0.9663168335067276
65040.0,0.965360025032071
65100.0,0.9644046926603261
65160.0,0.9634508348233582
65220.0,0.9624984482712096
65280.0,0.9615475308650344
65340.0,0.9605980799699665
65400.0,0.9596500930575586
65460.0,0.9587035675993633
65520.0,0.9577585011014912
65580.0,0.9568148910710624
65640.0,0.9558727349592054
65700.0,0.9549320302451965
65760.0,0.9539927744083118
65820.0,0.953054965024606
65880.0,0.9521185996517936
65940.0,0.9511836757216218
66000.0,0.9502501907330864
66060.0,0.9493181421851832
66120.0,0.9483875276801108
66180.0,0.947458344805409
66240.0,0.946530591045375
66300.0,0.9456042639464723
66360.0,0.9446793610601637
66420.0,0.943755879928807
66480.0,0.9428338181043221
66540.0,0.9419131731545476
66600.0,0.9409939426450474
66660.0,0.9400761241457699
66720.0,0.9391597152268883
66780.0,0.938244713464307
66840.0,0.9373311164415349
66900.0,0.9364189217443206
66960.0,0.9355081269626163
67020.0,0.9345987296828264
67080.0,0.9336907274980668
67140.0,0.932784118011658
67200.0,0.931878898827126
67260.0,0.9309750675518632
67320.0,0.9300726217932593
67380.0,0.9291715591638214
67440.0,0.9282718772829174
67500.0,0.9273735737717861
67560.0,0.9264766462553636
67620.0,0.9255810923632777
67680.0,0.9246869097285315
67740.0,0.9237940959870562
67800.0,0.922902648778993
67860.0,0.9220125657482238
67920.0,0.9211238445441734
67980.0,0.9202364828194247
68040.0,0.9193504782289053
68100.0,0.9184658284322131
68160.0,0.9175825310927656
68220.0,0.9167005838780552
68280.0,0.9158199844593112
68340.0,0.9149407305113834
68400.0,0.9140628197130727
68460.0,0.9131862497470109
68520.0,0.9123110182988806
68580.0,0.9114371230584469
68640.0,0.9105645617199086
68700.0,0.9096933319808931
68760.0,0.9088234315428239
68820.0,0.9079548581102247
68880.0,0.9070876093916408
68940.0,0.9062216830999532
69000.0,0.9053570769514804
69060.0,0.9044937886663064
69120.0,0.9036318159679716
69180.0,0.9027711565838827
69240.0,0.9019118082454528
69300.0,0.9010537686877006
69360.0,0.9001970356493978
69420.0,0.8993416068728708
69480.0,0.8984874801042624
69540.0,0.8976346530936213
69600.0,0.8967831235946467
69660.0,0.8959328893647818
69720.0,0.8950839481649049
69780.0,0.8942362977597382
69840.0,0.8933899359179872
69900.0,0.8925448604119416
69960.0,0.8917010690176217
70020.0,0.8908585595143684
70080.0,0.8900173296853855
70140.0,0.8891773773179249
70200.0,0.8883387002027577
70260.0,0.8875012961343676
70320.0,0.8866651629105261
70380.0,0.8858302983328549
70440.0,0.884996700207017
70500.0,0.8841643663421692
70560.0,0.8833332945511623
70620.0,0.8825034826502076
70680.0,0.8816749284592594
70740.0,0.8808476298022053
70800.0,0.8800215845064363
70860.0,0.8791967904029931
70920.0,0.8783732453265818
70980.0,0.8775509471155479
71040.0,0.876729893611863
71100.0,0.8759100826611449
71160.0,0.875091512112646
71220.0,0.8742741798191909
71280.0,0.8734580836372409
71340.0,0.872643221426924
71400.0,0.8718295910519561
71460.0,0.8710171903796631
71520.0,0.8702060172809881
71580.0,0.8693960696304756
71640.0,0.8685873453062591
71700.0,0.8677798421900739
71760.0,0.8669735581672465
71820.0,0.8661684911267032
71880.0,0.865364638960953
71940.0,0.8645619995660766
72000.0,0.8637605708417383
72060.0,0.8629603506911763
72120.0,0.8621613370211867
72180.0,0.8613635277421343
72240.0,0.8605669207679563
72300.0,0.8597715140161416
72360.0,0.8589773054077335
72420.0,0.8581842928673061
72480.0,0.8573924743229824
72540.0,0.8566018477064418
72600.0,0.8558124109528913
72660.0,0.8550241620010702
72720.0,0.8542370987932374
72780.0,0.8534512192751772
72840.0,0.8526665213961999
72900.0,0.851883003109127
72960.0,0.851100662370291
73020.0,0.8503194971395309
73080.0,0.8495395053801882
73140.0,0.8487606850591031
73200.0,0.8479830341466096
73260.0,0.8472065506165324
73320.0,0.8464312324461802
73380.0,0.8456570776163442
73440.0,0.8448840841112939
73500.0,0.844112249918772
73560.0,0.84334157302999
73620.0,0.8425720514396189
73680.0,0.8418036831457911
73740.0,0.8410364661501003
73800.0,0.8402703984575893
73860.0,0.8395054780767487
73920.0,0.8387417030195053
73980.0,0.8379790713012268
74040.0,0.8372175809407203
74100.0,0.8364572299602197
74160.0,0.8356980163853848
74220.0,0.8349399382452923
74280.0,0.8341829935724367
74340.0,0.8334271804027282
74400.0,0.832672496775483
74460.0,0.8319189407334213
74520.0,0.8311665103226591
74580.0,0.8304152035927083
74640.0,0.8296650185964729
74700.0,0.8289159533902422
74760.0,0.8281680060336862
74820.0,0.8274211745898502
74880.0,0.826675457125152
74940.0,0.8259308517093803
75000.0,0.8251873564156859
75060.0,0.8244449693205791
75120.0,0.8237036885039217
75180.0,0.8229635120489266
75240.0,0.8222244380421551
75300.0,0.8214864645735085
75360.0,0.8207495897362247
75420.0,0.8200138116268711
75480.0,0.8192791283453438
75540.0,0.8185455379948641
75600.0,0.8178130386819712
75660.0,0.8170816285165184
75720.0,0.8163513056116661
75780.0,0.8156220680838806
75840.0,0.8148939140529309
75900.0,0.8141668416418809
75960.0,0.8134408489770861
76020.0,0.8127159341881871
76080.0,0.8119920954081074
76140.0,0.81126933077305
76200.0,0.8105476384224904
76260.0,0.8098270164991731
76320.0,0.8091074631491048
76380.0,0.8083889765215522
76440.0,0.807671554769039
76500.0,0.8069551960473382
76560.0,0.8062398985154692
76620.0,0.805525660335691
76680.0,0.8048124796734993
76740.0,0.8041003546976243
76800.0,0.8033892835800224
76860.0,0.8026792644958733
76920.0,0.8019702956235736
76980.0,0.8012623751447339
77040.0,0.8005555012441756
77100.0,0.799849672109924
77160.0,0.7991448859332043
77220.0,0.7984411409084363
77280.0,0.7977384352332307
77340.0,0.7970367671083853
77400.0,0.7963361347378792
77460.0,0.7956365363288685
77520.0,0.7949379700916805
77580.0,0.7942404342398107
77640.0,0.7935439269899184
77700.0,0.7928484465618213
77760.0,0.7921539911784907
77820.0,0.791460559066047
77880.0,0.7907681484537548
77940.0,0.7900767575740197
78000.0,0.7893863846623825
78060.0,0.788697027957515
78120.0,0.788008685701214
78180.0,0.7873213561383983
78240.0,0.7866350375171044
78300.0,0.7859497280884807
78360.0,0.7852654261067832
78420.0,0.7845821298293705
78480.0,0.7838998375166999
78540.0,0.7832185474323228
78600.0,0.7825382578428796
78660.0,0.7818589670180951
78720.0,0.781180673230774
78780.0,0.7805033747567961
78840.0,0.7798270698751123
78900.0,0.7791517568677393
78960.0,0.7784774340197552
79020.0,0.7778040996192948
79080.0,0.7771317519575451
79140.0,0.7764603893287408
79200.0,0.7757900100301593
79260.0,0.7751206123621163
79320.0,0.7744521946279609
79380.0,0.7737847551340714
79440.0,0.7731182921898506
79500.0,0.7724528041077208
79560.0,0.7717882892031197
79620.0,0.7711247457944955
79680.0,0.7704621722033024
79740.0,0.7698005667539956
79800.0,0.769139927774027
79860.0,0.7684802535938405
79920.0,0.7678215425468679
79980.0,0.7671637929695231
80040.0,0.7665070032011987
80100.0,0.7658511715842603
80160.0,0.765196296464043
80220.0,0.7645423761888462
80280.0,0.7638894091099293
80340.0,0.7632373935815062
80400.0,0.7625863279607413
80460.0,0.7619362106077454
80520.0,0.7612870398855704
80580.0,0.7606388141602055
80640.0,0.7599915318005709
80700.0,0.7593451911785148
80760.0,0.7586997906688082
80820.0,0.7580553286491409
80880.0,0.7574118035001165
80940.0,0.7567692136052467
81000.0,0.7561275573509484
81060.0,0.7554868331265381
81120.0,0.7548470393242286
81180.0,0.754208174339123
81240.0,0.7535702365692101
81300.0,0.7529332244153606
81360.0,0.7522971362813219
81420.0,0.7516619705737149
81480.0,0.751027725702028
81540.0,0.7503944000786122
81600.0,0.7497619921186777
81660.0,0.7491305002402883
81720.0,0.748499922864359
81780.0,0.7478702584146488
81840.0,0.7472415053177572
81900.0,0.7466136620031193
81960.0,0.7459867269030016
82020.0,0.7453606984524987
82080.0,0.7447355750895269
82140.0,0.7441113552548193
82200.0,0.7434880373919228
82260.0,0.7428656199471926
82320.0,0.7422441013697892
82380.0,0.7416234801116723
82440.0,0.7410037546275958
82500.0,0.7403849233751041
82560.0,0.7397669848145281
82620.0,0.7391499374089806
82680.0,0.7385337796243516
82740.0,0.7379185099293022
82800.0,0.7373041267952617
82860.0,0.736690628696423
82920.0,0.7360780141097388
82980.0,0.7354662815149162
83040.0,0.7348554293944107
83100.0,0.7342454562334237
83160.0,0.7336363605198977
83220.0,0.7330281407445124
83280.0,0.7324207954006793
83340.0,0.731814322984536
83400.0,0.7312087219949438
83460.0,0.7306039909334819
83520.0,0.7300001283044454
83580.0,0.7293971326148381
83640.0,0.7287950023743677
83700.0,0.728193736095443
83760.0,0.7275933322931689
83820.0,0.7269937894853434
83880.0,0.7263951061924512
83940.0,0.7257972809376584
84000.0,0.72520031224681
84060.0,0.7246041986484251
84120.0,0.724008938673693
84180.0,0.7234145308564682
84240.0,0.722820973733264
84300.0,0.7222282658432506
84360.0,0.7216364057282498
84420.0,0.7210453919327323
84480.0,0.7204552230038114
84540.0,0.7198658974912368
84600.0,0.7192774139473934
84660.0,0.7186897709272957
84720.0,0.7181029669885848
84780.0,0.717517000691522
84840.0,0.716931870598984
84900.0,0.71634757527646
84960.0,0.7157641132920468
85020.0,0.7151814832164464
85080.0,0.7145996836229591
85140.0,0.714018713087478
85200.0,0.7134385701884874
85260.0,0.7128592535070574
85320.0,0.7122807616268406
85380.0,0.7117030931340669
85440.0,0.7111262466175372
85500.0,0.7105502206686213
85560.0,0.7099750138812533
85620.0,0.7094006248519287
85680.0,0.7088270521796979
85740.0,0.7082542944661606
85800.0,0.7076823503154642
85860.0,0.7071112183342982
85920.0,0.7065408971318923
85980.0,0.705971385320009
86040.0,0.7054026815129392
86100.0,0.7048347843274991
86160.0,0.7042676923830266
86220.0,0.7037014043013762
86280.0,0.7031359187069154
86340.0,0.7025712342265188
86400.0,0.702007349489565
86460.0,0.7014442634616311
86520.0,0.7008819730662059
86580.0,0.7003204785500152
86640.0,0.6997597784570728
86700.0,0.6991998715970023
86760.0,0.6986407561378141
86820.0,0.6980824311255431
86880.0,0.6975248948526911
86940.0,0.6969681462500854
87000.0,0.6964121839010518
87060.0,0.6958570064592196
87120.0,0.6953026125696735
87180.0,0.6947490008696396
87240.0,0.6941961700180515
87300.0,0.6936441186648408
87360.0,0.693092845481576
87420.0,0.6925423491465599
87480.0,0.6919926283006428
87540.0,0.6914436816013488
87600.0,0.6908955077450033
87660.0,0.69034810543531
87720.0,0.689801473335149
87780.0,0.689255610131309
87840.0,0.6887105145063719
87900.0,0.6881661851500374
87960.0,0.6876226207606714
88020.0,0.6870798200366974
88080.0,0.686537781679905
88140.0,0.6859965043827215
88200.0,0.6854559868464634
88260.0,0.6849162277838311
88320.0,0.6843772259050365
88380.0,0.683838979923133
88440.0,0.6833014885421378
88500.0,0.6827647504740639
88560.0,0.6822287644412515
88620.0,0.6816935291634175
88680.0,0.6811590433626324
88740.0,0.6806253057599213
88800.0,0.6800923150801371
88860.0,0.6795600700526274
88920.0,0.6790285694075294
88980.0,0.6784978118771938
89040.0,0.6779677961980061
89100.0,0.6774385211077742
89160.0,0.6769099853453728
89220.0,0.676382187652727
89280.0,0.6758551267740505
89340.0,0.675328801457269
89400.0,0.6748032104519792
89460.0,0.6742783525091682
89520.0,0.673754226382767
89580.0,0.6732308308290531
89640.0,0.6727081646061028
89700.0,0.6721862264745769
89760.0,0.6716650151978292
89820.0,0.6711445295413073
89880.0,0.6706247682727838
89940.0,0.670105730161143
90000.0,0.66958741397812
90060.0,0.6690698184985374
90120.0,0.668552942498985
90180.0,0.6680367847583266
90240.0,0.6675213440569383
90300.0,0.6670066191778012
90360.0,0.6664926089066515
90420.0,0.665979312031149
90480.0,0.6654667273411965
90540.0,0.6649548536286112
90600.0,0.6644436896875956
90660.0,0.663933234314803
90720.0,0.6634234863089783
90780.0,0.6629144444710958
90840.0,0.6624061076040484
90900.0,0.6618984745130935
90960.0,0.661391544005914
91020.0,0.6608853148922793
91080.0,0.6603797859841753
91140.0,0.6598749560953434
91200.0,0.6593708240419417
91260.0,0.6588673886426359
91320.0,0.6583646487180965
91380.0,0.6578626030911912
91440.0,0.6573612505864569
91500.0,0.6568605900308576
91560.0,0.6563606202538884
91620.0,0.6558613400869987
91680.0,0.6553627483638139
91740.0,0.654864843919637
91800.0,0.6543676255921629
91860.0,0.6538710922215772
91920.0,0.6533752426500118
91980.0,0.6528800757217538
92040.0,0.6523855902828684
92100.0,0.6518917851816746
92160.0,0.6513986592688665
92220.0,0.6509062113970995
92280.0,0.6504144404211367
92340.0,0.6499233451978711
92400.0,0.6494329245862895
92460.0,0.6489431774474601
92520.0,0.6484541026445572
92580.0,0.6479656990428474
92640.0,0.6474779655096277
92700.0,0.6469909009142958
92760.0,0.6465045041283648
92820.0,0.6460187740253961
92880.0,0.6455337094810187
92940.0,0.6450493093729516
93000.0,0.6445655725809659
93060.0,0.6440824979868726
93120.0,0.6436000844745469
93180.0,0.6431183309299148
93240.0,0.642637236240975
93300.0,0.6421567992977621
93360.0,0.6416770189923342
93420.0,0.6411978942187977
93480.0,0.6407194238732938
93540.0,0.6402416068539906
93600.0,0.6397644420610842
93660.0,0.6392879283967976
93720.0,0.6388120647653713
93780.0,0.6383368500730625
93840.0,0.6378622832281277
93900.0,0.6373883631408357
93960.0,0.6369150887234685
94020.0,0.636442458890303
94080.0,0.6359704725576127
94140.0,0.6354991286436638
94200.0,0.6350284260687113
94260.0,0.6345583637549961
94320.0,0.6340889406267404
94380.0,0.633620155610144
94440.0,0.6331520076333907
94500.0,0.6326844956266325
94560.0,0.6322176185219818
94620.0,0.6317513752535192
94680.0,0.6312857647572857
94740.0,0.6308207859712864
94800.0,0.6303564378354778
94860.0,0.629892719291761
94920.0,0.6294296292839876
94980.0,0.6289671667579515
95040.0,0.6285053306613877
95100.0,0.6280441199439668
95160.0,0.6275835335572912
95220.0,0.627123570454893
95280.0,0.6266642295922291
95340.0,0.6262055099266788
95400.0,0.6257474104175396
95460.0,0.6252899300260235
95520.0,0.6248330677152544
95580.0,0.6243768224502629
95640.0,0.6239211931979869
95700.0,0.6234661789272635
95760.0,0.623011778608826
95820.0,0.6225579912153019
95880.0,0.6221048157212091
95940.0,0.621652251102956
96000.0,0.6212002963388331
96060.0,0.6207489504090081
96120.0,0.6202982122955268
96180.0,0.6198480809823081
96240.0,0.6193985554551436
96300.0,0.6189496347016901
96360.0,0.6185013177114648
96420.0,0.618053603475846
96480.0,0.6176064909880676
96540.0,0.6171599792432189
96600.0,0.6167140672382366
96660.0,0.6162687539719028
96720.0,0.6158240384448421
96780.0,0.6153799196595183
96840.0,0.6149363966202329
96900.0,0.6144934683331189
96960.0,0.6140511338061365
97020.0,0.6136093920490725
97080.0,0.6131682420735357
97140.0,0.6127276828929559
97200.0,0.6122877135225776
97260.0,0.6118483329794557
97320.0,0.6114095402824545
97380.0,0.6109713344522439
97440.0,0.6105337145112983
97500.0,0.61009667948389
97560.0,0.6096602283960847
97620.0,0.6092243602757413
97680.0,0.6087890741525075
97740.0,0.6083543690578193
97800.0,0.6079202440248936
97860.0,0.6074866980887248
97920.0,0.6070537302860833
97980.0,0.6066213396555125
98040.0,0.6061895252373265
98100.0,0.6057582860736048
98160.0,0.6053276212081877
98220.0,0.6048975296866755
98280.0,0.6044680105564247
98340.0,0.6040390628665467
98400.0,0.6036106856679019
98460.0,0.6031828780130949
98520.0,0.6027556389564743
98580.0,0.6023289675541287
98640.0,0.6019028628638853
98700.0,0.6014773239453038
98760.0,0.6010523498596727
98820.0,0.6006279396700079
98880.0,0.6002040924410494
98940.0,0.5997808072392598
99000.0,0.5993580831328181
99060.0,0.5989359191916162
99120.0,0.5985143144872571
99180.0,0.5980932680930522
99240.0,0.5976727790840197
99300.0,0.5972528465368785
99360.0,0.5968334695300437
99420.0,0.5964146471436266
99480.0,0.5959963784594304
99540.0,0.5955786625609498
99600.0,0.5951614985333638
99660.0,0.5947448854635322
99720.0,0.5943288224399957
99780.0,0.5939133085529708
99840.0,0.5934983428943493
99900.0,0.5930839245576929
99960.0,0.5926700526382276
100020.0,0.5922567262328448
100080.0,0.5918439444400961
100140.0,0.5914317063601937
100200.0,0.591020011095003
100260.0,0.5906088577480391
100320.0,0.5901982454244664
100380.0,0.5897881732310949
100440.0,0.5893786402763784
100500.0,0.5889696456704098
100560.0,0.5885611885249156
100620.0,0.5881532679532568
100680.0,0.5877458830704241
100740.0,0.5873390329930376
100800.0,0.5869327168393406
100860.0,0.586526933729195
100920.0,0.5861216827840818
100980.0,0.585716963127097
101040.0,0.58531277388295
101100.0,0.5849091141779584
101160.0,0.5845059831400442
101220.0,0.5841033798987326
101280.0,0.5837013035851487
101340.0,0.5832997533320167
101400.0,0.5828987282736535
101460.0,0.5824982275459654
101520.0,0.5820982502864469
101580.0,0.5816987956341778
101640.0,0.5812998627298218
101700.0,0.5809014507156207
101760.0,0.5805035587353905
101820.0,0.5801061859345209
101880.0,0.5797093314599718
101940.0,0.5793129944602724
102000.0,0.578917174085515
102060.0,0.5785218694873517
102120.0,0.5781270798189937
102180.0,0.5777328042352071
102240.0,0.5773390418923132
102300.0,0.5769457919481819
102360.0,0.5765530535622275
102420.0,0.5761608258954095
102480.0,0.5757691081102277
102540.0,0.5753778993707224
102600.0,0.574987198842468
102660.0,0.5745970056925689
102720.0,0.5742073190896603
102780.0,0.573818138203903
102840.0,0.5734294622069842
102900.0,0.5730412902721104
102960.0,0.5726536215740041
103020.0,0.5722664552889042
103080.0,0.5718797905945608
103140.0,0.5714936266702363
103200.0,0.571107962696698
103260.0,0.5707227978562152
103320.0,0.5703381313325588
103380.0,0.5699539623109977
103440.0,0.5695702899782977
103500.0,0.5691871135227162
103560.0,0.5688044321339986
103620.0,0.5684222450033771
103680.0,0.5680405513235682
103740.0,0.5676593502887716
103800.0,0.5672786410946639
103860.0,0.5668984229383959
103920.0,0.5665186950185918
103980.0,0.5661394565353454
104040.0,0.5657607066902203
104100.0,0.5653824446862431
104160.0,0.5650046697279006
104220.0,0.5646273810211391
104280.0,0.5642505777733607
104340.0,0.5638742591934234
104400.0,0.5634984244916343
104460.0,0.5631230728797474
104520.0,0.5627482035709619
104580.0,0.5623738157799197
104640.0,0.5619999087227043
104700.0,0.5616264816168356
104760.0,0.5612535336812654
104820.0,0.5608810641363784
104880.0,0.5605090722039876
104940.0,0.5601375571073344
105000.0,0.5597665180710827
105060.0,0.5593959543213153
105120.0,0.5590258650855341
105180.0,0.5586562495926558
105240.0,0.5582871070730121
105300.0,0.5579184367583437
105360.0,0.557550237881797
105420.0,0.5571825096779237
105480.0,0.5568152513826774
105540.0,0.5564484622334134
105600.0,0.5560821414688826
105660.0,0.5557162883292279
105720.0,0.555350902055985
105780.0,0.5549859818920779
105840.0,0.5546215270818187
105900.0,0.5542575368709021
105960.0,0.5538940105064022
106020.0,0.5535309472367721
106080.0,0.5531683463118403
106140.0,0.5528062069828104
106200.0,0.5524445285022556
106260.0,0.552083310124115
106320.0,0.5517225511036942
106380.0,0.5513622506976609
106440.0,0.5510024081640449
106500.0,0.5506430227622328
106560.0,0.5502840937529643
106620.0,0.5499256203983321
106680.0,0.5495676019617788
106740.0,0.5492100377080957
106800.0,0.5488529269034184
106860.0,0.5484962688152225
106920.0,0.5481400627123241
106980.0,0.5477843078648761
107040.0,0.5474290035443679
107100.0,0.5470741490236196
107160.0,0.5467197435767797
107220.0,0.5463657864793234
107280.0,0.546012277008051
107340.0,0.5456592144410857
107400.0,0.5453065980578696
107460.0,0.54495442713916
107520.0,0.5446027009670289
107580.0,0.5442514188248602
107640.0,0.5439005799973486
107700.0,0.5435501837704957
107760.0,0.5432002294316046
107820.0,0.5428507162692816
107880.0,0.542501643573432
107940.0,0.5421530106352584
108000.0,0.5418048167472587
108060.0,0.5414570614046567
108120.0,0.5411097430742702
108180.0,0.5407628615236745
108240.0,0.5404164164322812
108300.0,0.540070406849936
108360.0,0.53972483205518
108420.0,0.5393796916777575
108480.0,0.5390349845387816
108540.0,0.5386907101704757
108600.0,0.5383468679429049
108660.0,0.5380034571135864
108720.0,0.5376604769888652
108780.0,0.5373179268750861
108840.0,0.5369758060764609
108900.0,0.536634113894269
108960.0,0.5362928496374503
109020.0,0.5359520126116213
109080.0,0.5356116021223986
109140.0,0.5352716174907295
109200.0,0.534932058058643
109260.0,0.5345929231131009
109320.0,0.5342542119649554
109380.0,0.5339159239250584
109440.0,0.5335780583233326
109500.0,0.5332406145226142
109560.0,0.5329035918201255
109620.0,0.5325669895425664
109680.0,0.5322308070183374
109740.0,0.531895043575436
109800.0,0.5315596985399319
109860.0,0.5312247712468292
109920.0,0.5308902610295826
109980.0,0.5305561672231593
110040.0,0.5302224891626705
110100.0,0.5298892261823765
110160.0,0.5295563776227624
110220.0,0.5292239428237093
110280.0,0.5288919211264891
110340.0,0.5285603118717256
110400.0,0.5282291143979141
110460.0,0.5278983280519564
110520.0,0.5275679521789932
110580.0,0.5272379861253744
110640.0,0.5269084292377807
110700.0,0.5265792808625859
110760.0,0.5262505403503943
110820.0,0.5259222070516624
110880.0,0.5255942803179765
110940.0,0.5252667595022946
111000.0,0.5249396439591191
111060.0,0.5246129330432573
111120.0,0.5242866261110185
111180.0,0.5239607225198638
111240.0,0.5236352216287415
111300.0,0.5233101227983302
111360.0,0.522985425389308
111420.0,0.5226611287640232
111480.0,0.5223372322860054
111540.0,0.522013735319921
111600.0,0.5216906372315383
111660.0,0.5213679373879663
111720.0,0.5210456351574247
111780.0,0.5207237299093112
111840.0,0.5204022210139493
111900.0,0.5200811078424066
111960.0,0.519760389767794
112020.0,0.5194400661640117
112080.0,0.5191201364061149
112140.0,0.5188005998701123
112200.0,0.5184814559328182
112260.0,0.5181627039728992
112320.0,0.5178443433698643
112380.0,0.5175263735043597
112440.0,0.5172087937580622
112500.0,0.5168916035136003
112560.0,0.5165748021551094
112620.0,0.5162583890676964
112680.0,0.5159423636375958
112740.0,0.515626725252085
112800.0,0.5153114732994222
112860.0,0.5149966071692862
112920.0,0.5146821262523525
112980.0,0.5143680299404164
113040.0,0.5140543176262834
113100.0,0.5137409887036886
113160.0,0.5134280425678669
113220.0,0.5131154786150033
113280.0,0.5128032962423927
113340.0,0.5124914948483128
113400.0,0.5121800738319303
113460.0,0.5118690325939632
113520.0,0.5115583705360418
113580.0,0.5112480870608954
113640.0,0.5109381815722271
113700.0,0.510628653474623
113760.0,0.5103195021741987
113820.0,0.5100107270779757
113880.0,0.5097023275940626
113940.0,0.509394303131562
114000.0,0.5090866531004739
114060.0,0.5087793769121928
114120.0,0.508472473979047
114180.0,0.5081659437144267
114240.0,0.5078597855327898
114300.0,0.5075539988496673
114360.0,0.5072485830816222
114420.0,0.5069435376462833
114480.0,0.5066388619623334
114540.0,0.5063345554494942
114600.0,0.5060306175285106
114660.0,0.5057270476212189
114720.0,0.5054238451504797
114780.0,0.5051210095401946
114840.0,0.5048185402153105
114900.0,0.504516436601825
114960.0,0.5042146981267468
115020.0,0.5039133242181283
115080.0,0.5036123143050534
115140.0,0.5033116678176418
115200.0,0.5030113841870536
115260.0,0.5027114628454536
115320.0,0.5024119032260409
115380.0,0.5021127047630372
115440.0,0.5018138668916844
115500.0,0.5015153890482419
115560.0,0.5012172706699896
115620.0,0.500919511195221
115680.0,0.5006221100632434
115740.0,0.5003250667143719
115800.0,0.5000283805899252
115860.0,0.49973205113223895
115920.0,0.4994360777846499
115980.0,0.49914045999149714
116040.0,0.4988451971981211
116100.0,0.4985502888508617
116160.0,0.4982557343970545
116220.0,0.4979615332850303
116280.0,0.49766768496411296
116340.0,0.4973741888846197
116400.0,0.4970810444978619
116460.0,0.4967882512561294
116520.0,0.4964958086127013
116580.0,0.49620371602184027
116640.0,0.4959119729387924
116700.0,0.4956205788197875
116760.0,0.49532953312202704
116820.0,0.4950388353036914
116880.0,0.4947484848239356
116940.0,0.4944584811428874
117000.0,0.4941688237216463
117060.0,0.49387951202227903
117120.0,0.49359054550782006
117180.0,0.4933019236422688
117240.0,0.49301364589058827
117300.0,0.49272571171870266
117360.0,0.49243812059349557
117420.0,0.4921508719828082
117480.0,0.4918639653554375
117540.0,0.4915774001811351
117600.0,0.49129117593060573
117660.0,0.49100529207550214
117720.0,0.49071974808842633
117780.0,0.4904345434429268
117840.0,0.4901496776134978
117900.0,0.4898651500755788
117960.0,0.4895809603055462
118020.0,0.48929710778071756
118080.0,0.48901359197934774
118140.0,0.4887304123806283
118200.0,0.48844756846468645
118260.0,0.48816505971257834
118320.0,0.4878828856062917
118380.0,0.4876010456287429
118440.0,0.4873195392637755
118500.0,0.48703836599615974
118560.0,0.4867575253115863
118620.0,0.4864770166966684
118680.0,0.4861968396389389
118740.0,0.48591699362684915
118800.0,0.48563747814976777
118860.0,0.48535829269797554
118920.0,0.4850794367626666
118980.0,0.48480090983594604
119040.0,0.48452271141082853
119100.0,0.4842448409812375
119160.0,0.48396729804199945
119220.0,0.4836900820888455
119280.0,0.4834131926184091
119340.0,0.4831366291282246
119400.0,0.4828603911167265
119460.0,0.4825844780832434
119520.0,0.4823088895280002
119580.0,0.4820336249521151
119640.0,0.48175868385759885
119700.0,0.48148406574735353
119760.0,0.48120977012516686
119820.0,0.48093579649571416
119880.0,0.4806621443645558
119940.0,0.4803888132381356
120000.0,0.4801158026237806
120060.0,0.47984311202969493
120120.0,0.4795707409649616
120180.0,0.4792986889395403
120240.0,0.4790269554642658
120300.0,0.47875554005084736
120360.0,0.478484442211863
120420.0,0.4782136614607614
120480.0,0.47794319731185914
120540.0,0.4776730492803399
120600.0,0.47740321688225323
120660.0,0.47713369963450913
120720.0,0.47686449705487993
120780.0,0.47659560866199757
120840.0,0.47632703397535264
120900.0,0.47605877251529344
120960.0,0.47579082380302035
121020.0,0.47552318736058785
121080.0,0.47525586271090187
121140.0,0.4749888493777186
121200.0,0.47472214688564385
121260.0,0.4744557547601273
121320.0,0.4741896725274645
121380.0,0.47392389971479426
121440.0,0.4736584358500976
121500.0,0.4733932804621969
121560.0,0.4731284330807505
121620.0,0.47286389323625433
121680.0,0.4725996604600395
121740.0,0.47233573428427134
121800.0,0.4720721142419482
121860.0,0.4718087998668967
121920.0,0.4715457906937729
121980.0,0.47128308625806
122040.0,0.4710206860960673
122100.0,0.47075858974492957
122160.0,0.4704967967426013
122220.0,0.4702353066278589
122280.0,0.4699741189402978
122340.0,0.46971323322033176
122400.0,0.46945264900919204
122460.0,0.46919236584892166
122520.0,0.46893238328237774
122580.0,0.46867270085322865
122640.0,0.4684133181059531
122700.0,0.4681542345858393
122760.0,0.46789544983897985
122820.0,0.46763696341227334
122880.0,0.46737877485342194
122940.0,0.46712088371093036
123000.0,0.4668632895341052
123060.0,0.46660599187304963
123120.0,0.46634899027866494
123180.0,0.4660922843026485
123240.0,0.4658358734974924
123300.0,0.4655797574164829
123360.0,0.46532393561369517
123420.0,0.4650684076439951
123480.0,0.4648131730630367
123540.0,0.4645582314272613
123600.0,0.4643035822938969
123660.0,0.4640492252209526
123720.0,0.46379515976722063
123780.0,0.46354138549227397
123840.0,0.4632879019564653
123900.0,0.46303470872092617
123960.0,0.4627818053475621
124020.0,0.4625291913990541
124080.0,0.4622768664388564
124140.0,0.4620248300311955
124200.0,0.46177308174106946
124260.0,0.4615216211342426
124320.0,0.4612704477772475
124380.0,0.4610195612373826
124440.0,0.46076896108271087
124500.0,0.46051864688205985
124560.0,0.4602686182050157
124620.0,0.4600188746219257
124680.0,0.4597694157038954
124740.0,0.4595202410227879
124800.0,0.45927135015122306
124860.0,0.45902274266257265
124920.0,0.45877441813096176
124980.0,0.45852637613126673
125040.0,0.4582786162391143
125100.0,0.4580311380308806
125160.0,0.45778394108368625
125220.0,0.4575370249753984
125280.0,0.457290389284628
125340.0,0.4570440335907292
125400.0,0.45679795747379837
125460.0,0.45655216051466946
125520.0,0.4563066422949154
125580.0,0.45606140239684617
125640.0,0.45581644040350755
125700.0,0.45557175589868054
125760.0,0.45532734846687667
125820.0,0.4550832176933394
125880.0,0.4548393631640421
125940.0,0.45459578446568694
126000.0,0.4543524811857043
126060.0,0.45410945291224813
126120.0,0.4538666992341972
126180.0,0.4536242197411532
126240.0,0.45338201402343964
126300.0,0.45314008167210146
126360.0,0.4528984222788999
126420.0,0.4526570354363144
126480.0,0.4524159207375402
126540.0,0.4521750777764877
126600.0,0.4519345061477813
126660.0,0.4516942054467553
126720.0,0.45145417526945525
126780.0,0.45121441521263556
126840.0,0.4509749248737589
126900.0,0.4507357038509955
126960.0,0.45049675174321835
127020.0,0.4502580681500048
127080.0,0.4500196526716346
127140.0,0.44978150490908864
127200.0,0.4495436244640488
127260.0,0.4493060109388928
127320.0,0.44906866393669626
127380.0,0.4488315830612303
127440.0,0.44859476791696057
127500.0,0.4483582181090469
127560.0,0.4481219332433385
127620.0,0.4478859129263756
127680.0,0.4476501567653873
127740.0,0.44741466436829064
127800.0,0.44717943534369015
127860.0,0.44694446930087317
127920.0,0.4467097658498115
127980.0,0.4464753246011591
128040.0,0.44624114516625146
128100.0,0.446007227157105
128160.0,0.4457735701864123
128220.0,0.4455401738675438
128280.0,0.4453070378145458
128340.0,0.4450741616421394
128400.0,0.44484154496572015
128460.0,0.4446091874013533
128520.0,0.44437708856577557
128580.0,0.44414524807639294
128640.0,0.4439136655512799
128700.0,0.4436823406091789
128760.0,0.44345127286949565
128820.0,0.4432204619523009
128880.0,0.44298990747832834
128940.0,0.44275960906897377
129000.0,0.4425295663462945
129060.0,0.4422997789330047
129120.0,0.44207024645247756
129180.0,0.44184096852874244
129240.0,0.44161194478648474
129300.0,0.4413831748510449
129360.0,0.44115465834841416
129420.0,0.44092639490523616
129480.0,0.44069838414880486
129540.0,0.4404706257070631
129600.0,0.4402431192086026
129660.0,0.4400158644102222
129720.0,0.4397888605359836
129780.0,0.4395621072126857
129840.0,0.4393356046445829
129900.0,0.43910935170580134
129960.0,0.4388833488128781
130020.0,0.4386575953404981
130080.0,0.4384320909246233
130140.0,0.4382068350504365
130200.0,0.4379818275878372
130260.0,0.4377570679758332
130320.0,0.4375325558522728
130380.0,0.4373082909657836
130440.0,0.43708427291987584
130500.0,0.436860501354642
130560.0,0.43663697591017475
130620.0,0.4364136962124043
130680.0,0.43619066189358596
130740.0,0.43596787259766306
130800.0,0.4357453279617085
130860.0,0.43552302762436534
130920.0,0.4353009712318157
130980.0,0.43507915841746336
131040.0,0.434857588819634
131100.0,0.4346362620766533
131160.0,0.4344151778537095
131220.0,0.4341943357900482
131280.0,0.43397373552232876
131340.0,0.43375337669310193
131400.0,0.4335332589572867
131460.0,0.43331338198203817
131520.0,0.43309374539704026
131580.0,0.43287434884863807
131640.0,0.43265519198317665
131700.0,0.4324362744581091
131760.0,0.43221759594187725
131820.0,0.43199915606927103
131880.0,0.43178095449004333
131940.0,0.431562990853947
132000.0,0.431345264820653
132060.0,0.43112777605964364
132120.0,0.43091052421035464
132180.0,0.4306935089255816
132240.0,0.43047672985812024
132300.0,0.43026018666807725
132360.0,0.4300438790251681
132420.0,0.42982780657786274
132480.0,0.42961196898442244
132540.0,0.42939636590369296
132600.0,0.4291809969947769
132660.0,0.4289658619169312
132720.0,0.4287509603309484
132780.0,0.4285362918977669
132840.0,0.4283218562788834
132900.0,0.42810765313702626
132960.0,0.42789368213636647
133020.0,0.4276799429396771
133080.0,0.4274664352111911
133140.0,0.42725315861575325
133200.0,0.4270401128187086
133260.0,0.4268272974858666
133320.0,0.4266147122839748
133380.0,0.42640235688024225
133440.0,0.42619023094248143
133500.0,0.4259783341387062
133560.0,0.4257666661370064
133620.0,0.42555522660724093
133680.0,0.42534401521933435
133740.0,0.42513303164378224
133800.0,0.4249222755514824
133860.0,0.42471174661368155
133920.0,0.42450144450268823
133980.0,0.4242913688911557
134040.0,0.42408151945229483
134100.0,0.42387189585990576
134160.0,0.42366249778838794
134220.0,0.42345332491260596
134280.0,0.4232443769080243
134340.0,0.42303565345066774
134400.0,0.4228271542171422
134460.0,0.42261887888464134
134520.0,0.4224108271308575
134580.0,0.4222029986340714
134640.0,0.4219953930731254
134700.0,0.4217880101273614
134760.0,0.4215808494766011
134820.0,0.421373910801409
134880.0,0.4211671937828279
134940.0,0.42096069810245734
135000.0,0.4207544234423583
135060.0,0.42054836948502317
135120.0,0.42034253591377824
135180.0,0.42013692241237877
135240.0,0.4199315286651292
135300.0,0.4197263543568044
135360.0,0.41952139917262493
135420.0,0.41931666279858926
135480.0,0.41911214492113946
135540.0,0.4189078452272606
135600.0,0.41870376340442134
135660.0,0.41849989914055535
135720.0,0.41829625212431126
135780.0,0.41809282204480114
135840.0,0.4178896085916753
135900.0,0.4176866114550654
135960.0,0.4174838303255672
136020.0,0.41728126489447864
136080.0,0.4170789148535602
136140.0,0.4168767798951058
136200.0,0.416674859711881
136260.0,0.4164731539971033
136320.0,0.41627166244470404
136380.0,0.41607038474906527
136440.0,0.4158693206050976
136500.0,0.4156684697081754
136560.0,0.4154678317541164
136620.0,0.41526740643945553
136680.0,0.4150671934611693
136740.0,0.41486719251675797
136800.0,0.41466740330419327
136860.0,0.4144678255218896
136920.0,0.41426845886892555
136980.0,0.4140693030448302
137040.0,0.4138703577496434
137100.0,0.4136716226839192
137160.0,0.4134730975487275
137220.0,0.41327478204563417
137280.0,0.41307667587671815
137340.0,0.4128787787445653
137400.0,0.41268109035226125
137460.0,0.412483610403387
137520.0,0.41228633860204444
137580.0,0.41208927465283013
137640.0,0.4118924182608412
137700.0,0.411695769131679
137760.0,0.4114993269714502
137820.0,0.4113030914867473
137880.0,0.4111070623846656
137940.0,0.41091123937279694
138000.0,0.41071562215923196
138060.0,0.41052021045256115
138120.0,0.4103250039618598
138180.0,0.41013000239670033
138240.0,0.409935205467148
138300.0,0.40974061288375857
138360.0,0.40954622435757687
138420.0,0.40935203960014055
138480.0,0.4091580583234745
138540.0,0.4089642802400916
138600.0,0.40877070506299007
138660.0,0.4085773325056513
138720.0,0.40838416228204644
138780.0,0.40819119410662824
138840.0,0.4079984276943323
138900.0,0.40780586276057645
138960.0,0.40761349902126
139020.0,0.4074213361927612
139080.0,0.40722937399193787
139140.0,0.40703761213612594
139200.0,0.40684605034314003
139260.0,0.40665468833127344
139320.0,0.4064635258192906
139380.0,0.40627256252643246
139440.0,0.4060817981724137
139500.0,0.4058912324774229
139560.0,0.40570086516212217
139620.0,0.4055106959476419
139680.0,0.4053207245555839
139740.0,0.40513095070801963
139800.0,0.4049413741274892
139860.0,0.40475199453700067
139920.0,0.40456281166002833
139980.0,0.4043738252205126
140040.0,0.4041850349428589
140100.0,0.40399644055193684
140160.0,0.4038080417730794
140220.0,0.40361983833208165
140280.0,0.40343182995520027
140340.0,0.4032440163691524
140400.0,0.4030563973011154
140460.0,0.40286897247872605
140520.0,0.4026817416300778
140580.0,0.4024947044837218
140640.0,0.40230786076866537
140700.0,0.4021212102143718
140760.0,0.4019347525507598
140820.0,0.40174848750819997
140880.0,0.4015624148175165
140940.0,0.4013765342099855
141000.0,0.4011908454173347
141060.0,0.4010053481717429
141120.0,0.4008200422058369
141180.0,0.40063492725269256
141240.0,0.4004500030458336
141300.0,0.40026526931923095
141360.0,0.40008072580730214
141420.0,0.39989637224490876
141480.0,0.39971220836735744
141540.0,0.3995282339103981
141600.0,0.39934444861022395
141660.0,0.39916085220347053
141720.0,0.3989774444272132
141780.0,0.3987942250189683
141840.0,0.3986111937166911
141900.0,0.39842835025877615
141960.0,0.39824569438405616
142020.0,0.3980632258317996
142080.0,0.39788094434171145
142140.0,0.39769884965393204
142200.0,0.3975169415090365
142260.0,0.3973352196480342
142320.0,0.39715368381236604
142380.0,0.3969723337439056
142440.0,0.3967911691849574
142500.0,0.3966101898782568
142560.0,0.3964293955669695
142620.0,0.3962487859946885
142680.0,0.3960683609054355
142740.0,0.3958881200436591
142800.0,0.39570806315423485
142860.0,0.39552818998246425
142920.0,0.3953485002740726
142980.0,0.39516899377520937
143040.0,0.39498967023244735
143100.0,0.39481052939278205
143160.0,0.394631571003631
143220.0,0.39445279481283146
143280.0,0.3942742005686411
143340.0,0.3940957880197369
143400.0,0.3939175569152144
143460.0,0.3937395070045877
143520.0,0.39356163803778627
143580.0,0.3933839497651562
143640.0,0.393206441937459
143700.0,0.3930291143058709
143760.0,0.39285196662198235
143820.0,0.3926749986377958
143880.0,0.39249821010572633
143940.0,0.3923216007786003
144000.0,0.3921451704096551
144060.0,0.39196891875253864
144120.0,0.3917928455613067
144180.0,0.39161695059042395
144240.0,0.3914412335947625
144300.0,0.39126569432960173
144360.0,0.39109033255062764
144420.0,0.3909151480139303
144480.0,0.3907401404760048
144540.0,0.3905653096937501
144600.0,0.3903906554244682
144660.0,0.3902161774258644
144720.0,0.39004187545604396
144780.0,0.3898677492735136
144840.0,0.3896937986371799
144900.0,0.3895200233063492
144960.0,0.38934642304072675
145020.0,0.38917299760041457
145080.0,0.3889997467459121
145140.0,0.38882667023811507
145200.0,0.38865376783831507
145260.0,0.38848103930819905
145320.0,0.388308484409847
145380.0,0.3881361029057325
145440.0,0.387963894558722
145500.0,0.3877918591320738
145560.0,0.3876199963894383
145620.0,0.3874483060948548
145680.0,0.387276788012753
145740.0,0.38710544190795143
145800.0,0.38693426754565713
145860.0,0.3867632646914652
145920.0,0.3865924331113565
145980.0,0.38642177257169835
146040.0,0.3862512828392433
146100.0,0.38608096368112893
146160.0,0.3859108148648772
146220.0,0.3857408361583922
146280.0,0.3855710273299609
146340.0,0.38540138814825203
146400.0,0.38523191838231574
146460.0,0.38506261780158296
146520.0,0.3848934861758632
146580.0,0.3847245232753454
146640.0,0.3845557288705965
146700.0,0.38438710273256155
146760.0,0.38421864463256256
146820.0,0.3840503543422969
146880.0,0.3838822316338376
146940.0,0.38371427627963245
147000.0,0.3835464880525036
147060.0,0.38337886672564686
147120.0,0.3832114120726299
147180.0,0.3830441238673924
147240.0,0.3828770018842455
147300.0,0.38271004589787105
147360.0,0.38254325568332137
147420.0,0.38237663101601677
147480.0,0.3822101716717466
147540.0,0.38204387742666784
147600.0,0.38187774805730507
147660.0,0.38171178334054967
147720.0,0.3815459830536578
147780.0,0.381380346974251
147840.0,0.3812148748803153
147900.0,0.3810495665502008
147960.0,0.38088442176262083
148020.0,0.3807194402966505
148080.0,0.3805546219317266
148140.0,0.3803899664476473
148200.0,0.3802254736245711
148260.0,0.3800611432430169
148320.0,0.3798969750838614
148380.0,0.3797329689283403
148440.0,0.3795691245580467
148500.0,0.3794054417549312
148560.0,0.3792419203013012
148620.0,0.3790785599798189
148680.0,0.37891536057350167
148740.0,0.37875232186572144
148800.0,0.3785894436402041
148860.0,0.3784267256810292
148920.0,0.3782641677726276
148980.0,0.3781017696997824
149040.0,0.3779395312476276
149100.0,0.3777774522016481
149160.0,0.37761553234767914
149220.0,0.37745377147190395
149280.0,0.3772921693608549
149340.0,0.377130725801412
149400.0,0.3769694405808029
149460.0,0.3768083134866023
149520.0,0.3766473443067299
149580.0,0.376486532829451
149640.0,0.3763258788433756
149700.0,0.3761653821374579
149760.0,0.37600504250099626
149820.0,0.37584485972363046
149880.0,0.37568483359534305
149940.0,0.37552496390645795
150000.0,0.37536525044764024
150060.0,0.3752056930098957
150120.0,0.3750462913845687
150180.0,0.37488704536334305
150240.0,0.37472795473824083
150300.0,0.3745690193016221
150360.0,0.37441023884618463
150420.0,0.3742516131649615
150480.0,0.3740931420513222
150540.0,0.3739348252989713
150600.0,0.37377666270194837
150660.0,0.37361865405462746
150720.0,0.37346079915171504
150780.0,0.37330309778825066
150840.0,0.373145549759606
150900.0,0.3729881548614847
150960.0,0.3728309128899215
151020.0,0.3726738236412808
151080.0,0.37251688691225704
151140.0,0.37236010249987356
151200.0,0.3722034702014825
151260.0,0.3720469899001484
151320.0,0.3718906612064077
151380.0,0.37173448372991263
151440.0,0.3715784576484253
151500.0,0.3714225826994832
151560.0,0.37126685847319263
151620.0,0.3711112852192548
151680.0,0.3709558624015967
151740.0,0.37080058982654546
151800.0,0.37064546737709037
151860.0,0.37049049487712965
151920.0,0.3703356721286226
151980.0,0.3701809989417417
152040.0,0.3700264751093233
152100.0,0.36987210038844076
152160.0,0.3697178746064749
152220.0,0.3695637975633922
152280.0,0.36940986905537054
152340.0,0.36925608887469413
152400.0,0.3691024568238089
152460.0,0.368948972700984
152520.0,0.36879563631427553
152580.0,0.3686424474752572
152640.0,0.3684894059779474
152700.0,0.3683365116241177
152760.0,0.3681837642307781
152820.0,0.3680311636099144
152880.0,0.3678787095566801
152940.0,0.3677264018757252
153000.0,0.3675742403716996
153060.0,0.36742222486097165
153120.0,0.3672703551560459
153180.0,0.3671186310564831
153240.0,0.3669670523691468
153300.0,0.3668156189009002
153360.0,0.36666433046710717
153420.0,0.3665131868803289
153480.0,0.36636218794373715
153540.0,0.36621133346580087
153600.0,0.36606062325498917
153660.0,0.36591005712561986
153720.0,0.36575963489146346
153780.0,0.3656093563600076
153840.0,0.3654592213424345
153900.0,0.3653092296502109
153960.0,0.3651593810949459
154020.0,0.3650096754885462
154080.0,0.36486011264335516
154140.0,0.36471069237191084
154200.0,0.3645614144870287
154260.0,0.36441227880252913
154320.0,0.36426328513244177
154380.0,0.36411443329029225
154440.0,0.36396572309034325
154500.0,0.3638171543471701
154560.0,0.3636687268756433
154620.0,0.3635204404909478
154680.0,0.3633722950086002
154740.0,0.3632242902444189
154800.0,0.36307642601453405
154860.0,0.3629287021350349
154920.0,0.3627811184223559
154980.0,0.36263367469362195
155040.0,0.36248637076604745
155100.0,0.3623392064571413
155160.0,0.3621921815845328
155220.0,0.36204529596616236
155280.0,0.36189854942045246
155340.0,0.3617519417660103
155400.0,0.3616054728217292
155460.0,0.3614591424068087
155520.0,0.3613129503407329
155580.0,0.36116689644325056
155640.0,0.3610209805344095
155700.0,0.3608752024345448
155760.0,0.360729561964307
155820.0,0.36058405894463125
155880.0,0.3604386931967096
155940.0,0.3602934645420393
156000.0,0.360148372802406
156060.0,0.3600034177998407
156120.0,0.3598585993566668
156180.0,0.3597139172955434
156240.0,0.35956937143939066
156300.0,0.3594249616114151
156360.0,0.3592806876350314
156420.0,0.35913654933394823
156480.0,0.3589925465322449
156540.0,0.35884867905423756
156600.0,0.3587049467245254
156660.0,0.3585613493679233
156720.0,0.35841788680953524
156780.0,0.3582745588748195
156840.0,0.358131365389475
156900.0,0.35798830617947996
156960.0,0.3578453810710437
157020.0,0.3577025898906593
157080.0,0.35755993246515166
157140.0,0.35741740862159443
157200.0,0.3572750181873383
157260.0,0.35713276098996616
157320.0,0.3569906368573421
157380.0,0.3568486456176558
157440.0,0.3567067870993454
157500.0,0.35656506113112413
157560.0,0.35642346754193055
157620.0,0.3562820061609827
157680.0,0.35614067681782685
157740.0,0.3559994793422528
157800.0,0.35585841356432296
157860.0,0.3557174793143197
157920.0,0.3555766764228029
157980.0,0.3554360047206612
158040.0,0.35529546403902273
158100.0,0.35515505420928545
158160.0,0.35501477506307505
158220.0,0.3548746264322831
158280.0,0.3547346081491136
158340.0,0.3545947200460111
158400.0,0.354454961955684
158460.0,0.35431533371110735
158520.0,0.3541758351455194
158580.0,0.35403646609241696
158640.0,0.3538972263855608
158700.0,0.3537581158589737
158760.0,0.3536191343469346
158820.0,0.3534802816839827
158880.0,0.3533415577049227
158940.0,0.3532029622448157
159000.0,0.35306449513898136
159060.0,0.3529261562230014
159120.0,0.3527879453327151
159180.0,0.3526498623042158
159240.0,0.3525119069738556
159300.0,0.3523740791782434
159360.0,0.352236378754247
159420.0,0.35209880553898987
159480.0,0.35196135936984824
159540.0,0.35182404008445495
159600.0,0.35168684752069745
159660.0,0.3515497815167166
159720.0,0.35141284191090705
159780.0,0.3512760285419174
159840.0,0.3511393412486488
159900.0,0.3510027798702547
159960.0,0.35086634424613894
160020.0,0.3507300342159569
160080.0,0.3505938496196161
160140.0,0.35045779029727375
160200.0,0.35032185608933686
160260.0,0.3501860468364622
160320.0,0.35005036237955556
160380.0,0.3499148025597708
160440.0,0.34977936721851005
160500.0,0.349644056197423
160560.0,0.3495088693384077
160620.0,0.34937380648360894
160680.0,0.34923886747541655
160740.0,0.3491040521564668
160800.0,0.34896936036964143
160860.0,0.34883479195806816
160920.0,0.348700346765119
160980.0,0.3485660246344095
161040.0,0.34843182540979933
161100.0,0.3482977489353915
161160.0,0.34816379505553186
161220.0,0.34802996361480887
161280.0,0.34789625445805283
161340.0,0.3477626674303356
161400.0,0.34762920237697026
161460.0,0.3474958591435105
161520.0,0.3473626375757504
161580.0,0.34722953751972374
161640.0,0.3470965588217037
161700.0,0.34696370132820237
161760.0,0.34683096488597076
161820.0,0.3466983493419978
161880.0,0.3465658545435099
161940.0,0.34643348033797083
162000.0,0.3463012265730811
162060.0,0.3461690930967782
162120.0,0.3460370797572355
162180.0,0.34590518640286144
162240.0,0.34577341288229985
162300.0,0.34564175904442923
162360.0,0.34551022473836274
162420.0,0.3453788098134475
162480.0,0.3452475141192636
162540.0,0.34511633750562437
162600.0,0.3449852798225759
162660.0,0.34485434092039663
162720.0,0.34472352064959694
162780.0,0.34459281886091825
162840.0,0.344462235405333
162900.0,0.34433177013404426
162960.0,0.3442014228984856
163020.0,0.3440711935503201
163080.0,0.3439410819414401
163140.0,0.34381108792396675
163200.0,0.34368121135025004
163260.0,0.34355145207286814
163320.0,0.34342180994462707
163380.0,0.3432922848185596
163440.0,0.3431628765479257
163500.0,0.3430335849862118
163560.0,0.3429044099871306
163620.0,0.34277535140462073
163680.0,0.3426464090928456
163740.0,0.34251758290619355
163800.0,0.3423888726992776
163860.0,0.342260278326935
163920.0,0.34213179964422674
163980.0,0.3420034365064367
164040.0,0.3418751887690719
164100.0,0.34174705628786173
164160.0,0.3416190389187581
164220.0,0.34149113651793456
164280.0,0.3413633489417856
164340.0,0.3412356760469268
164400.0,0.34110811769019417
164460.0,0.3409806737286444
164520.0,0.3408533440195536
164580.0,0.34072612842041705
164640.0,0.34059902678894916
164700.0,0.3404720389830828
164760.0,0.34034516486096944
164820.0,0.3402184042809784
164880.0,0.34009175710169587
164940.0,0.3399652231819253
165000.0,0.3398388023806868
165060.0,0.339712494557217
165120.0,0.33958629957096853
165180.0,0.3394602172816089
165240.0,0.3393342475490212
165300.0,0.3392083902333029
165360.0,0.33908264519476644
165420.0,0.33895701229393804
165480.0,0.3388314913915571
165540.0,0.33870608234857663
165600.0,0.3385807850261623
165660.0,0.33845559928569247
165720.0,0.33833052498875776
165780.0,0.3382055619971601
165840.0,0.33808071017291286
165900.0,0.3379559693782404
165960.0,0.33783133947557786
166020.0,0.3377068203275707
166080.0,0.3375824117970738
166140.0,0.33745811374715184
166200.0,0.3373339260410783
166260.0,0.337209848542336
166320.0,0.33708588111461585
166380.0,0.33696202362181665
166440.0,0.3368382759280449
166500.0,0.3367146378976142
166560.0,0.3365911093950455
166620.0,0.3364676902850663
166680.0,0.33634438043260984
166740.0,0.3362211797028153
166800.0,0.3360980879610274
166860.0,0.33597510507279615
166920.0,0.3358522309038764
166980.0,0.33572946532022685
167040.0,0.3356068081880104
167100.0,0.3354842593735937
167160.0,0.33536181874354687
167220.0,0.3352394861646427
167280.0,0.33511726150385673
167340.0,0.33499514462836644
167400.0,0.33487313540555125
167460.0,0.33475123370299253
167520.0,0.3346294393884727
167580.0,0.33450775232997454
167640.0,0.3343861723956815
167700.0,0.3342646994539772
167760.0,0.334143333373445
167820.0,0.3340220740228679
167880.0,0.33390092127122734
167940.0,0.33377987498770395
168000.0,0.3336589350416764
168060.0,0.33353810130272166
168120.0,0.3334173736406145
168180.0,0.3332967519253265
168240.0,0.33317623602702623
168300.0,0.3330558258160792
168360.0,0.3329355211630471
168420.0,0.3328153219386877
168480.0,0.332695228013954
168540.0,0.3325752392599944
168600.0,0.33245535554815203
168660.0,0.33233557674996494
168720.0,0.3322159027371653
168780.0,0.3320963333816788
168840.0,0.331976868555625
168900.0,0.33185750813131637
168960.0,0.33173825198125867
169020.0,0.3316190999781501
169080.0,0.33150005199488075
169140.0,0.3313811079045326
169200.0,0.33126226758037924
169260.0,0.33114353089588555
169320.0,0.3310248977247072
169380.0,0.3309063679406902
169440.0,0.3307879414178708
169500.0,0.33066961803047507
169560.0,0.33055139765291874
169620.0,0.3304332801598068
169680.0,0.3303152654259327
169740.0,0.3301973533262786
169800.0,0.33007954373601484
169860.0,0.32996183653049976
169920.0,0.32984423158527937
169980.0,0.3297267287760864
170040.0,0.3296093279788407
170100.0,0.3294920290696486
170160.0,0.3293748319248028
170220.0,0.32925773642078215
170280.0,0.32914074243425046
170340.0,0.3290238498420571
170400.0,0.3289070585212363
170460.0,0.3287903683490071
170520.0,0.3286737792027729
170580.0,0.32855729096012065
170640.0,0.3284409034988211
170700.0,0.3283246166968284
170760.0,0.3282084304322798
170820.0,0.3280923445834953
170880.0,0.32797635902897687
170940.0,0.32786047364740883
171000.0,0.327744688317657
171060.0,0.327629002918769
171120.0,0.32751341732997363
171180.0,0.32739793143067986
171240.0,0.32728254510047755
171300.0,0.3271672582191366
171360.0,0.3270520706666069
171420.0,0.32693698232301793
171480.0,0.32682199306867815
171540.0,0.32670710278407494
171600.0,0.3265923113498744
171660.0,0.3264776186469209
171720.0,0.32636302455623706
171780.0,0.32624852895902273
171840.0,0.3261341317366552
171900.0,0.3260198327706889
171960.0,0.3259056319428552
172020.0,0.325791529135062
172080.0,0.32567752422939283
172140.0,0.3255636171081074
172200.0,0.3254498076536407
172260.0,0.32533609574860334
172320.0,0.32522248127578063
172380.0,0.32510896411813245
172440.0,0.3249955441587929
172500.0,0.32488222128107025
172560.0,0.3247689953684465
172620.0,0.32465586630457727
172680.0,0.3245428339732908
172740.0,0.3244298982585885
172800.0,0.324317059044644
172860.0,0.32420431627648383
172920.0,0.3240916697044699
172980.0,0.32397911914857164
173040.0,0.32386666457691704
173100.0,0.3237543060499953
173160.0,0.32364204318411566
173220.0,0.3235298760081321
173280.0,0.32341780460563974
173340.0,0.3233058285775552
173400.0,0.32319394786810823
173460.0,0.3230821624065336
173520.0,0.3229704720958611
173580.0,0.32285887682142217
173640.0,0.32274737647410706
173700.0,0.3226359709452409
173760.0,0.3225246601064426
173820.0,0.3224134438246055
173880.0,0.32230232200228065
173940.0,0.3221912945252685
174000.0,0.32208036127936934
174060.0,0.32196952214285673
174120.0,0.3218587770040564
174180.0,0.3217481257481549
174240.0,0.32163756826008305
174300.0,0.3215271044317831
174360.0,0.3214167341569454
174420.0,0.321306457316479
174480.0,0.3211962737972876
174540.0,0.3210861834862746
174600.0,0.32097618628877217
174660.0,0.32086628208449924
174720.0,0.3207564707614687
174780.0,0.3206467522083604
174840.0,0.32053712631385434
174900.0,0.3204275929787782
174960.0,0.3203181520870759
175020.0,0.32020880352815867
175080.0,0.3200995471918773
175140.0,0.31999038296808263
175200.0,0.31988131075471765
175260.0,0.31977233043847847
175320.0,0.319663441909703
175380.0,0.3195546450590222
175440.0,0.3194459397770668
175500.0,0.31933732596035214
175560.0,0.31922880349817767
175620.0,0.31912037228224804
175680.0,0.3190120322046097
175740.0,0.31890378315745127
175800.0,0.3187956250332079
175860.0,0.318687557724329
175920.0,0.31857958112344886
175980.0,0.31847169512335016
176040.0,0.31836389961696004
176100.0,0.31825619449822085
176160.0,0.31814857966015236
176220.0,0.3180410549962749
176280.0,0.31793362040030393
176340.0,0.31782627576612077
176400.0,0.3177190209877305
176460.0,0.3176118559593556
176520.0,0.31750478057536674
176580.0,0.31739779473029833
176640.0,0.31729089831884927
176700.0,0.31718409123546903
176760.0,0.3170773733752799
176820.0,0.3169707446333995
176880.0,0.3168642049050861
176940.0,0.3167577540857528
177000.0,0.3166513920707765
177060.0,0.3165451187559231
177120.0,0.3164389340370349
177180.0,0.31633283781009797
177240.0,0.3162268299712486
177300.0,0.3161209104168091
177360.0,0.3160150790432078
177420.0,0.3159093357470379
177480.0,0.31580368042504475
177540.0,0.3156981129741247
177600.0,0.31559263329136683
177660.0,0.31548724127396
177720.0,0.31538193681926124
177780.0,0.3152767198247809
177840.0,0.31517159018818136
177900.0,0.3150665478072334
177960.0,0.31496159257991335
178020.0,0.31485672440433166
178080.0,0.3147519431787481
178140.0,0.31464724880157363
178200.0,0.3145426411712874
178260.0,0.31443812018662065
178320.0,0.3143336857464222
178380.0,0.3142293377496867
178440.0,0.31412507609555784
178500.0,0.3140209006832602
178560.0,0.31391681141225075
178620.0,0.31381280818210766
178680.0,0.31370889089255394
178740.0,0.3136050594434601
178800.0,0.31350131373479667
178860.0,0.31339765366673933
178920.0,0.3132940791395918
178980.0,0.3131905900538023
179040.0,0.31308718630996535
179100.0,0.3129838678087782
179160.0,0.31288063445113734
179220.0,0.31277748613806794
179280.0,0.31267442277073854
179340.0,0.31257144425046296
179400.0,0.31246855047865096
179460.0,0.31236574135691775
179520.0,0.31226301678700347
179580.0,0.3121603766707905
179640.0,0.3120578209103052
179700.0,0.31195534940766556
179760.0,0.31185296206519764
179820.0,0.31175065878535
179880.0,0.31164843947071214
179940.0,0.3115463040240162
180000.0,0.311444252348094
180060.0,0.31134228434596695
180120.0,0.31124039992078195
180180.0,0.3111385989758241
180240.0,0.3110368814145178
180300.0,0.31093524714043086
180360.0,0.3108336960572655
180420.0,0.3107322280688644
180480.0,0.310630843079209
180540.0,0.31052954099241936
180600.0,0.3104283217127486
180660.0,0.3103271851445935
180720.0,0.3102261311924867
180780.0,0.3101251597610978
180840.0,0.3100242707552334
180900.0,0.3099234640798406
180960.0,0.30982273963999896
181020.0,0.30972209734092565
181080.0,0.30962153708797424
181140.0,0.3095210587866344
181200.0,0.3094206623425339
181260.0,0.30932034766143335
181320.0,0.3092201146492298
181380.0,0.3091199632119554
181440.0,0.30901989325577744
181500.0,0.3089199046869972
181560.0,0.30881999741205135
181620.0,0.3087201713375106
181680.0,0.30862042637007986
181740.0,0.3085207624165976
181800.0,0.3084211793840349
181860.0,0.3083216771794975
181920.0,0.3082222557102238
181980.0,0.30812291488358523
182040.0,0.3080236546070856
182100.0,0.3079244747883615
182160.0,0.30782537533518145
182220.0,0.30772635615544597
182280.0,0.3076274171571872
182340.0,0.3075285582485691
182400.0,0.3074297793378878
182460.0,0.3073310803335693
182520.0,0.30723246114417085
182580.0,0.30713392167838044
182640.0,0.30703546184501646
182700.0,0.3069370815530283
182760.0,0.30683878071149445
182820.0,0.3067405592296236
182880.0,0.30664241701675404
182940.0,0.3065443539823533
183000.0,0.30644637003601843
183060.0,0.30634846508747515
183120.0,0.3062506390465779
183180.0,0.3061528918233098
183240.0,0.3060552233277821
183300.0,0.30595763347023447
183360.0,0.3058601221610341
183420.0,0.30576268931067585
183480.0,0.30566533482978225
183540.0,0.3055680586291029
183600.0,0.3054708606195147
183660.0,0.30537374071202095
183720.0,0.3052766988177518
183780.0,0.30517973484796374
183840.0,0.30508284871403923
183900.0,0.3049860403274874
183960.0,0.3048893095999423
184020.0,0.304792656443164
184080.0,0.3046960807690377
184140.0,0.30459958248957375
184200.0,0.30450316151690787
184260.0,0.3044068177633
184320.0,0.30431055114113464
184380.0,0.30421436156292075
184440.0,0.30411824894129125
184500.0,0.30402221318900324
184560.0,0.30392625421893715
184620.0,0.30383037194409707
184680.0,0.30373456627761025
184740.0,0.303638837132727
184800.0,0.3035431844228209
184860.0,0.3034476080613876
184920.0,0.30335210796204554
184980.0,0.30325668403853523
185040.0,0.3031613362047193
185100.0,0.3030660643745826
185160.0,0.30297086846223115
185220.0,0.30287574838189246
185280.0,0.3027807040479154
185340.0,0.30268573537476984
185400.0,0.30259084227704663
185460.0,0.3024960246694571
185520.0,0.30240128246683284
185580.0,0.3023066155841261
185640.0,0.30221202393640867
185700.0,0.3021175074388729
185760.0,0.30202306600683015
185820.0,0.30192869955571144
185880.0,0.301834408001067
185940.0,0.30174019125856605
186000.0,0.30164604924399696
186060.0,0.30155198187326654
186120.0,0.30145798906239996
186180.0,0.3013640707275408
186240.0,0.3012702267849506
186300.0,0.30117645715100905
186360.0,0.3010827617422131
186420.0,0.3009891404751775
186480.0,0.30089559326663406
186540.0,0.3008021200334318
186600.0,0.300708720692537
186660.0,0.30061539516103203
186720.0,0.3005221433561161
186780.0,0.3004289651951047
186840.0,0.3003358605954294
186900.0,0.3002428294746378
186960.0,0.30014987175039337
187020.0,0.3000569873404748
187080.0,0.2999641761627763
187140.0,0.29987143813530726
187200.0,0.2997787731761924
187260.0,0.29968618120367074
187320.0,0.29959366213609606
187380.0,0.2995012158919366
187440.0,0.2994088423897749
187500.0,0.29931654154830745
187560.0,0.2992243132863447
187620.0,0.2991321575228106
187680.0,0.29904007417674255
187740.0,0.29894806316729144
187800.0,0.29885612441372156
187860.0,0.29876425783540944
187920.0,0.29867246335184483
187980.0,0.29858074088262976
188040.0,0.2984890903474787
188100.0,0.29839751166621864
188160.0,0.2983060047587881
188220.0,0.2982145695452376
188280.0,0.2981232059457292
188340.0,0.29803191388053657
188400.0,0.2979406932700447
188460.0,0.2978495440347495
188520.0,0.2977584660952578
188580.0,0.2976674593722871
188640.0,0.2975765237866655
188700.0,0.2974856592593316
188760.0,0.2973948657113341
188820.0,0.29730414306383146
188880.0,0.29721349123809215
188940.0,0.29712291015549425
189000.0,0.2970323997375255
189060.0,0.29694195990578254
189120.0,0.2968515905819713
189180.0,0.29676129168790655
189240.0,0.29667106314551184
189300.0,0.29658090487681954
189360.0,0.2964908168039701
189420.0,0.2964007988492122
189480.0,0.2963108509349026
189540.0,0.29622097298350586
189600.0,0.2961311649175945
189660.0,0.2960414266598482
189720.0,0.29595175813305397
189780.0,0.2958621592601062
189840.0,0.295772629964006
189900.0,0.29568317016786166
189960.0,0.29559377979488777
190020.0,0.2955044587684054
190080.0,0.295415207011842
190140.0,0.29532602444873096
190200.0,0.29523691100271204
190260.0,0.2951478665975303
190320.0,0.2950588911570365
190380.0,0.29496998460518686
190440.0,0.29488114686604283
190500.0,0.2947923778637711
190560.0,0.29470367752264304
190620.0,0.2946150457670348
190680.0,0.29452648252142705
190740.0,0.29443798771040486
190800.0,0.29434956125865785
190860.0,0.29426120309097925
190920.0,0.2941729131322663
190980.0,0.29408469130751996
191040.0,0.29399653754184474
191100.0,0.2939084517604488
191160.0,0.29382043388864304
191220.0,0.2937324838518417
191280.0,0.2936446015755617
191340.0,0.2935567869854228
191400.0,0.29346904000714746
191460.0,0.2933813605665602
191520.0,0.29329374858958784
191580.0,0.2932062040022593
191640.0,0.29311872673070516
191700.0,0.29303131670115823
191760.0,0.2929439738399524
191820.0,0.292856698073523
191880.0,0.2927694893284066
191940.0,0.29268234753124084
192000.0,0.2925952726087645
192060.0,0.2925082644878168
192120.0,0.29242132309533747
192180.0,0.2923344483583668
192240.0,0.2922476402040452
192300.0,0.29216089855961336
192360.0,0.2920742233524117
192420.0,0.2919876145098803
192480.0,0.29190107195955906
192540.0,0.291814595629087
192600.0,0.2917281854462029
192660.0,0.29164184133874427
192720.0,0.29155556323464765
192780.0,0.2914693510619482
192840.0,0.29138320474878
192900.0,0.29129712422337556
192960.0,0.2912111094140655
193020.0,0.29112516024927876
193080.0,0.2910392766575421
193140.0,0.29095345856748017
193200.0,0.2908677059078155
193260.0,0.290782018607368
193320.0,0.2906963965950548
193380.0,0.2906108397998904
193440.0,0.2905253481509861
193500.0,0.29043992157755066
193560.0,0.29035456000888904
193620.0,0.29026926337440295
193680.0,0.29018403160359046
193740.0,0.29009886462604595
193800.0,0.29001376237146004
193860.0,0.28992872476961906
193920.0,0.2898437517504053
193980.0,0.2897588432437965
194040.0,0.28967399917986614
194100.0,0.28958921948878324
194160.0,0.2895045041008115
194220.0,0.28941985294630995
194280.0,0.2893352659557324
194340.0,0.2892507430596274
194400.0,0.2891662841886379
194460.0,0.2890818893182661
194520.0,0.28899755828082185
194580.0,0.2889132910138288
194640.0,0.28882908738332874
194700.0,0.2887449474755675
194760.0,0.28866087127047096
194820.0,0.288576858409332
194880.0,0.288492909088834
194940.0,0.28840902330897694
195000.0,0.28832520080172375
195060.0,0.2882414415280231
195120.0,0.288157745460434
195180.0,0.2880741125383697
195240.0,0.2879905426988003
195300.0,0.2879070358736357
195360.0,0.2878235919978187
195420.0,0.28774021100629216
195480.0,0.287656892815419
195540.0,0.28757363734990493
195600.0,0.2874904445517375
195660.0,0.28740731435254624
195720.0,0.2873242466839608
195780.0,0.2872412414747228
195840.0,0.28715829865487075
195900.0,0.2870754181571291
195960.0,0.28699259991261256
196020.0,0.2869098438524356
196080.0,0.2868271499144193
196140.0,0.2867445180333734
196200.0,0.28666194813786966
196260.0,0.2865794401602185
196320.0,0.28649699403273066
196380.0,0.2864146096941913
196440.0,0.28633228708047864
196500.0,0.2862500261214481
196560.0,0.28616782675056496
196620.0,0.2860856889012942
196680.0,0.2860036125107671
196740.0,0.28592159751446883
196800.0,0.2858396438444744
196860.0,0.28575775143490273
196920.0,0.28567592021987276
196980.0,0.2855941501356892
197040.0,0.28551244111767504
197100.0,0.2854307930991206
197160.0,0.28534920601453456
197220.0,0.28526767979842554
197280.0,0.28518621438690894
197340.0,0.2851048097157451
197400.0,0.2850234657192353
197460.0,0.2849421823325928
197520.0,0.2848609594911042
197580.0,0.2847797971302444
197640.0,0.28469869518553653
197700.0,0.28461765359247326
197760.0,0.284536672286686
197820.0,0.2844557512038849
197880.0,0.2843748902801456
197940.0,0.2842940894515593
198000.0,0.28421334865403575
198060.0,0.28413266782372615
198120.0,0.28405204689687374
198180.0,0.28397148580979414
198240.0,0.28389098449889943
198300.0,0.2838105429007113
198360.0,0.2837301609518322
198420.0,0.28364983858895587
198480.0,0.28356957574873304
198540.0,0.2834893723679352
198600.0,0.28340922838354654
198660.0,0.2833291437325663
198720.0,0.28324911835207867
198780.0,0.28316915217919514
198840.0,0.2830892451511247
198900.0,0.2830093972052139
198960.0,0.2829296082788614
199020.0,0.2828498783095481
199080.0,0.28277020723485263
199140.0,0.2826905949924324
199200.0,0.2826110415200132
199260.0,0.282531546755412
199320.0,0.2824521106365286
199380.0,0.2823727331013618
199440.0,0.28229341408798986
199500.0,0.28221415353455964
199560.0,0.2821349513793099
199620.0,0.28205580756056325
199680.0,0.2819767220167141
199740.0,0.28189769468624326
199800.0,0.2818187255077261
199860.0,0.28173981441981477
199920.0,0.2816609613612449
199980.0,0.281582166270811
200040.0,0.2815034290873963
200100.0,0.2814247497499889
200160.0,0.2813461281976465
200220.0,0.2812675643695088
200280.0,0.2811890582047787
200340.0,0.2811106096427452
200400.0,0.2810322186227968
200460.0,0.2809538850843933
200520.0,0.2808756089670756
200580.0,0.2807973902104535
200640.0,0.2807192287542209
200700.0,0.28064112453816387
200760.0,0.2805630775021428
200820.0,0.28048508758609886
200880.0,0.28040715473004224
200940.0,0.2803292788740665
201000.0,0.2802514599583561
201060.0,0.2801736979231697
201120.0,0.28009599270884605
201180.0,0.28001834425579086
201240.0,0.27994075250449296
201300.0,0.2798632173955331
201360.0,0.2797857388695649
201420.0,0.27970831686732134
201480.0,0.27963095132960064
201540.0,0.2795536421972838
201600.0,0.2794763894113442
201660.0,0.27939919291282667
201720.0,0.279322052642855
201780.0,0.27924496854262026
201840.0,0.27916794055339283
201900.0,0.27909096861653176
201960.0,0.2790140526734676
202020.0,0.2789371926657084
202080.0,0.2788603885348402
202140.0,0.2787836402225262
202200.0,0.2787069476705056
202260.0,0.2786303108205947
202320.0,0.2785537296146869
202380.0,0.2784772039947509
202440.0,0.2784007339028318
202500.0,0.27832431928105245
202560.0,0.2782479600716112
202620.0,0.27817165621678214
202680.0,0.2780954076589165
202740.0,0.278019214340441
202800.0,0.27794307620385733
202860.0,0.27786699319174313
202920.0,0.2777909652467517
202980.0,0.2777149923116122
203040.0,0.27763907432912915
203100.0,0.27756321124218164
203160.0,0.2774874029937241
203220.0,0.27741164952678593
203280.0,0.2773359507844713
203340.0,0.27726030670995894
203400.0,0.2771847172465026
203460.0,0.2771091823374304
203520.0,0.27703370192614474
203580.0,0.2769582759561221
203640.0,0.27688290437091295
203700.0,0.2768075871141423
203760.0,0.27673232412950866
203820.0,0.27665711536078447
203880.0,0.27658196075181585
203940.0,0.2765068602465223
204000.0,0.276431813788897
204060.0,0.276356821323006
204120.0,0.27628188279298893
204180.0,0.27620699814305855
204240.0,0.2761321673175007
204300.0,0.27605739026067366
204360.0,0.2759826669170087
204420.0,0.27590799723100967
204480.0,0.27583338114725314
204540.0,0.27575881861038815
204600.0,0.27568430956513573
204660.0,0.2756098539562893
204720.0,0.2755354517287143
204780.0,0.2754611028273482
204840.0,0.27538680719720043
204900.0,0.275312564783352
204960.0,0.2752383755309555
205020.0,0.2751642393852353
205080.0,0.27509015629148703
205140.0,0.27501612619507765
205200.0,0.2749421490414453
205260.0,0.2748682247760992
205320.0,0.2747943533446195
205380.0,0.2747205346926574
205440.0,0.2746467687659347
205500.0,0.27457305551024386
205560.0,0.27449939487144787
205620.0,0.27442578679548013
205680.0,0.2743522312283445
205740.0,0.27427872811611503
205800.0,0.2742052774049357
205860.0,0.2741318790410206
205920.0,0.2740585329706537
205980.0,0.27398523914018874
206040.0,0.2739119974960493
206100.0,0.27383880798472815
206160.0,0.2737656705527879
206220.0,0.27369258514686023
206280.0,0.27361955171364627
206340.0,0.27354657019991624
206400.0,0.2734736405525093
206460.0,0.2734007627183336
206520.0,0.273327936644366
206580.0,0.27325516227765234
206640.0,0.2731824395653069
206700.0,0.27310976845451235
206760.0,0.2730371488925199
206820.0,0.27296458082664904
206880.0,0.2728920642042874
206940.0,0.2728195989728908
207000.0,0.27274718507998297
207060.0,0.27267482247315544
207120.0,0.2726025111000675
207180.0,0.2725302509084463
207240.0,0.2724580418460863
207300.0,0.2723858838608496
207360.0,0.2723137769006655
207420.0,0.2722417209135306
207480.0,0.2721697158475088
207540.0,0.2720977616507311
207600.0,0.272025858271395
207660.0,0.2719540056577653
207720.0,0.27188220375817324
207780.0,0.2718104525210169
207840.0,0.27173875189476066
207900.0,0.2716671018279356
207960.0,0.2715955022691388
208020.0,0.2715239531670339
208080.0,0.27145245447035055
208140.0,0.2713810061278843
208200.0,0.27130960808849675
208260.0,0.2712382603011152
208320.0,0.2711669627147328
208380.0,0.2710957152784083
208440.0,0.2710245179412661
208500.0,0.27095337065249575
208560.0,0.2708822733613523
208620.0,0.2708112260171559
208680.0,0.2707402285692919
208740.0,0.2706692809672107
208800.0,0.27059838316042756
208860.0,0.2705275350985225
208920.0,0.27045673673114035
208980.0,0.27038598800799063
209040.0,0.27031528887884737
209100.0,0.27024463929354897
209160.0,0.27017403920199806
209220.0,0.2701034885541617
209280.0,0.27003298730007097
209340.0,0.26996253538982107
209400.0,0.269892132773571
209460.0,0.2698217794015437
209520.0,0.26975147522402587
209580.0,0.26968122019136775
209640.0,0.2696110142539833
209700.0,0.26954085736234984
209760.0,0.26947074946700794
209820.0,0.2694006905185616
209880.0,0.269330680467678
209940.0,0.26926071926508727
210000.0,0.26919080686158253
210060.0,0.2691209432080199
210120.0,0.2690511282553181
210180.0,0.2689813619544586
210240.0,0.2689116442564855
210300.0,0.26884197511250546
210360.0,0.2687723544736873
210420.0,0.2687027822912624
210480.0,0.26863325851652414
210540.0,0.26856378310082846
210600.0,0.2684943559955928
210660.0,0.26842497715229674
210720.0,0.26835564652248173
210780.0,0.26828636405775086
210840.0,0.26821712970976896
210900.0,0.2681479434302624
210960.0,0.2680788051710189
211020.0,0.2680097148838876
211080.0,0.26794067252077913
211140.0,0.2678716780336651
211200.0,0.2678027313745781
211260.0,0.267733832495612
211320.0,0.26766498134892136
211380.0,0.26759617788672163
211440.0,0.2675274220612891
211500.0,0.26745871382496045
211560.0,0.267390053130133
211620.0,0.26732143992926455
211680.0,0.2672528741748733
211740.0,0.26718435581953764
211800.0,0.26711588481589615
211860.0,0.2670474611166474
211920.0,0.26697908467455006
211980.0,0.26691075544242276
212040.0,0.2668424733731439
212100.0,0.26677423841965137
212160.0,0.266706050534943
212220.0,0.26663790967207596
212280.0,0.26656981578416705
212340.0,0.2665017688243923
212400.0,0.266433768745987
212460.0,0.26636581550224575
212520.0,0.266297909046522
212580.0,0.26623004933222855
212640.0,0.2661622363128368
212700.0,0.2660944699418772
212760.0,0.2660267501729388
212820.0,0.2659590769596693
212880.0,0.26589145025577504
212940.0,0.2658238700150208
213000.0,0.26575633619122974
213060.0,0.2656888487382833
213120.0,0.26562140761012115
213180.0,0.26555401276074103
213240.0,0.2654866641441989
213300.0,0.26541936171460845
213360.0,0.2653521054261413
213420.0,0.2652848952330268
213480.0,0.26521773108955216
213540.0,0.26515061295006204
213600.0,0.2650835407689587
213660.0,0.2650165145007017
213720.0,0.2649495340998079
213780.0,0.26488259952085186
213840.0,0.26481571071846477
213900.0,0.26474886764733513
213960.0,0.2646820702622084
214020.0,0.26461531851788705
214080.0,0.2645486123692303
214140.0,0.26448195177115413
214200.0,0.26441533667863115
214260.0,0.2643487670466906
214320.0,0.264282242830418
214380.0,0.2642157639849556
214440.0,0.26414933046550193
214500.0,0.26408294222731143
214560.0,0.26401659922569504
214620.0,0.2639503014160195
214680.0,0.2638840487537078
214740.0,0.2638178411942386
214800.0,0.2637516786931466
214860.0,0.2636855612060219
214920.0,0.2636194886885106
214980.0,0.2635534610963141
215040.0,0.26348747838518954
215100.0,0.2634215405109493
215160.0,0.263355647429461
215220.0,0.26328979909664757
215280.0,0.2632239954684872
215340.0,0.26315823650101317
215400.0,0.26309252215031353
215460.0,0.2630268523725314
215520.0,0.2629612271238646
215580.0,0.2628956463605659
215640.0,0.2628301100389426
215700.0,0.2627646181153565
215760.0,0.262699170546224
215820.0,0.26263376728801596
215880.0,0.2625684082972574
215940.0,0.26250309353052786
216000.0,0.2624378229444608
216060.0,0.2623725965294511
216120.0,0.2623074141677159
216180.0,0.26224227585732457
216240.0,0.2621771814402886
216300.0,0.2621121309865771
216360.0,0.2620471245049
216420.0,0.2619821619170453
216480.0,0.26191724304624
216540.0,0.2618523680203474
216600.0,0.2617875368393676
216660.0,0.2617227493391136
216720.0,0.2616580054577895
216780.0,0.2615933052019163
216840.0,0.2615286485308232
216900.0,0.2614640354123655
216960.0,0.2613994658009818
217020.0,0.26133493965627747
217080.0,0.2612704569378581
217140.0,0.2612060176036052
217200.0,0.26114162158822446
217260.0,0.2610772688628911
217320.0,0.2610129593847354
217380.0,0.2609486931108874
217440.0,0.26088446999817627
217500.0,0.2608202899993831
217560.0,0.260756153073659
217620.0,0.26069205917770166
217680.0,0.2606280082682089
217740.0,0.260564000302456
217800.0,0.26050003524547977
217860.0,0.2604361130501033
217920.0,0.26037223367385337
217980.0,0.2603083970742569
218040.0,0.2602446032093907
218100.0,0.2601808520447241
218160.0,0.2601171435340934
218220.0,0.26005347763581504
218280.0,0.25998985430820554
218340.0,0.25992627350986813
218400.0,0.25986273520326253
218460.0,0.25979923934477994
218520.0,0.2597357858931488
218580.0,0.2596723748070973
218640.0,0.2596090060455032
218700.0,0.2595456795692504
218760.0,0.2594823953360656
218820.0,0.25941915330489146
218880.0,0.25935595343467055
218940.0,0.2592927956844501
219000.0,0.2592296800148016
219060.0,0.25916660638419486
219120.0,0.25910357475193363
219180.0,0.25904058507736144
219240.0,0.2589776373198742
219300.0,0.2589147314390908
219360.0,0.25885186739441707
219420.0,0.25878904514539924
219480.0,0.25872626465162774
219540.0,0.2586635258727604
219600.0,0.25860082876883034
219660.0,0.25853817329945905
219720.0,0.25847555942449374
219780.0,0.25841298710383465
219840.0,0.2583504562974342
219900.0,0.25828796696528394
219960.0,0.2582255190674481
220020.0,0.2581631125640363
220080.0,0.25810074741521083
220140.0,0.2580384235811771
220200.0,0.2579761410220478
220260.0,0.2579138996981888
220320.0,0.25785169956993936
220380.0,0.25778954059768766
220440.0,0.25772742274186655
220500.0,0.257665345962894
220560.0,0.25760331022132504
220620.0,0.2575413154777289
220680.0,0.25747936169272195
220740.0,0.25741744882696926
220800.0,0.2573555768412007
220860.0,0.25729374569616936
220920.0,0.2572319553526852
220980.0,0.2571702057716061
221040.0,0.25710849691383897
221100.0,0.25704682874035845
221160.0,0.25698520121215945
221220.0,0.25692361429029587
221280.0,0.2568620679358696
221340.0,0.25680056211003033
221400.0,0.2567390967739658
221460.0,0.25667767188892615
221520.0,0.2566162874162043
221580.0,0.2565549433171411
221640.0,0.256493639553124
221700.0,0.2564323760855643
221760.0,0.2563711528759546
221820.0,0.2563099698858222
221880.0,0.25624882707674224
221940.0,0.2561877244103355
222000.0,0.25612666184825167
222060.0,0.2560656393522137
222120.0,0.25600465688398183
222180.0,0.255943714405363
222240.0,0.25588281187821044
222300.0,0.2558219492644129
222360.0,0.2557611265259217
222420.0,0.25570034362472893
222480.0,0.2556396005228733
222540.0,0.25557889718243954
222600.0,0.2555182335655486
222660.0,0.25545760963438224
222720.0,0.2553970253511634
222780.0,0.25533648067816117
222840.0,0.25527597557769033
222900.0,0.2552155100120997
222960.0,0.25515508394380126
223020.0,0.25509469733524687
223080.0,0.25503435014893433
223140.0,0.2549740423474065
223200.0,0.2549137738932389
223260.0,0.2548535447490715
223320.0,0.25479335487758326
223380.0,0.2547332042414985
223440.0,0.25467309280358674
223500.0,0.2546130205266519
223560.0,0.25455298737355725
223620.0,0.25449299330720593
223680.0,0.2544330382905458
223740.0,0.25437312228656966
223800.0,0.2543132452583161
223860.0,0.2542534071688671
223920.0,0.25419360798134966
223980.0,0.2541338476589355
224040.0,0.25407412616484076
224100.0,0.2540144434623249
224160.0,0.2539547995146932
224220.0,0.2538951942852946
224280.0,0.2538356277375224
224340.0,0.253776099834814
224400.0,0.25371661054065153
224460.0,0.25365715981856035
224520.0,0.2535977476321101
224580.0,0.2535383739449143
224640.0,0.25347903872063027
224700.0,0.25341974192295996
224760.0,0.25336048351564816
224820.0,0.2533012634624836
224880.0,0.2532420817272987
224940.0,0.25318293827396937
225000.0,0.25312383306641495
225060.0,0.25306476606859835
225120.0,0.25300573724452585
225180.0,0.252946746558247
225240.0,0.25288779397385464
225300.0,0.25282887945548443
225360.0,0.25277000296731555
225420.0,0.25271116447357017
225480.0,0.25265236393851326
225540.0,0.25259360132645287
225600.0,0.25253487660173995
225660.0,0.2524761897287681
225720.0,0.25241754067197375
225780.0,0.25235892939583593
225840.0,0.25230035586487637
225900.0,0.2522418200436594
225960.0,0.2521833218967919
226020.0,0.2521248613889228
226080.0,0.25206643848474386
226140.0,0.2520080531489889
226200.0,0.25194970534643424
226260.0,0.2518913950418981
226320.0,0.2518331222002411
226380.0,0.2517748867863658
226440.0,0.25171668876521663
226500.0,0.2516585281017803
226560.0,0.2516004047610852
226620.0,0.2515423187082016
226680.0,0.25148426990824146
226740.0,0.2514262583263587
226800.0,0.2513682839277486
226860.0,0.2513103466776483
226920.0,0.2512524465413362
226980.0,0.25119458348413237
227040.0,0.25113675747139824
227100.0,0.25107896846853667
227160.0,0.2510212164409916
227220.0,0.2509635013542485
227280.0,0.2509058231738337
227340.0,0.2508481818653148
227400.0,0.2507905773943007
227460.0,0.250733009726441
227520.0,0.2506754788274263
227580.0,0.2506179846629881
227640.0,0.2505605271988988
227700.0,0.25050310640097156
227760.0,0.2504457222350601
227820.0,0.250388374667059
227880.0,0.25033106366290325
227940.0,0.2502737891885685
228000.0,0.2502165512100709
228060.0,0.250159349693467
228120.0,0.2501021846048536
228180.0,0.2500450559103679
228240.0,0.2499879635761874
228300.0,0.24993090756852973
228360.0,0.24987388785365267
228420.0,0.249816904397854
228480.0,0.24975995716747165
228540.0,0.24970304612888342
228600.0,0.24964617124850716
228660.0,0.24958933249280038
228720.0,0.2495325298282605
228780.0,0.24947576322142462
228840.0,0.24941903263886958
228900.0,0.24936233804721183
228960.0,0.24930567941310736
229020.0,0.24924905670325165
229080.0,0.24919246988437968
229140.0,0.2491359189232658
229200.0,0.24907940378672386
229260.0,0.24902292444160676
229320.0,0.24896648085480677
229380.0,0.2489100729932553
229440.0,0.24885370082392289
229500.0,0.24879736431381913
229560.0,0.24874106342999266
229620.0,0.24868479813953107
229680.0,0.24862856840956077
229740.0,0.24857237420724707
229800.0,0.24851621549979416
229860.0,0.24846009225444488
229920.0,0.2484040044384807
229980.0,0.2483479520192218
230040.0,0.24829193496402682
230100.0,0.24823595324029316
230160.0,0.24818000681545643
230220.0,0.24812409565699073
230280.0,0.24806821973240853
230340.0,0.2480123790092606
230400.0,0.24795657345513594
230460.0,0.2479008030376618
230520.0,0.24784506772450343
230580.0,0.24778936748336428
230640.0,0.24773370228198577
230700.0,0.24767807208814738
230760.0,0.24762247686966646
230820.0,0.2475669165943982
230880.0,0.24751139123023558
230940.0,0.24745590074510943
231000.0,0.2474004451069883
231060.0,0.24734502428387833
231120.0,0.24728963824382325
231180.0,0.24723428695490435
231240.0,0.24717897038524045
231300.0,0.24712368850298785
231360.0,0.24706844127634017
231420.0,0.2470132286735284
231480.0,0.24695805066282078
231540.0,0.2469029072125228
231600.0,0.2468477982909772
231660.0,0.24679272386656373
231720.0,0.2467376839076993
231780.0,0.24668267838283775
231840.0,0.24662770726047004
231900.0,0.24657277050912396
231960.0,0.2465178680973642
232020.0,0.24646299999379226
232080.0,0.24640816616704633
232140.0,0.24635336658580145
232200.0,0.2462986012187692
232260.0,0.24624387003469786
232320.0,0.2461891730023722
232380.0,0.24613451009061352
232440.0,0.24607988126827954
232500.0,0.24602528650426456
232560.0,0.245970725767499
232620.0,0.24591619902694972
232680.0,0.24586170625161977
232740.0,0.24580724741054844
232800.0,0.24575282247281122
232860.0,0.2456984314075196
232920.0,0.24564407418382114
232980.0,0.24558975077089945
233040.0,0.24553546113797406
233100.0,0.2454812052543004
233160.0,0.24542698308916974
233220.0,0.24537279461190914
233280.0,0.24531863979188145
233340.0,0.24526451859848517
233400.0,0.2452104310011545
233460.0,0.24515637696935919
233520.0,0.24510235647260456
233580.0,0.2450483694804314
233640.0,0.24499441596241597
233700.0,0.24494049588817002
233760.0,0.24488660922734054
233820.0,0.2448327559496098
233880.0,0.24477893602469541
233940.0,0.24472514942235013
234000.0,0.24467139611236188
234060.0,0.24461767606455373
234120.0,0.24456398924878373
234180.0,0.24451033563494495
234240.0,0.24445671519296544
234300.0,0.24440312789280821
234360.0,0.24434957370447108
234420.0,0.24429605259798665
234480.0,0.2442425645434223
234540.0,0.24418910951088013
234600.0,0.24413568747049702
234660.0,0.2440822983924443
234720.0,0.244028942246928
234780.0,0.24397561900418854
234840.0,0.24392232863450095
234900.0,0.24386907110817455
234960.0,0.24381584639555315
235020.0,0.2437626544670148
235080.0,0.2437094952929719
235140.0,0.24365636884387107
235200.0,0.24360327509019317
235260.0,0.2435502140024531
235320.0,0.24349718555119992
235380.0,0.2434441897070167
235440.0,0.24339122644052053
235500.0,0.24333829572236246
235560.0,0.24328539752322742
235620.0,0.2432325318138342
235680.0,0.2431796985649354
235740.0,0.2431268977473174
235800.0,0.2430741293318003
235860.0,0.24302139328923786
235920.0,0.24296868959051743
235980.0,0.24291601820655995
236040.0,0.2428633791083199
236100.0,0.24281077226678532
236160.0,0.24275819765297757
236220.0,0.24270565523795146
236280.0,0.24265314499279508
236340.0,0.24260066688862988
236400.0,0.24254822089661066
236460.0,0.24249580698792522
236520.0,0.24244342513379466
236580.0,0.24239107530547316
236640.0,0.24233875747424793
236700.0,0.2422864716114393
236760.0,0.24223421768840042
236820.0,0.24218199567651752
236880.0,0.24212980554720964
236940.0,0.24207764727192865
237000.0,0.2420255208221594
237060.0,0.2419734261694192
237120.0,0.24192136328525823
237180.0,0.24186933214125933
237240.0,0.24181733270903788
237300.0,0.241765364960242
237360.0,0.24171342886655214
237420.0,0.24166152439968133
237480.0,0.24160965153137498
237540.0,0.24155781023341097
237600.0,0.2415060004775994
237660.0,0.24145422226085028
237720.0,0.24140247549972607
237780.0,0.24135076019551852
237840.0,0.24129907625651772
237900.0,0.24124742368304672
237960.0,0.24119580250597383
238020.0,0.24114421272529912
238080.0,0.24109265420912931
238140.0,0.24104112693048727
238200.0,0.24098963095563913
238260.0,0.2409381662845849
238320.0,0.24088673281895034
238380.0,0.24083533047770558
238440.0,0.24078395928970356
238500.0,0.2407326192281081
238560.0,0.24068131027005346
238620.0,0.24063003239241193
238680.0,0.24057878556614004
238740.0,0.24052756976524467
238800.0,0.24047638496373258
238860.0,0.24042523112632042
238920.0,0.24037410821833796
238980.0,0.24032301621895658
239040.0,0.24027195510021057
239100.0,0.2402209248341342
239160.0,0.2401699253909851
239220.0,0.24011895674113812
239280.0,0.24006801885761525
239340.0,0.2400171117120736
239400.0,0.23996623527617023
239460.0,0.2399153895244665
239520.0,0.23986457443133205
239580.0,0.23981378996680947
239640.0,0.23976303610317248
239700.0,0.2397123128126948
239760.0,0.2396616200703839
239820.0,0.2396109578510669
239880.0,0.2395603261254977
239940.0,0.23950972486653055
240000.0,0.23945915404701953
240060.0,0.2394086136411271
240120.0,0.23935810362292922
240180.0,0.23930762396455288
240240.0,0.23925717463912993
240300.0,0.23920675561979232
240360.0,0.23915636688023806
240420.0,0.23910600839412782
240480.0,0.23905568013427886
240540.0,0.23900538207394326
240600.0,0.2389551141863731
240660.0,0.23890487644521569
240720.0,0.23885466882419246
240780.0,0.23880449129645553
240840.0,0.23875434383546262
240900.0,0.23870422641469305
240960.0,0.23865413900772728
241020.0,0.23860408158818233
241080.0,0.23855405412958242
241140.0,0.2385040566055349
241200.0,0.23845408898967307
241260.0,0.23840415125576728
241320.0,0.23835424337763458
241380.0,0.23830436532895832
241440.0,0.23825451708353362
241500.0,0.2382046986151877
241560.0,0.2381549098977779
241620.0,0.2381051509051934
241680.0,0.23805542161135818
241740.0,0.23800572199022682
241800.0,0.23795605201578593
241860.0,0.23790641166200835
241920.0,0.23785680090289038
241980.0,0.23780721971252616
242040.0,0.23775766806500642
242100.0,0.23770814593445147
242160.0,0.23765865329499042
242220.0,0.23760919012077802
242280.0,0.2375597563860282
242340.0,0.2375103520649684
242400.0,0.23746097713185452
242460.0,0.23741163156097636
242520.0,0.23736231532665325
242580.0,0.23731302840322463
242640.0,0.2372637707650627
242700.0,0.2372145423865683
242760.0,0.23716534324217808
242820.0,0.23711617330635845
242880.0,0.23706703255359457
242940.0,0.23701792095840563
243000.0,0.2369688384953398
243060.0,0.2369197851389721
243120.0,0.23687076086390604
243180.0,0.23682176564477758
243240.0,0.23677279945624996
243300.0,0.23672386227301534
243360.0,0.23667495406978784
243420.0,0.23662607482130926
243480.0,0.2365772245023603
243540.0,0.23652840308774511
243600.0,0.23647961055229655
243660.0,0.23643084687087057
243720.0,0.23638211201835077
243780.0,0.23633340596965685
243840.0,0.23628472869973305
243900.0,0.2362360801835518
243960.0,0.23618746039611077
244020.0,0.23613886931243533
244080.0,0.23609030690758348
244140.0,0.23604177315663905
244200.0,0.23599326803471404
244260.0,0.23594479151694595
244320.0,0.23589634357849984
244380.0,0.23584792419457262
244440.0,0.23579953334038725
244500.0,0.2357511709911947
244560.0,0.23570283712227055
244620.0,0.23565453170891787
244680.0,0.23560625472647223
244740.0,0.23555800615029462
244800.0,0.23550978595577388
244860.0,0.23546159411832293
244920.0,0.23541343061338185
244980.0,0.23536529541642365
245040.0,0.23531718850294628
245100.0,0.23526910984847538
245160.0,0.23522105942856114
245220.0,0.23517303721878022
245280.0,0.23512504319474078
245340.0,0.2350770773320761
245400.0,0.23502913960644659
245460.0,0.23498122999354
245520.0,0.2349333484690711
245580.0,0.23488549500878142
245640.0,0.23483766958843952
245700.0,0.23478987218384093
245760.0,0.23474210277080781
245820.0,0.2346943613251891
245880.0,0.23464664782286088
245940.0,0.2345989622397259
246000.0,0.23455130455171355
246060.0,0.23450367473478015
246120.0,0.23445607276490874
246180.0,0.23440849861810867
246240.0,0.234360952270416
246300.0,0.2343134336978934
246360.0,0.23426594287663016
246420.0,0.23421847978274218
246480.0,0.23417104439237155
246540.0,0.23412363668168693
246600.0,0.23407625662688336
246660.0,0.23402890420418224
246720.0,0.23398157938983122
246780.0,0.23393428216010437
246840.0,0.23388701249130195
246900.0,0.2338397703597505
246960.0,0.23379255574180263
247020.0,0.23374536861383705
247080.0,0.2336982089522587
247140.0,0.2336510767334986
247200.0,0.23360397193401375
247260.0,0.23355689453028716
247320.0,0.23350984449882786
247380.0,0.23346282181617073
247440.0,0.2334158264588766
247500.0,0.23336885840353216
247560.0,0.23332191762674995
247620.0,0.23327500410516835
247680.0,0.23322811781545144
247740.0,0.233181258734289
247800.0,0.23313442683839658
247860.0,0.23308762210451536
247920.0,0.2330408445094122
247980.0,0.23299409402987947
248040.0,0.23294737064273519
248100.0,0.23290067432482284
248160.0,0.2328540050530114
248220.0,0.23280736280419537
248280.0,0.23276074755529463
248340.0,0.23271415928325442
248400.0,0.2326675979650454
248460.0,0.23262106357766354
248520.0,0.23257455609813008
248580.0,0.23252807550349153
248640.0,0.23248162177081957
248700.0,0.23243519487721118
248760.0,0.2323887947997884
248820.0,0.23234242151569845
248880.0,0.2322960750021136
248940.0,0.23224975523623118
249000.0,0.23220346219527357
249060.0,0.2321571958564881
249120.0,0.2321109561971472
249180.0,0.23206474319454798
249240.0,0.2320185568260126
249300.0,0.2319723970688881
249360.0,0.23192626390054624
249420.0,0.2318801572983837
249480.0,0.23183407723982186
249540.0,0.23178802370230678
249600.0,0.23174199666330927
249660.0,0.2316959961003248
249720.0,0.23165002199087345
249780.0,0.23160407431249994
249840.0,0.23155815304277347
249900.0,0.23151225815928786
249960.0,0.23146638963966137
250020.0,0.23142054746153679
250080.0,0.23137473160258126
250140.0,0.2313289420404864
250200.0,0.2312831787529681
250260.0,0.23123744171776678
250320.0,0.231191730912647
250380.0,0.23114604631539767
250440.0,0.23110038790383194
250500.0,0.23105475565578712
250560.0,0.23100914954912474
250620.0,0.23096356956173045
250680.0,0.23091801567151404
250740.0,0.23087248785640935
250800.0,0.2308269860943743
250860.0,0.23078151036339087
250920.0,0.23073606064146499
250980.0,0.23069063690662653
251040.0,0.2306452391369293
251100.0,0.230599867310451
251160.0,0.23055452140529326
251220.0,0.23050920139958142
251280.0,0.23046390727146474
251340.0,0.23041863899911613
251400.0,0.23037339656073236
251460.0,0.23032817993453383
251520.0,0.23028298909876463
251580.0,0.23023782403169252
251640.0,0.23019268471160884
251700.0,0.23014757111682854
251760.0,0.2301024832256901
251820.0,0.23005742101655555
251880.0,0.23001238446781036
251940.0,0.22996737355786354
252000.0,0.22992238826514744
252060.0,0.22987742856811788
252120.0,0.229832494445254
252180.0,0.22978758587505832
252240.0,0.2297427028360566
252300.0,0.22969784530679796
252360.0,0.22965301326585472
252420.0,0.2296082066918224
252480.0,0.22956342556331968
252540.0,0.2295186698589885
252600.0,0.22947393955749384
252660.0,0.2294292346375238
252720.0,0.22938455507778954
252780.0,0.2293399008570253
252840.0,0.22929527195398822
252900.0,0.22925066834745852
252960.0,0.22920609001623926
253020.0,0.22916153693915653
253080.0,0.2291170090950592
253140.0,0.22907250646281904
253200.0,0.22902802902133063
253260.0,0.22898357674951136
253320.0,0.22893914962630146
253380.0,0.22889474763066373
253440.0,0.2288503707415838
253500.0,0.2288060189380699
253560.0,0.22876169219915296
253620.0,0.22871739050388654
253680.0,0.2286731138313467
253740.0,0.22862886216063216
253800.0,0.2285846354708641
253860.0,0.22854043374118624
253920.0,0.22849625695076475
253980.0,0.22845210507878827
254040.0,0.2284079781044678
254100.0,0.22836387600703678
254160.0,0.22831979876575093
254220.0,0.22827574635988834
254280.0,0.22823171876874943
254340.0,0.22818771597165682
254400.0,0.22814373794795537
254460.0,0.2280997846770122
254520.0,0.2280558561382166
254580.0,0.22801195231097998
254640.0,0.22796807317473589
254700.0,0.22792421870893995
254760.0,0.22788038889306989
254820.0,0.22783658370662543
254880.0,0.22779280312912836
254940.0,0.2277490471401224
255000.0,0.22770531571917318
255060.0,0.2276616088458684
255120.0,0.22761792649981744
255180.0,0.22757426866065175
255240.0,0.22753063530802448
255300.0,0.22748702642161062
255360.0,0.227443441981107
255420.0,0.22739988196623215
255480.0,0.22735634635672633
255540.0,0.2273128351323515
255600.0,0.22726934827289128
255660.0,0.22722588575815092
255720.0,0.22718244756795736
255780.0,0.22713903368215904
255840.0,0.22709564408062596
255900.0,0.2270522787432497
255960.0,0.2270089376499433
256020.0,0.22696562078064125
256080.0,0.22692232811529955
256140.0,0.22687905963389557
256200.0,0.22683581531642807
256260.0,0.2267925951429172
256320.0,0.22674939909340447
256380.0,0.22670622714795263
256440.0,0.22666307928664578
256500.0,0.22661995548958916
256560.0,0.22657685573690936
256620.0,0.2265337800087541
256680.0,0.22649072828529226
256740.0,0.2264477005467139
256800.0,0.22640469677323016
256860.0,0.22636171694507332
256920.0,0.22631876104249668
256980.0,0.2262758290457746
257040.0,0.22623292093520242
257100.0,0.22619003669109647
257160.0,0.22614717629379408
257220.0,0.22610433972365337
257280.0,0.22606152696105353
257340.0,0.2260187379863945
257400.0,0.22597597278009707
257460.0,0.22593323132260296
257520.0,0.22589051359437462
257580.0,0.2258478195758952
257640.0,0.22580514924766867
257700.0,0.2257625025902197
257760.0,0.22571987958409362
257820.0,0.2256772802098564
257880.0,0.22563470444809472
257940.0,0.2255921522794158
258000.0,0.2255496236844474
258060.0,0.22550711864383796
258120.0,0.22546463713825637
258180.0,0.225422179148392
258240.0,0.22537974465495472
258300.0,0.22533733363867484
258360.0,0.22529494608030312
258420.0,0.22525258196061068
258480.0,0.22521024126038905
258540.0,0.22516792396045007
258600.0,0.2251256300416259
258660.0,0.22508335948476899
258720.0,0.22504111227075205
258780.0,0.22499888838046808
258840.0,0.22495668779483022
258900.0,0.22491451049477185
258960.0,0.22487235646124645
259020.0,0.22483022567522776
259080.0,0.2247881181177095
259140.0,0.2247460337697055
259200.0,0.22470397261224972
259260.0,0.224661934645409
259320.0,0.22461991980855392
259380.0,0.22457792810432925
259440.0,0.22453595948044144
259500.0,0.22449401390145596
259560.0,0.22445209140853573
259620.0,0.22441019200168077
259680.0,0.2243683156808911
259740.0,0.22432646227465336
259800.0,0.22428463187066042
259860.0,0.22424282448327543
259920.0,0.22420104011249845
259980.0,0.224159278706952
260040.0,0.22411754016683177
260100.0,0.22407582453674094
260160.0,0.22403413179863652
260220.0,0.2239924619344757
260280.0,0.22395081493296926
260340.0,0.22390919077486499
260400.0,0.22386758944185484
260460.0,0.22382601091666882
260520.0,0.22378445518203702
260580.0,0.22374292220651418
260640.0,0.22370141197536875
260700.0,0.22365992447188718
260760.0,0.22361845967717725
260820.0,0.22357701757234674
260880.0,0.22353559813560772
260940.0,0.22349420134858647
261000.0,0.22345282719250448
261060.0,0.22341147564813812
261120.0,0.22337014669626382
261180.0,0.22332884032185304
261240.0,0.22328755650493096
261300.0,0.2232462952261093
261360.0,0.22320505646664454
261420.0,0.22316384020779317
261480.0,0.2231226464347265
261540.0,0.22308147512799997
261600.0,0.2230403262687164
261660.0,0.22299919983858027
261720.0,0.22295809581929615
261780.0,0.22291701419429938
261840.0,0.2228759549449845
261900.0,0.2228349180529881
261960.0,0.2227939035002128
262020.0,0.22275291126856114
262080.0,0.22271194134053227
262140.0,0.22267099369792193
262200.0,0.22263006832260931
262260.0,0.2225891651965653
262320.0,0.2225482843017607
262380.0,0.22250742562057202
262440.0,0.22246658913496972
262500.0,0.22242577482696987
262560.0,0.22238498267865864
262620.0,0.22234421267213383
262680.0,0.22230346478964028
262740.0,0.22226273901329913
262800.0,0.22222203532525855
262860.0,0.22218135370770176
262920.0,0.22214069414282758
262980.0,0.22210005661300666
263040.0,0.22205944110046896
263100.0,0.22201884758747767
263160.0,0.22197827605633852
263220.0,0.22193772648937748
263280.0,0.22189719886894158
263340.0,0.2218566931773971
263400.0,0.22181620939713048
263460.0,0.2217757475105486
263520.0,0.22173530750007842
263580.0,0.22169488934810652
263640.0,0.22165449303710036
263700.0,0.2216141185495407
263760.0,0.22157376586791805
263820.0,0.22153343497474132
263880.0,0.22149312585250974
263940.0,0.22145283848376915
264000.0,0.22141257285108057
264060.0,0.2213723289370187
264120.0,0.22133210672417575
264180.0,0.22129190619516925
264240.0,0.22125172733262663
264300.0,0.2212115701191939
264360.0,0.22117143453753588
264420.0,0.2211313205703353
264480.0,0.22109122820030297
264540.0,0.22105115741015727
264600.0,0.22101110818263553
264660.0,0.22097108050049474
264720.0,0.22093107434651002
264780.0,0.22089108970347246
264840.0,0.22085112655419345
264900.0,0.22081118488150223
264960.0,0.22077126466824587
265020.0,0.22073136589728942
265080.0,0.22069148855150783
265140.0,0.22065163261380233
265200.0,0.22061179806709133
265260.0,0.22057198489430985
265320.0,0.2205321930784108
265380.0,0.22049242260235843
265440.0,0.22045267344914135
265500.0,0.22041294560176516
265560.0,0.22037323904325226
265620.0,0.22033355375664268
265680.0,0.22029388972499087
265740.0,0.22025424693137216
265800.0,0.22021462535887915
265860.0,0.22017502499062158
265920.0,0.22013544580972666
265980.0,0.2200958877993366
266040.0,0.22005635094261372
266100.0,0.2200168352227377
266160.0,0.21997734062290525
266220.0,0.21993786712633054
266280.0,0.2198984147162418
266340.0,0.2198589833758882
266400.0,0.21981957308853595
266460.0,0.2197801838374682
266520.0,0.21974081560598543
266580.0,0.2197014683774015
266640.0,0.2196621421350517
266700.0,0.21962283686228815
266760.0,0.21958355254247974
266820.0,0.2195442891590126
266880.0,0.21950504669528684
266940.0,0.21946582513472257
267000.0,0.21942662446075686
267060.0,0.2193874446568433
267120.0,0.21934828570645237
267180.0,0.21930914759307196
267240.0,0.21927003030020656
267300.0,0.2192309338113775
267360.0,0.2191918581101232
267420.0,0.2191528031799989
267480.0,0.21911376900457638
267540.0,0.21907475556744455
267600.0,0.21903576285220913
267660.0,0.21899679084249254
267720.0,0.218957839521934
267780.0,0.21891890887418963
267840.0,0.21887999888293214
267900.0,0.21884110953185087
267960.0,0.21880224080465197
268020.0,0.21876339268505818
268080.0,0.21872456515680908
268140.0,0.2186857582036607
268200.0,0.2186469718093858
268260.0,0.2186082059577736
268320.0,0.21856946063263002
268380.0,0.2185307358177774
268440.0,0.21849203149705468
268500.0,0.21845334765431731
268560.0,0.21841468427343727
268620.0,0.21837604133830293
268680.0,0.21833741883281904
268740.0,0.21829881674090687
268800.0,0.2182602350465041
268860.0,0.21822167373356474
268920.0,0.2181831327860592
268980.0,0.21814461218797424
269040.0,0.21810611192331286
269100.0,0.21806763197609447
269160.0,0.21802917233035465
269220.0,0.21799073297014535
269280.0,0.21795231387953468
269340.0,0.21791391504260704
269400.0,0.21787553644346294
269460.0,0.2178371780662191
269520.0,0.21779883989500848
269580.0,0.21776052191398015
269640.0,0.2177222241072993
269700.0,0.21768394645914715
269760.0,0.21764568895372113
269820.0,0.21760745157523462
269880.0,0.21756923430791705
269940.0,0.21753103713601396
270000.0,0.21749286004378682
270060.0,0.21745470301551312
270120.0,0.21741656603548623
270180.0,0.21737844908801562
270240.0,0.21734035215742653
270300.0,0.2173022752280602
270360.0,0.21726421828427372
270420.0,0.21722618131044005
270480.0,0.21718816429094798
270540.0,0.21715016721020214
270600.0,0.21711219005262297
270660.0,0.2170742328026467
270720.0,0.2170362954447253
270780.0,0.21699837796332658
270840.0,0.21696048034293397
270900.0,0.21692260256804669
270960.0,0.21688474462317958
271020.0,0.2168469064928632
271080.0,0.21680908816164376
271140.0,0.21677128961408307
271200.0,0.21673351083475856
271260.0,0.21669575180826328
271320.0,0.21665801251920586
271380.0,0.21662029295221047
271440.0,0.21658259309191685
271500.0,0.2165449129229802
271560.0,0.21650725243007127
271620.0,0.21646961159787628
271680.0,0.21643199041109687
271740.0,0.21639438885445017
271800.0,0.21635680691266873
271860.0,0.21631924457050047
271920.0,0.21628170181270875
271980.0,0.21624417862407228
272040.0,0.2162066749893851
272100.0,0.21616919089345654
272160.0,0.21613172632111136
272220.0,0.2160942812571895
272280.0,0.21605685568654623
272340.0,0.21601944959405203
272400.0,0.21598206296459266
272460.0,0.21594469578306907
272520.0,0.2159073480343974
272580.0,0.21587001970350905
272640.0,0.21583271077535052
272700.0,0.21579542123488343
272760.0,0.2157581510670846
272820.0,0.21572090025694587
272880.0,0.21568366878947426
272940.0,0.21564645664969173
273000.0,0.21560926382263543
273060.0,0.21557209029335744
273120.0,0.21553493604692492
273180.0,0.21549780106841998
273240.0,0.2154606853429398
273300.0,0.21542358885559637
273360.0,0.21538651159151675
273420.0,0.21534945353584284
273480.0,0.21531241467373152
273540.0,0.21527539499035453
273600.0,0.2152383944708985
273660.0,0.2152014131005648
273720.0,0.21516445086456978
273780.0,0.21512750774814451
273840.0,0.21509058373653486
273900.0,0.21505367881500154
273960.0,0.21501679296881995
274020.0,0.21497992618328027
274080.0,0.21494307844368743
274140.0,0.21490624973536107
274200.0,0.21486944004363545
274260.0,0.21483264935385954
274320.0,0.21479587765139702
274380.0,0.21475912492162608
274440.0,0.2147223911499396
274500.0,0.21468567632174512
274560.0,0.21464898042246464
274620.0,0.21461230343753482
274680.0,0.21457564535240684
274740.0,0.2145390061525464
274800.0,0.21450238582343373
274860.0,0.21446578435056352
274920.0,0.21442920171944496
274980.0,0.21439263791560173
275040.0,0.21435609292457192
275100.0,0.214319566731908
275160.0,0.2142830593231769
275220.0,0.21424657068395997
275280.0,0.21421010079985287
275340.0,0.21417364965646563
275400.0,0.21413721723942267
275460.0,0.21410080353436264
275520.0,0.21406440852693856
275580.0,0.21402803220281771
275640.0,0.21399167454768167
275700.0,0.21395533554722618
275760.0,0.21391901518716133
275820.0,0.21388271345321136
275880.0,0.2138464303311147
275940.0,0.21381016580662404
276000.0,0.21377391986550617
276060.0,0.21373769249354205
276120.0,0.2137014836765267
276180.0,0.21366529340026938
276240.0,0.21362912165059333
276300.0,0.21359296841333597
276360.0,0.21355683367434866
276420.0,0.21352071741949696
276480.0,0.21348461963466034
276540.0,0.21344854030573232
276600.0,0.21341247941862046
276660.0,0.21337643695924619
276720.0,0.213340412913545
276780.0,0.21330440726746627
276840.0,0.2132684200069734
276900.0,0.21323245111804356
276960.0,0.21319650058666795
277020.0,0.2131605683988515
277080.0,0.21312465454061316
277140.0,0.21308875899798563
277200.0,0.21305288175701545
277260.0,0.213017022803763
277320.0,0.2129811821243024
277380.0,0.2129453597047216
277440.0,0.21290955553112226
277500.0,0.21287376958961984
277560.0,0.21283800186634352
277620.0,0.21280225234743613
277680.0,0.2127665210190543
277740.0,0.21273080786736825
277800.0,0.2126951128785619
277860.0,0.21265943603883283
277920.0,0.21262377733439222
277980.0,0.21258813675146487
278040.0,0.21255251427628918
278100.0,0.21251690989511715
278160.0,0.2124813235942143
278220.0,0.2124457553598597
278280.0,0.21241020517834608
278340.0,0.2123746730359795
278400.0,0.21233915891907967
278460.0,0.21230366281397967
278520.0,0.2122681847070261
278580.0,0.212232724584579
278640.0,0.21219728243301186
278700.0,0.2121618582387116
278760.0,0.21212645198807845
278820.0,0.2120910636675261
278880.0,0.2120556932634817
278940.0,0.21202034076238563
279000.0,0.21198500615069168
279060.0,0.2119496894148669
279120.0,0.2119143905413917
279180.0,0.2118791095167597
279240.0,0.2118438463274779
279300.0,0.2118086009600665
279360.0,0.21177337340105895
279420.0,0.2117381636370019
279480.0,0.21170297165445534
279540.0,0.21166779743999228
279600.0,0.21163264098019904
279660.0,0.21159750226167504
279720.0,0.21156238127103283
279780.0,0.2115272779948982
279840.0,0.21149219241991
279900.0,0.21145712453272014
279960.0,0.21142207431999366
280020.0,0.21138704176840867
280080.0,0.21135202686465632
280140.0,0.21131702959544077
280200.0,0.2112820499474793
280260.0,0.21124708790750207
280320.0,0.21121214346225237
280380.0,0.21117721659848634
280440.0,0.2111423073029732
280500.0,0.21110741556249504
280560.0,0.2110725413638469
280620.0,0.2110376846938367
280680.0,0.2110028455392854
280740.0,0.21096802388702668
280800.0,0.21093321972390722
280860.0,0.21089843305157446
280920.0,0.21086366382474583
280980.0,0.21082891204654705
281040.0,0.21079417769132444
281100.0,0.21075946070195795
281160.0,0.21072476112487737
281220.0,0.21069007896008274
281280.0,0.21065541420757405
281340.0,0.21062076683686518
281400.0,0.2105861367383483
281460.0,0.21055152399915045
281520.0,0.21051692861927165
281580.0,0.21048235059871193
281640.0,0.21044778991294552
281700.0,0.21041324645796797
281760.0,0.21037872028450616
281820.0,0.21034421138005258
281880.0,0.21030971973209966
281940.0,0.21027524532949762
282000.0,0.2102407881654966
282060.0,0.21020634822478076
282120.0,0.210171925495535
282180.0,0.2101375199659442
282240.0,0.2101031316215591
282300.0,0.21006876043939443
282360.0,0.21003440641308313
282420.0,0.21000006952946676
282480.0,0.20996574977538687
282540.0,0.20993144713712092
282600.0,0.2098971615991183
282660.0,0.20986289314938733
282720.0,0.20982864177448185
282780.0,0.2097944074609557
282840.0,0.20976019019611117
282900.0,0.20972598996967565
282960.0,0.2096918067666551
283020.0,0.20965764057398512
283080.0,0.20962349137860117
283140.0,0.20958935916813354
283200.0,0.20955524393246389
283260.0,0.20952114565709082
283320.0,0.20948706432930414
283380.0,0.20945299993639369
283440.0,0.20941895246593714
283500.0,0.20938492190644536
283560.0,0.20935090824461264
283620.0,0.20931691146787562
283680.0,0.20928293156367095
283740.0,0.20924896851951197
283800.0,0.20921502232316033
283860.0,0.2091810929618942
283920.0,0.20914718042318925
283980.0,0.2091132846945213
284040.0,0.20907940576342712
284100.0,0.2090455436176413
284160.0,0.2090116982445133
284220.0,0.20897786963155005
284280.0,0.20894405776625838
284340.0,0.2089102626362459
284400.0,0.20887648422944669
284460.0,0.2088427225331592
284520.0,0.2088089775349417
284580.0,0.2087752492223525
284640.0,0.20874153758307262
284700.0,0.2087078426051815
284760.0,0.20867416427598318
284820.0,0.20864050258309855
284880.0,0.20860685751414856
284940.0,0.2085732290568778
285000.0,0.2085396171994317
285060.0,0.20850602192917536
285120.0,0.20847244323379274
285180.0,0.20843888110096784
285240.0,0.20840533551847468
285300.0,0.20837180647442166
285360.0,0.20833829395637515
285420.0,0.2083047979521304
285480.0,0.20827131844949462
285540.0,0.2082378554362807
285600.0,0.20820440890028943
285660.0,0.20817097882937274
285720.0,0.20813756521137813
285780.0,0.20810416803416432
285840.0,0.20807078728560807
285900.0,0.20803742295362285
285960.0,0.20800407502609197
286020.0,0.2079707434909274
286080.0,0.2079374283360532
286140.0,0.20790412954940465
286200.0,0.20787084711892587
286260.0,0.20783758103257843
286320.0,0.20780433127833373
286380.0,0.20777109784417522
286440.0,0.20773788071809435
286500.0,0.20770467988808008
286560.0,0.2076714953421569
286620.0,0.2076383270683514
286680.0,0.20760517505470155
286740.0,0.20757203928925536
286800.0,0.20753891976006666
286860.0,0.20750581645520985
286920.0,0.20747272936276698
286980.0,0.20743965847083135
287040.0,0.20740660376750805
287100.0,0.20737356524091574
287160.0,0.20734054287918072
287220.0,0.20730753667044208
287280.0,0.20727454660285025
287340.0,0.20724157266456744
287400.0,0.20720861484376887
287460.0,0.2071756731286384
287520.0,0.20714274750737244
287580.0,0.20710983796817867
287640.0,0.20707694449927588
287700.0,0.20704406708889248
287760.0,0.207011205725271
287820.0,0.20697836039666434
287880.0,0.2069455310913366
287940.0,0.2069127177975625
288000.0,0.20687992050362516
288060.0,0.2068471391978238
288120.0,0.206814373868467
288180.0,0.20678162450387452
288240.0,0.2067488910923768
288300.0,0.2067161736223131
288360.0,0.20668347208203774
288420.0,0.20665078645991475
288480.0,0.2066181167443192
288540.0,0.20658546292363697
288600.0,0.2065528249862634
288660.0,0.2065202029206077
288720.0,0.206487596715089
288780.0,0.20645500635813768
288840.0,0.20642243183819467
288900.0,0.2063898731437106
288960.0,0.20635733026314956
289020.0,0.20632480318498575
289080.0,0.2062922918977044
289140.0,0.2062597963898013
289200.0,0.20622731664978156
289260.0,0.20619485266616416
289320.0,0.2061624044274779
289380.0,0.20612997192226262
289440.0,0.20609755513906858
289500.0,0.20606515406645518
289560.0,0.20603276869299583
289620.0,0.20600039900727365
289680.0,0.20596804499788265
289740.0,0.20593570665342736
289800.0,0.20590338396252164
289860.0,0.20587107691379247
289920.0,0.20583878549587672
289980.0,0.20580650969742204
290040.0,0.20577424950708675
290100.0,0.2057420049135402
290160.0,0.2057097759054621
290220.0,0.20567756247154312
290280.0,0.20564536460048446
290340.0,0.20561318228099812
290400.0,0.20558101550180644
290460.0,0.20554886425164282
290520.0,0.20551672851925112
290580.0,0.20548460829338588
290640.0,0.20545250356281222
290700.0,0.20542041431630606
290760.0,0.20538834054265367
290820.0,0.205356282230652
290880.0,0.20532423936910857
290940.0,0.2052922119468415
291000.0,0.2052601999526795
291060.0,0.20522820337546172
291120.0,0.20519622220403788
291180.0,0.20516425642726824
291240.0,0.20513230603402355
291300.0,0.205100371013185
291360.0,0.20506845135364435
291420.0,0.20503654704430374
291480.0,0.20500465807407586
291540.0,0.2049727844318838
291600.0,0.20494092610666098
291660.0,0.2049090830873514
291720.0,0.2048772553629094
291780.0,0.20484544292229967
291840.0,0.20481364575449737
291900.0,0.2047818638484879
291960.0,0.20475009719326714
292020.0,0.20471834577784123
292080.0,0.2046866095912267
292140.0,0.20465488862245038
292200.0,0.20462318286054948
292260.0,0.20459149229457144
292320.0,0.20455981691357394
292380.0,0.20452815670662505
292440.0,0.20449651166280305
292500.0,0.20446488177119646
292560.0,0.20443326702090406
292620.0,0.20440166740103485
292680.0,0.20437008290070804
292740.0,0.20433851350905313
292800.0,0.20430695921520967
292860.0,0.20427542000832744
292920.0,0.20424389587756647
292980.0,0.20421238681209689
293040.0,0.20418089280109894
293100.0,0.20414941383376312
293160.0,0.20411794989928994
293220.0,0.20408650098689005
293280.0,0.2040550670857842
293340.0,0.20402364818520327
293400.0,0.20399224427438817
293460.0,0.2039608553425899
293520.0,0.2039294813790695
293580.0,0.20389812237309804
293640.0,0.2038667783139567
293700.0,0.20383544919093657
293760.0,0.20380413499333885
293820.0,0.20377283571047466
293880.0,0.20374155133166516
293940.0,0.20371028184624143
294000.0,0.20367902724354464
294060.0,0.20364778751292575
294120.0,0.20361656264374578
294180.0,0.2035853526253756
294240.0,0.20355415744719607
294300.0,0.20352297709859793
294360.0,0.20349181156898177
294420.0,0.20346066084775816
294480.0,0.20342952492434743
294540.0,0.2033984037881799
294600.0,0.20336729742869558
294660.0,0.20333620583534448
294720.0,0.20330512899758638
294780.0,0.20327406690489083
294840.0,0.20324301954673724
294900.0,0.20321198691261483
294960.0,0.20318096899202254
295020.0,0.20314996577446917
295080.0,0.2031189772494732
295140.0,0.2030880034065629
295200.0,0.20305704423527632
295260.0,0.20302609972516114
295320.0,0.20299516986577484
295380.0,0.20296425464668458
295440.0,0.20293335405746724
295500.0,0.20290246808770931
295560.0,0.20287159672700703
295620.0,0.20284073996496627
295680.0,0.20280989779120256
295740.0,0.2027790701953411
295800.0,0.2027482571670167
295860.0,0.20271745869587376
295920.0,0.20268667477156635
295980.0,0.2026559053837581
296040.0,0.20262515052212224
296100.0,0.20259441017634147
296160.0,0.20256368433610822
296220.0,0.2025329729911244
296280.0,0.20250227613110144
296340.0,0.20247159374576035
296400.0,0.20244092582483167
296460.0,0.20241027235805542
296520.0,0.2023796333351811
296580.0,0.20234900874596776
296640.0,0.2023183985801839
296700.0,0.20228780282760744
296760.0,0.20225722147802583
296820.0,0.20222665452123595
296880.0,0.20219610194704407
296940.0,0.20216556374526595
297000.0,0.20213503990572673
297060.0,0.20210453041826099
297120.0,0.20207403527271264
297180.0,0.20204355445893504
297240.0,0.20201308796679085
297300.0,0.20198263578615216
297360.0,0.20195219790690042
297420.0,0.20192177431892636
297480.0,0.20189136501213006
297540.0,0.20186096997642097
297600.0,0.20183058920171779
297660.0,0.2018002226779485
297720.0,0.20176987039505045
297780.0,0.20173953234297023
297840.0,0.2017092085116637
297900.0,0.20167889889109597
297960.0,0.2016486034712414
298020.0,0.20161832224208356
298080.0,0.2015880551936153
298140.0,0.20155780231583867
298200.0,0.20152756359876492
298260.0,0.20149733903241446
298320.0,0.20146712860681693
298380.0,0.2014369323120111
298440.0,0.20140675013804496
298500.0,0.2013765820749757
298560.0,0.20134642811286949
298620.0,0.20131628824180178
298680.0,0.2012861624518571
298740.0,0.20125605073312905
298800.0,0.2012259530757204
298860.0,0.20119586946974297
298920.0,0.20116579990531766
298980.0,0.20113574437257445
299040.0,0.2011057028616524
299100.0,0.20107567536269966
299160.0,0.20104566186587328
299220.0,0.2010156623613395
299280.0,0.20098567683927346
299340.0,0.2009557052898594
299400.0,0.20092574770329052
299460.0,0.2008958040697691
299520.0,0.20086587437950623
299580.0,0.20083595862272213
299640.0,0.2008060567896459
299700.0,0.20077616887051558
299760.0,0.20074629485557818
299820.0,0.20071643473508965
299880.0,0.20068658849931487
299940.0,0.20065675613852754
300000.0,0.20062693764301046
300060.0,0.20059713300305512
300120.0,0.200567342208962
300180.0,0.20053756525104038
300240.0,0.20050780211960847
300300.0,0.2004780528049933
300360.0,0.20044831729753076
300420.0,0.20041859558756553
300480.0,0.20038888766545115
300540.0,0.20035919352154993
300600.0,0.2003295131462331
300660.0,0.20029984652988056
300720.0,0.200270193662881
300780.0,0.20024055453563203
300840.0,0.2002109291385398
300900.0,0.20018131746201934
300960.0,0.20015171949649443
301020.0,0.20012213523239752
301080.0,0.2000925646601699
301140.0,0.2000630077702614
301200.0,0.20003346455313076
301260.0,0.20000393499924526
301320.0,0.19997441909908095
301380.0,0.19994491684312252
301440.0,0.19991542822186337
301500.0,0.1998859532258054
301560.0,0.19985649184545937
301620.0,0.19982704407134458
301680.0,0.1997976098939889
301740.0,0.19976818930392892
301800.0,0.19973878229170983
301860.0,0.19970938884788536
301920.0,0.19968000896301785
301980.0,0.19965064262767826
302040.0,0.1996212898324461
302100.0,0.19959195056790938
302160.0,0.19956262482466475
302220.0,0.19953331259331736
302280.0,0.1995040138644809
302340.0,0.1994747286287776
302400.0,0.19944545687683818
302460.0,0.19941619900919044
302520.0,0.19938695421383298
302580.0,0.1993577228558236
302640.0,0.19932850494025883
302700.0,0.19929930046186833
302760.0,0.19927010937500544
302820.0,0.19924093169181997
302880.0,0.19921176742464297
302940.0,0.19918261657347447
303000.0,0.19915347913831444
303060.0,0.19912435503658127
303120.0,0.19909524429014985
303180.0,0.19906614692153568
303240.0,0.19903706293073878
303300.0,0.19900799231775915
303360.0,0.19897893501333203
303420.0,0.19894989101818486
303480.0,0.19892086034050824
303540.0,0.1988918429713644
303600.0,0.1988628389018155
303660.0,0.19883384812691574
303720.0,0.19880487063768543
303780.0,0.1987759064247147
303840.0,0.1987469554795809
303900.0,0.1987180177938614
303960.0,0.19868909335176518
304020.0,0.19866018214494705
304080.0,0.19863128416585557
304140.0,0.1986023994051173
304200.0,0.19857352785335883
304260.0,0.19854466949959576
304320.0,0.19851582433447154
304380.0,0.19848699234880318
304440.0,0.19845817353300943
304500.0,0.19842936787750892
304560.0,0.19840057537479028
304620.0,0.19837179601525048
304680.0,0.1983430297890634
304740.0,0.19831427668691481
304800.0,0.1982855366994905
304860.0,0.19825680981940277
304920.0,0.1982280960373171
304980.0,0.19819939534369146
305040.0,0.19817070772946027
305100.0,0.1981420331855579
305160.0,0.19811337170370624
305220.0,0.19808472327483145
305280.0,0.19805608788977475
305340.0,0.19802746553957212
305400.0,0.1979988562152596
305460.0,0.19797025990806735
305520.0,0.1979416766090294
305580.0,0.19791310630915876
305640.0,0.19788454899951646
305700.0,0.19785600467116363
305760.0,0.19782747331531073
305820.0,0.1977989549230173
305880.0,0.19777044948532674
305940.0,0.1977419569933194
306000.0,0.19771347743807557
306060.0,0.19768501081093637
306120.0,0.1976565571029794
306180.0,0.19762811630525418
306240.0,0.19759968840887468
306300.0,0.19757127340495492
306360.0,0.197542871284932
306420.0,0.19751448203991656
306480.0,0.19748610566098437
306540.0,0.1974577421392911
306600.0,0.19742939146599245
306660.0,0.1974010536325699
306720.0,0.19737272863017571
306780.0,0.1973444164499271
306840.0,0.1973161170830217
306900.0,0.19728783052065735
306960.0,0.19725955675427648
307020.0,0.19723129577512075
307080.0,0.1972030475744014
307140.0,0.1971748121433944
307200.0,0.1971465894733837
307260.0,0.19711837955564346
307320.0,0.1970901823814704
307380.0,0.19706199794217166
307440.0,0.19703382622905757
307500.0,0.1970056672334459
307560.0,0.1969775209466805
307620.0,0.1969493873600974
307680.0,0.19692126646503774
307740.0,0.196893158252855
307800.0,0.19686506271491072
307860.0,0.1968369798425722
307920.0,0.1968089096272167
307980.0,0.1967808520602298
308040.0,0.19675280713300447
308100.0,0.19672477483694167
308160.0,0.19669675516343993
308220.0,0.19666874810391424
308280.0,0.19664075364978895
308340.0,0.1966127717924936
308400.0,0.19658480252346527
308460.0,0.19655684583414484
308520.0,0.19652890171598397
308580.0,0.1965009701604425
308640.0,0.19647305115898678
308700.0,0.19644514470309074
308760.0,0.1964172507842374
308820.0,0.19638936939391602
308880.0,0.19636150052362297
308940.0,0.19633364416486274
309000.0,0.19630580030914727
309060.0,0.19627796894799734
309120.0,0.1962501500729403
309180.0,0.19622234367551084
309240.0,0.19619454974725148
309300.0,0.19616676827971247
309360.0,0.19613899926445047
309420.0,0.19611124269303057
309480.0,0.19608349855702575
309540.0,0.19605576684801615
309600.0,0.19602804755758957
309660.0,0.19600034067733926
309720.0,0.19597264619886767
309780.0,0.19594496411378517
309840.0,0.19591729441370903
309900.0,0.1958896370902641
309960.0,0.19586199213508107
310020.0,0.1958343595397994
310080.0,0.19580673929606635
310140.0,0.19577913139553613
310200.0,0.1957515358298704
310260.0,0.19572395259073727
310320.0,0.1956963816698131
310380.0,0.19566882305878178
310440.0,0.1956412767493344
310500.0,0.1956137427331695
310560.0,0.19558622100199197
310620.0,0.19555871154751492
310680.0,0.19553121436145895
310740.0,0.1955037294355519
310800.0,0.19547625676152885
310860.0,0.19544879633113116
310920.0,0.19542134813610848
310980.0,0.195393912168218
311040.0,0.19536648841922397
311100.0,0.1953390768808979
311160.0,0.19531167754501752
311220.0,0.19528429040336873
311280.0,0.19525691544774504
311340.0,0.19522955266994696
311400.0,0.19520220206178224
311460.0,0.19517486361506492
311520.0,0.19514753732161697
311580.0,0.1951202231732678
311640.0,0.19509292116185376
311700.0,0.1950656312792184
311760.0,0.19503835351721255
311820.0,0.1950110878676941
311880.0,0.1949838343225282
311940.0,0.194956592873587
312000.0,0.19492936351274998
312060.0,0.19490214623190352
312120.0,0.19487494102294128
312180.0,0.1948477478777641
312240.0,0.19482056678827978
312300.0,0.19479339774640336
312360.0,0.194766240744057
312420.0,0.19473909577316983
312480.0,0.1947119628256782
312540.0,0.19468484189352542
312600.0,0.19465773296866193
312660.0,0.1946306360430453
312720.0,0.19460355110864008
312780.0,0.19457647815741785
312840.0,0.19454941718135732
312900.0,0.19452236817244414
312960.0,0.1944953311226711
313020.0,0.19446830602403792
313080.0,0.19444129286855136
313140.0,0.1944142916482252
313200.0,0.19438730235508023
313260.0,0.19436032498114417
313320.0,0.19433335951845174
313380.0,0.19430640595904466
313440.0,0.1942794642949716
313500.0,0.1942525345182882
313560.0,0.19422561662105708
313620.0,0.1941987105953477
313680.0,0.1941718164332366
313740.0,0.19414493412680714
313800.0,0.1941180636681496
313860.0,0.19409120504936128
313920.0,0.19406435826254634
313980.0,0.19403752329981577
314040.0,0.19401070015328756
314100.0,0.19398388881508652
314160.0,0.19395708927734434
314220.0,0.1939303015321996
314280.0,0.19390352557179774
314340.0,0.19387676138829105
314400.0,0.19385000897383867
314460.0,0.19382326832060662
314520.0,0.1937965394207677
314580.0,0.19376982226650152
314640.0,0.1937431168499946
314700.0,0.19371642316344018
314760.0,0.19368974119903837
314820.0,0.19366307094899607
314880.0,0.19363641240552695
314940.0,0.1936097655608515
315000.0,0.1935831304071969
315060.0,0.1935565069367972
315120.0,0.19352989514189312
315180.0,0.19350329501473218
315240.0,0.19347670654756866
315300.0,0.19345012973266357
315360.0,0.19342356456228466
315420.0,0.1933970110287064
315480.0,0.19337046912421
315540.0,0.19334393884108336
315600.0,0.19331742017162107
315660.0,0.1932909131081244
315720.0,0.1932644176429014
315780.0,0.1932379337682667
315840.0,0.19321146147654167
315900.0,0.1931850007600543
315960.0,0.19315855161113932
316020.0,0.19313211402213806
316080.0,0.19310568798539848
316140.0,0.19307927349327522
316200.0,0.19305287053812956
316260.0,0.19302647911232934
316320.0,0.19300009920824912
316380.0,0.19297373081827002
316440.0,0.19294737393477973
316500.0,0.1929210285501726
316560.0,0.19289469465684952
316620.0,0.19286837224721803
316680.0,0.19284206131369222
316740.0,0.19281576184869267
316800.0,0.19278947384464665
316860.0,0.19276319729398791
316920.0,0.19273693218915675
316980.0,0.19271067852260004
317040.0,0.1926844362867712
317100.0,0.19265820547413012
317160.0,0.19263198607714327
317220.0,0.19260577808828366
317280.0,0.19257958150003074
317340.0,0.19255339630487048
317400.0,0.19252722249529536
317460.0,0.19250106006380432
317520.0,0.1924749090029028
317580.0,0.1924487693051027
317640.0,0.19242264096292241
317700.0,0.19239652396888676
317760.0,0.19237041831552704
317820.0,0.19234432399538104
317880.0,0.19231824100099293
317940.0,0.19229216932491328
318000.0,0.19226610895969917
318060.0,0.19224005989791404
318120.0,0.19221402213212777
318180.0,0.19218799565491665
318240.0,0.19216198045886335
318300.0,0.19213597653655692
318360.0,0.19210998388059283
318420.0,0.19208400248357294
318480.0,0.1920580323381054
318540.0,0.19203207343680484
318600.0,0.19200612577229215
318660.0,0.19198018933719463
318720.0,0.19195426412414593
318780.0,0.19192835012578602
318840.0,0.1919024473347612
318900.0,0.19187655574372406
318960.0,0.19185067534533357
319020.0,0.19182480613225497
319080.0,0.19179894809715986
319140.0,0.19177310123272606
319200.0,0.19174726553163776
319260.0,0.19172144098658536
319320.0,0.19169562759026562
319380.0,0.19166982533538152
319440.0,0.1916440342146423
319500.0,0.1916182542207635
319560.0,0.19159248534646686
319620.0,0.19156672758448046
319680.0,0.19154098092753846
319740.0,0.19151524536838144
319800.0,0.19148952089975604
319860.0,0.19146380751441522
319920.0,0.19143810520511814
319980.0,0.19141241396463016
320040.0,0.1913867337857228
320100.0,0.19136106466117384
320160.0,0.1913354065837672
320220.0,0.191309759546293
320280.0,0.19128412354154756
320340.0,0.1912584985623333
320400.0,0.19123288460145887
320460.0,0.19120728165173906
320520.0,0.19118168970599478
320580.0,0.19115610875705308
320640.0,0.19113053879774716
320700.0,0.19110497982091637
320760.0,0.19107943181940618
320820.0,0.19105389478606813
320880.0,0.1910283687137599
320940.0,0.19100285359534527
321000.0,0.19097734942369413
321060.0,0.19095185619168245
321120.0,0.19092637389219233
321180.0,0.1909009025181119
321240.0,0.1908754420623353
321300.0,0.1908499925177629
321360.0,0.190824553877301
321420.0,0.1907991261338619
321480.0,0.19077370928036413
321540.0,0.19074830330973214
321600.0,0.1907229082148964
321660.0,0.19069752398879347
321720.0,0.1906721506243659
321780.0,0.19064678811456232
321840.0,0.1906214364523372
321900.0,0.19059609563065122
321960.0,0.1905707656424709
322020.0,0.19054544648076882
322080.0,0.19052013813852353
322140.0,0.19049484060871955
322200.0,0.19046955388434736
322260.0,0.19044427795840344
322320.0,0.19041901282389026
322380.0,0.19039375847381618
322440.0,0.1903685149011955
322500.0,0.1903432820990485
322560.0,0.19031806006040133
322620.0,0.1902928487782862
322680.0,0.19026764824574108
322740.0,0.19024245845580995
322800.0,0.19021727940154268
322860.0,0.19019211107599504
322920.0,0.19016695347222876
322980.0,0.1901418065833113
323040.0,0.19011667040231622
323100.0,0.19009154492232277
323160.0,0.19006643013641616
323220.0,0.19004132603768745
323280.0,0.1900162326192336
323340.0,0.18999114987415733
323400.0,0.1899660777955673
323460.0,0.18994101637657798
323520.0,0.1899159656103097
323580.0,0.1898909254898886
323640.0,0.18986589600844658
323700.0,0.1898408771591215
323760.0,0.1898158689350569
323820.0,0.18979087132940217
323880.0,0.1897658843353125
323940.0,0.18974090794594886
324000.0,0.18971594215447807
324060.0,0.1896909872810787
324120.0,0.18966604268155277
324180.0,0.18964110864576317
324240.0,0.1896161851721907
324300.0,0.18959127226303893
324360.0,0.18956636990288006
324420.0,0.18954147806411545
324480.0,0.18951659677093688
324540.0,0.18949172602334435
324600.0,0.18946686582133787
324660.0,0.1894420161438801
324720.0,0.18941717694080218
324780.0,0.18939234825521697
324840.0,0.18936753008712442
324900.0,0.18934272243652459
324960.0,0.18931792528664326
325020.0,0.18929313858869462
325080.0,0.18926836236717712
325140.0,0.1892435966155559
325200.0,0.18921884132729613
325260.0,0.1891940964968507
325320.0,0.18916936212055782
325380.0,0.18914463819043983
325440.0,0.18911992470034678
325500.0,0.1890952216441286
325560.0,0.189070529013858
325620.0,0.1890458467982159
325680.0,0.18902117499364798
325740.0,0.18899651359331182
325800.0,0.18897186259036503
325860.0,0.1889472219775697
325920.0,0.18892259174693335
325980.0,0.1888979718921911
326040.0,0.18887336240634645
326100.0,0.18884876328240296
326160.0,0.18882417451385722
326220.0,0.18879959609514665
326280.0,0.18877502801855472
326340.0,0.18875047027727707
326400.0,0.18872592286450926
326460.0,0.18870138577390677
326520.0,0.18867685900000253
326580.0,0.18865234253532054
326640.0,0.1886278363732356
326700.0,0.18860334050712244
326760.0,0.18857885493054133
326820.0,0.18855437963740665
326880.0,0.18852991462082216
326940.0,0.18850545987423492
327000.0,0.18848101539109188
327060.0,0.1884565811648824
327120.0,0.18843215718917636
327180.0,0.18840774345735908
327240.0,0.18838333996289405
327300.0,0.18835894669924477
327360.0,0.18833456365990603
327420.0,0.18831019083843237
327480.0,0.18828582822824158
327540.0,0.18826147582280933
327600.0,0.18823713361561134
327660.0,0.18821280160018136
327720.0,0.1881884797701642
327780.0,0.18816416811895062
327840.0,0.18813986664003893
327900.0,0.18811557532692752
327960.0,0.18809129417318793
328020.0,0.18806702317253152
328080.0,0.18804276231834965
328140.0,0.18801851160416921
328200.0,0.18799427102351707
328260.0,0.18797004056999403
328320.0,0.1879458202373421
328380.0,0.18792161001898008
328440.0,0.18789740990846374
328500.0,0.18787321989934866
328560.0,0.1878490399852444
328620.0,0.18782487015988392
328680.0,0.18780071041677526
328740.0,0.1877765607495251
328800.0,0.1877524211517455
328860.0,0.18772829161705004
328920.0,0.18770417213904866
328980.0,0.18768006271137344
329040.0,0.18765596332765463
329100.0,0.18763187398152756
329160.0,0.18760779466663674
329220.0,0.1875837253766412
329280.0,0.18755966610518787
329340.0,0.18753561684593628
329400.0,0.1875115775925515
329460.0,0.1874875483387035
329520.0,0.18746352907806693
329580.0,0.1874395198043236
329640.0,0.18741552051116012
329700.0,0.18739153119226853
329760.0,0.18736755184134407
329820.0,0.18734358245208219
329880.0,0.18731962301819327
329940.0,0.18729567353338902
330000.0,0.18727173399138633
330060.0,0.18724780438590646
330120.0,0.18722388471067392
330180.0,0.18719997495942203
330240.0,0.18717607512588777
330300.0,0.18715218520381324
330360.0,0.187128305186946
330420.0,0.1871044350690397
330480.0,0.1870805748438515
330540.0,0.1870567245051443
330600.0,0.18703288404668633
330660.0,0.18700905346225116
330720.0,0.1869852327456182
330780.0,0.18696142189057094
330840.0,0.18693762089089838
330900.0,0.18691382974039486
330960.0,0.18689004843285964
331020.0,0.18686627696209668
331080.0,0.1868425153219161
331140.0,0.18681876350613272
331200.0,0.1867950215085666
331260.0,0.1867712893230426
331320.0,0.18674756694338962
331380.0,0.18672385436344363
331440.0,0.186700151577045
331500.0,0.1866764585780392
331560.0,0.18665277536027644
331620.0,0.18662910191761142
331680.0,0.18660543824390524
331740.0,0.18658178433302364
331800.0,0.18655814017883735
331860.0,0.186534505775222
331920.0,0.18651088111605788
331980.0,0.1864872661952312
332040.0,0.18646366100663292
332100.0,0.1864400655441591
332160.0,0.18641647980171058
332220.0,0.1863929037731929
332280.0,0.18636933745251746
332340.0,0.1863457808336004
332400.0,0.18632223391036287
332460.0,0.18629869667673088
332520.0,0.18627516912663494
332580.0,0.18625165125401158
332640.0,0.18622814305280194
332700.0,0.18620464451695223
332760.0,0.1861811556404134
332820.0,0.18615767641714082
332880.0,0.18613420684109597
332940.0,0.18611074690624493
333000.0,0.18608729660655876
333060.0,0.1860638559360133
333120.0,0.18604042488858885
333180.0,0.18601700345827155
333240.0,0.1859935916390521
333300.0,0.18597018942492624
333360.0,0.18594679680989454
333420.0,0.18592341378796257
333480.0,0.18590004035314078
333540.0,0.18587667649944462
333600.0,0.18585332222089432
333660.0,0.18582997751151512
333720.0,0.1858066423653371
333780.0,0.18578331677639523
333840.0,0.18576000073872945
333900.0,0.18573669424638456
333960.0,0.1857133972934102
334020.0,0.18569010987386098
334080.0,0.18566683198179626
334140.0,0.1856435636112804
334200.0,0.1856203047563825
334260.0,0.1855970554111766
334320.0,0.18557381556974165
334380.0,0.18555058522616133
334440.0,0.18552736437452425
334500.0,0.1855041530089238
334560.0,0.18548095112345825
334620.0,0.18545775871223072
334680.0,0.18543457576934913
334740.0,0.1854114022889262
334800.0,0.18538823826507952
334860.0,0.1853650836919314
334920.0,0.18534193856360887
334980.0,0.1853188028742441
335040.0,0.18529567661797394
335100.0,0.18527255978894008
335160.0,0.1852494523812888
335220.0,0.18522635438917057
335280.0,0.18520326580674182
335340.0,0.18518018662816327
335400.0,0.18515711684760053
335460.0,0.1851340564592237
335520.0,0.1851110054572073
335580.0,0.18508796383573142
335640.0,0.18506493158898066
335700.0,0.18504190871114434
335760.0,0.18501889519641643
335820.0,0.184995891038995
335880.0,0.18497289623308397
335940.0,0.18494991077289158
336000.0,0.18492693465263088
336060.0,0.18490396786651933
336120.0,0.18488101040877866
336180.0,0.18485806227363638
336240.0,0.18483512345532424
336300.0,0.18481219394807882
336360.0,0.18478927374614115
336420.0,0.18476636284375644
336480.0,0.18474346123517565
336540.0,0.184720568914654
336600.0,0.1846976858764514
336660.0,0.18467481211483233
336720.0,0.18465194762406537
336780.0,0.1846290923984248
336840.0,0.18460624643218915
336900.0,0.18458340971964166
336960.0,0.18456058225507008
337020.0,0.18453776403276625
337080.0,0.18451495504702772
337140.0,0.1844921552921562
337200.0,0.18446936476245818
337260.0,0.1844465834522445
337320.0,0.1844238113558301
337380.0,0.18440104846753572
337440.0,0.18437829478168613
337500.0,0.1843555502926109
337560.0,0.18433281499464385
337620.0,0.18431008888212308
337680.0,0.18428737194939218
337740.0,0.18426466419079898
337800.0,0.18424196560069594
337860.0,0.18421927617343994
337920.0,0.18419659590339205
337980.0,0.18417392478491862
338040.0,0.18415126281239025
338100.0,0.18412860998018218
338160.0,0.18410596628267412
338220.0,0.18408333171425037
338280.0,0.18406070626929977
338340.0,0.18403808994221574
338400.0,0.18401548272739615
338460.0,0.18399288461924349
338520.0,0.18397029561216466
338580.0,0.18394771570057117
338640.0,0.183925144878879
338700.0,0.18390258314150876
338760.0,0.18388003048288537
338820.0,0.18385748689743847
338880.0,0.18383495237960207
338940.0,0.1838124269238147
339000.0,0.18378991052451932
339060.0,0.18376740317616355
339120.0,0.18374490487319933
339180.0,0.18372241561008318
339240.0,0.183699935381276
339300.0,0.18367746418124326
339360.0,0.1836550020044548
339420.0,0.183632548845385
339480.0,0.18361010469851266
339540.0,0.183587669558321
339600.0,0.1835652434192978
339660.0,0.1835428262759351
339720.0,0.18352041812272946
339780.0,0.18349801895418202
339840.0,0.18347562876479828
339900.0,0.1834532475490883
339960.0,0.18343087530156618
340020.0,0.18340851201675012
340080.0,0.1833861576891637
340140.0,0.18336381231333446
340200.0,0.18334147588379443
340260.0,0.1833191483950799
340320.0,0.18329682984173118
340380.0,0.1832745202182937
340440.0,0.1832522195193171
340500.0,0.18322992773935537
340560.0,0.18320764487296667
340620.0,0.18318537091471318
340680.0,0.1831631058591623
340740.0,0.18314084970088548
340800.0,0.18311860243445857
340860.0,0.1830963640544616
340920.0,0.18307413455547847
340980.0,0.18305191393209838
341040.0,0.18302970217891457
341100.0,0.18300749929052457
341160.0,0.18298530526153015
341220.0,0.18296312008653692
341280.0,0.18294094376015574
341340.0,0.18291877627700148
341400.0,0.18289661763169335
341460.0,0.1828744678188547
341520.0,0.1828523268331127
341580.0,0.18283019466909983
341640.0,0.1828080713214525
341700.0,0.18278595678481138
341760.0,0.18276385105382137
341820.0,0.18274175412313118
341880.0,0.18271966598739464
341940.0,0.18269758664126967
342000.0,0.18267551607941837
342060.0,0.18265345429650698
342120.0,0.1826314012872056
342180.0,0.18260935704618947
342240.0,0.18258732156813773
342300.0,0.1825652948477339
342360.0,0.18254327687966546
342420.0,0.18252126765862384
342480.0,0.1824992671793055
342540.0,0.18247727543641085
342600.0,0.18245529242464456
342660.0,0.1824333181387154
342720.0,0.18241135257333596
342780.0,0.18238939572322374
342840.0,0.18236744758310022
342900.0,0.18234550814769107
342960.0,0.18232357741172614
343020.0,0.1823016553699396
343080.0,0.18227974201706976
343140.0,0.18225783734785903
343200.0,0.18223594135705415
343260.0,0.182214054039406
343320.0,0.1821921753896695
343380.0,0.182170305402604
343440.0,0.18214844407297287
343500.0,0.18212659139554369
343560.0,0.18210474736508814
343620.0,0.18208291197638216
343680.0,0.18206108522420583
343740.0,0.1820392671033433
343800.0,0.18201745760858296
343860.0,0.18199565673471732
343920.0,0.18197386447654312
343980.0,0.1819520808288611
344040.0,0.1819303057864762
344100.0,0.18190853934419754
344160.0,0.1818867814968383
344220.0,0.1818650322392157
344280.0,0.18184329156615134
344340.0,0.18182155947247064
344400.0,0.18179983595300336
344460.0,0.1817781210025832
344520.0,0.18175641461604794
344580.0,0.18173471678823971
344640.0,0.18171302751400464
344700.0,0.18169134678819301
344760.0,0.18166967460565897
344820.0,0.1816480109612603
344880.0,0.18162635584985978
344940.0,0.18160470926632405
345000.0,0.18158307120552364
345060.0,0.18156144166233318
345120.0,0.18153982063163093
345180.0,0.1815182081083
345240.0,0.18149660408722718
345300.0,0.1814750085633035
345360.0,0.1814534215314238
345420.0,0.18143184298648668
345480.0,0.18141027292339534
345540.0,0.18138871133705692
345600.0,0.18136715822238253
345660.0,0.18134561383916714
345720.0,0.18132407766840075
345780.0,0.18130254994394454
345840.0,0.1812810306599628
345900.0,0.1812595198233976
345960.0,0.18123801742880657
346020.0,0.18121652344860878
346080.0,0.1811950378931386
346140.0,0.18117356076816538
346200.0,0.18115209207368912
346260.0,0.1811306318097098
346320.0,0.1811091799271197
346380.0,0.18108773644388867
346440.0,0.18106630137004867
346500.0,0.18104487470559963
346560.0,0.18102345645054163
346620.0,0.18100204656400062
346680.0,0.18098064505096648
346740.0,0.18095925191413725
346800.0,0.18093786714863405
346860.0,0.18091649074957802
346920.0,0.18089512271455124
346980.0,0.1808737630383744
347040.0,0.18085241171600624
347100.0,0.18083106874286162
347160.0,0.18080973411435547
347220.0,0.18078840782159128
347280.0,0.1807670898605103
347340.0,0.18074578022681195
347400.0,0.18072447891539659
347460.0,0.18070318592116444
347520.0,0.18068190123804073
347580.0,0.18066062486104478
347640.0,0.18063935678514123
347700.0,0.18061809700511394
347760.0,0.1805968455157468
347820.0,0.18057560231300632
347880.0,0.18055436739153197
347940.0,0.1805331407460296
348000.0,0.18051192237142427
348060.0,0.18049071226264102
348120.0,0.1804695104157103
348180.0,0.18044831682542226
348240.0,0.18042713148662892
348300.0,0.18040595439438734
348360.0,0.18038478554375448
348420.0,0.1803636249302281
348480.0,0.1803424725488114
348540.0,0.18032132839453227
348600.0,0.18030019246250034
348660.0,0.18027906474782518
348720.0,0.18025794524570915
348780.0,0.1802368339512505
348840.0,0.18021573085955275
348900.0,0.18019463596573657
348960.0,0.1801735492649226
349020.0,0.1801524707522973
349080.0,0.18013140042297326
349140.0,0.18011033827206685
349200.0,0.18008928429470655
349260.0,0.18006823848602094
349320.0,0.1800472008412692
349380.0,0.18002617135556395
349440.0,0.18000515002402503
349500.0,0.1799841368417966
349560.0,0.17996313180402276
349620.0,0.17994213490601524
349680.0,0.17992114614289767
349740.0,0.17990016550980314
349800.0,0.17987919300189578
349860.0,0.17985822861433973
349920.0,0.17983727234246852
349980.0,0.17981632418142562
350040.0,0.17979538412636398
350100.0,0.17977445217246793
350160.0,0.1797535283149218
350220.0,0.17973261254903722
350280.0,0.17971170487000612
350340.0,0.1796908052730246
350400.0,0.1796699137533147
350460.0,0.1796490303061023
350520.0,0.17962815492660744
350580.0,0.17960728761006312
350640.0,0.17958642835170585
350700.0,0.17956557714677399
350760.0,0.17954473399050952
350820.0,0.17952389887816758
350880.0,0.17950307180499783
350940.0,0.1794822527662537
351000.0,0.17946144175719428
351060.0,0.1794406387730824
351120.0,0.17941984380918374
351180.0,0.17939905686076885
351240.0,0.179378277923112
351300.0,0.1793575069914912
351360.0,0.17933674406118816
351420.0,0.17931598912748314
351480.0,0.17929524218566528
351540.0,0.17927450323102728
351600.0,0.1792537722588646
351660.0,0.17923304926447634
351720.0,0.17921233424316327
351780.0,0.17919162719023174
351840.0,0.1791709281009916
351900.0,0.17915023697075605
351960.0,0.17912955379484177
352020.0,0.17910887856857008
352080.0,0.17908821128726485
352140.0,0.1790675519462538
352200.0,0.17904690054086822
352260.0,0.17902625706644318
352320.0,0.17900562151831806
352380.0,0.1789849938918351
352440.0,0.1789643741823403
352500.0,0.1789437623851833
352560.0,0.17892315849571755
352620.0,0.1789025625092995
352680.0,0.1788819744212898
352740.0,0.1788613942270527
352800.0,0.17884082192195594
352860.0,0.17882025750137095
352920.0,0.17879970096067185
352980.0,0.17877915229523716
353040.0,0.17875861150044914
353100.0,0.1787380785716934
353160.0,0.17871755350435922
353220.0,0.17869703629383868
353280.0,0.17867652693552813
353340.0,0.17865602542482759
353400.0,0.17863553175714042
353460.0,0.17861504592787364
353520.0,0.1785945679324373
353580.0,0.1785740977662455
353640.0,0.17855363542471595
353700.0,0.17853318090326972
353760.0,0.17851273419733157
353820.0,0.17849229530232932
353880.0,0.17847186421369474
353940.0,0.1784514409268632
354000.0,0.1784310254372735
354060.0,0.178410617740368
354120.0,0.17839021783159212
354180.0,0.17836982570639523
354240.0,0.17834944136023032
354300.0,0.1783290647885538
354360.0,0.17830869598682553
354420.0,0.17828833495050841
354480.0,0.17826798167506944
354540.0,0.17824763615597905
354600.0,0.17822729838871113
354660.0,0.17820696836874303
354720.0,0.17818664609155513
354780.0,0.17816633155263176
354840.0,0.17814602474746086
354900.0,0.17812572567153367
354960.0,0.17810543432034495
355020.0,0.17808515068939249
355080.0,0.17806487477417793
355140.0,0.17804460657020654
355200.0,0.17802434607298692
355260.0,0.17800409327803113
355320.0,0.1779838481808542
355380.0,0.17796361077697512
355440.0,0.17794338106191637
355500.0,0.1779231590312038
355560.0,0.1779029446803667
355620.0,0.17788273800493726
355680.0,0.17786253900045174
355740.0,0.17784234766244972
355800.0,0.17782216398647424
355860.0,0.17780198796807173
355920.0,0.17778181960279152
355980.0,0.17776165888618695
356040.0,0.17774150581381476
356100.0,0.17772136038123498
356160.0,0.17770122258401116
356220.0,0.17768109241770969
356280.0,0.17766096987790087
356340.0,0.1776408549601585
356400.0,0.1776207476600596
356460.0,0.1776006479731847
356520.0,0.17758055589511715
356580.0,0.1775604714214442
356640.0,0.17754039454775658
356700.0,0.17752032526964823
356760.0,0.1775002635827166
356820.0,0.17748020948256185
356880.0,0.17746016296478823
356940.0,0.17744012402500323
357000.0,0.17742009265881767
357060.0,0.17740006886184576
357120.0,0.17738005262970455
357180.0,0.17736004395801502
357240.0,0.17734004284240146
357300.0,0.17732004927849143
357360.0,0.1773000632619159
357420.0,0.17728008478830867
357480.0,0.17726011385330737
357540.0,0.17724015045255304
357600.0,0.1772201945816899
357660.0,0.17720024623636557
357720.0,0.1771803054122305
357780.0,0.17716037210493898
357840.0,0.1771404463101486
357900.0,0.1771205280235203
357960.0,0.17710061724071818
358020.0,0.1770807139574093
358080.0,0.17706081816926453
358140.0,0.177040929871958
358200.0,0.17702104906116706
358260.0,0.17700117573257249
358320.0,0.17698130988185776
358380.0,0.17696145150471018
358440.0,0.17694160059682038
358500.0,0.1769217571538822
358560.0,0.17690192117159276
358620.0,0.176882092645652
358680.0,0.1768622715717636
358740.0,0.17684245794563458
358800.0,0.17682265176297518
358860.0,0.17680285301949883
358920.0,0.17678306171092184
358980.0,0.17676327783296425
359040.0,0.1767435013813494
359100.0,0.17672373235180375
359160.0,0.1767039707400571
359220.0,0.17668421654184188
359280.0,0.1766644697528945
359340.0,0.17664473036895442
359400.0,0.17662499838576437
359460.0,0.17660527379907032
359520.0,0.176585556604621
359580.0,0.17656584679816886
359640.0,0.17654614437546964
359700.0,0.17652644933228218
359760.0,0.17650676166436854
359820.0,0.17648708136749358
359880.0,0.1764674084374258
359940.0,0.17644774286993706
360000.0,0.17642808466080223
360060.0,0.17640843380579946
360120.0,0.1763887903007096
360180.0,0.1763691541413173
360240.0,0.17634952532341025
360300.0,0.1763299038427794
360360.0,0.17631028969521886
360420.0,0.1762906828765255
360480.0,0.17627108338249983
360540.0,0.17625149120894557
360600.0,0.17623190635166952
360660.0,0.17621232880648172
360720.0,0.1761927585691949
360780.0,0.17617319563562542
360840.0,0.17615364000159286
360900.0,0.17613409166291993
360960.0,0.1761145506154324
361020.0,0.1760950168549589
361080.0,0.17607549037733156
361140.0,0.17605597117838576
361200.0,0.17603645925395991
361260.0,0.17601695459989564
361320.0,0.17599745721203724
361380.0,0.17597796708623262
361440.0,0.17595848421833282
361500.0,0.175939008604192
361560.0,0.17591954023966744
361620.0,0.17590007912061906
361680.0,0.17588062524291045
361740.0,0.17586117860240832
361800.0,0.17584173919498242
361860.0,0.17582230701650564
361920.0,0.17580288206285352
361980.0,0.17578346432990521
362040.0,0.175764053813543
362100.0,0.17574465050965216
362160.0,0.17572525441412115
362220.0,0.175705865522841
362280.0,0.17568648383170637
362340.0,0.17566710933661503
362400.0,0.17564774203346775
362460.0,0.17562838191816843
362520.0,0.17560902898662362
362580.0,0.1755896832347434
362640.0,0.17557034465844093
362700.0,0.17555101325363243
362760.0,0.1755316890162372
362820.0,0.17551237194217706
362880.0,0.17549306202737752
362940.0,0.17547375926776707
363000.0,0.17545446365927722
363060.0,0.17543517519784263
363120.0,0.1754158938794005
363180.0,0.17539661969989156
363240.0,0.17537735265525967
363300.0,0.17535809274145156
363360.0,0.17533883995441712
363420.0,0.1753195942901088
363480.0,0.17530035574448252
363540.0,0.17528112431349732
363600.0,0.1752618999931152
363660.0,0.1752426827793012
363720.0,0.17522347266802288
363780.0,0.17520426965525143
363840.0,0.175185073736961
363900.0,0.17516588490912866
363960.0,0.17514670316773456
364020.0,0.17512752850876145
364080.0,0.17510836092819548
364140.0,0.17508920042202591
364200.0,0.1750700469862449
364260.0,0.1750509006168476
364320.0,0.17503176130983178
364380.0,0.1750126290611987
364440.0,0.17499350386695248
364500.0,0.17497438572310037
364560.0,0.17495527462565244
364620.0,0.17493617057062147
364680.0,0.17491707355402358
364740.0,0.17489798357187794
364800.0,0.17487890062020658
364860.0,0.17485982469503458
364920.0,0.17484075579238953
364980.0,0.17482169390830246
365040.0,0.17480263903880736
365100.0,0.17478359117994116
365160.0,0.17476455032774374
365220.0,0.17474551647825756
365280.0,0.17472648962752843
365340.0,0.17470746977160517
365400.0,0.17468845690653945
365460.0,0.17466945102838596
365520.0,0.17465045213320185
365580.0,0.17463146021704767
365640.0,0.17461247527598697
365700.0,0.17459349730608614
365760.0,0.17457452630341455
365820.0,0.17455556226404403
365880.0,0.1745366051840499
365940.0,0.1745176550595103
366000.0,0.17449871188650629
366060.0,0.17447977566112183
366120.0,0.17446084637944345
366180.0,0.17444192403756095
366240.0,0.1744230086315671
366300.0,0.17440410015755756
366360.0,0.17438519861163082
366420.0,0.174366303989888
366480.0,0.17434741628843342
366540.0,0.1743285355033744
366600.0,0.1743096616308211
366660.0,0.17429079466688652
366720.0,0.1742719346076862
366780.0,0.174253081449339
366840.0,0.17423423518796666
366900.0,0.17421539581969375
366960.0,0.1741965633406478
367020.0,0.17417773774695883
367080.0,0.17415891903476005
367140.0,0.17414010720018755
367200.0,0.1741213022393803
367260.0,0.17410250436595606
367320.0,0.1740837131580772
367380.0,0.1740649288005481
367440.0,0.1740461512919439
367500.0,0.17402738063882553
367560.0,0.1740086168360219
367620.0,0.17398985987549143
367680.0,0.17397110974158328
367740.0,0.1739523664484858
367800.0,0.17393362999619896
367860.0,0.17391490038472282
367920.0,0.17389617760082685
367980.0,0.17387746161751763
368040.0,0.17385875245886254
368100.0,0.1738400501248615
368160.0,0.17382135461551454
368220.0,0.17380266592038002
368280.0,0.17378398401304895
368340.0,0.17376530890696226
368400.0,0.1737466405984091
368460.0,0.17372797908367865
368520.0,0.17370932435970304
368580.0,0.17369067642439756
368640.0,0.17367203527322375
368700.0,0.17365340090269932
368760.0,0.1736347733093419
368820.0,0.17361615248857326
368880.0,0.17359753843413905
368940.0,0.17357893114396777
369000.0,0.17356033061418757
369060.0,0.17354173684092666
369120.0,0.17352314982006148
369180.0,0.17350456954708357
369240.0,0.17348599601844517
369300.0,0.17346742923018493
369360.0,0.17344886917834162
369420.0,0.17343031585925156
369480.0,0.17341176926970606
369540.0,0.1733932294053608
369600.0,0.1733746962623603
369660.0,0.17335616983684896
369720.0,0.17333765012525018
369780.0,0.17331913712441366
369840.0,0.17330063083012495
369900.0,0.1732821312386276
369960.0,0.1732636383461652
370020.0,0.1732451521490914
370080.0,0.17322667264392794
370140.0,0.17320819982677685
370200.0,0.1731897336939208
370260.0,0.17317127424164241
370320.0,0.17315282146624578
370380.0,0.17313437536406756
370440.0,0.17311593593136299
370500.0,0.17309750316442227
370560.0,0.17307907705953568
370620.0,0.17306065761300793
370680.0,0.1730422448211656
370740.0,0.17302383868028046
370800.0,0.17300543918664787
370860.0,0.17298704633656325
370920.0,0.17296866012635287
370980.0,0.17295028055239023
371040.0,0.17293190761093097
371100.0,0.17291354129828143
371160.0,0.172895181610748
371220.0,0.17287682854467734
371280.0,0.17285848209647772
371340.0,0.17284014226240368
371400.0,0.17282180903877586
371460.0,0.17280348242191498
371520.0,0.1727851624081825
371580.0,0.17276684899400244
371640.0,0.17274854217564287
371700.0,0.17273024194943898
371760.0,0.172711948311726
371820.0,0.17269366125886873
371880.0,0.172675380787288
371940.0,0.17265710689329633
372000.0,0.17263883957325452
372060.0,0.17262057882352616
372120.0,0.1726023246404752
372180.0,0.1725840770204642
372240.0,0.17256583595986658
372300.0,0.17254760145505502
372360.0,0.17252937350240455
372420.0,0.17251115209829515
372480.0,0.17249293723911344
372540.0,0.1724747289212405
372600.0,0.17245652714106346
372660.0,0.17243833189497232
372720.0,0.1724201431793596
372780.0,0.17240196099062016
372840.0,0.1723837853251523
372900.0,0.1723656161793568
372960.0,0.1723474535496372
373020.0,0.17232929743239853
373080.0,0.17231114782404616
373140.0,0.17229300472099274
373200.0,0.17227486811965165
373260.0,0.17225673801643884
373320.0,0.17223861440777247
373380.0,0.1722204972900724
373440.0,0.17220238665976284
373500.0,0.1721842825132698
373560.0,0.17216618484702195
373620.0,0.17214809365745068
373680.0,0.1721300089409903
373740.0,0.17211193069407704
373800.0,0.17209385891314996
373860.0,0.1720757935946508
373920.0,0.17205773473502395
373980.0,0.17203968233071687
374040.0,0.17202163637817885
374100.0,0.17200359687386213
374160.0,0.1719855638142215
374220.0,0.17196753719571434
374280.0,0.1719495170148003
374340.0,0.17193150326794213
374400.0,0.171913495951605
374460.0,0.17189549506225665
374520.0,0.1718775005963673
374580.0,0.17185951255040918
374640.0,0.17184153092085808
374700.0,0.17182355570419192
374760.0,0.17180558689689127
374820.0,0.17178762449543908
374880.0,0.17176966849632055
374940.0,0.1717517188960241
375000.0,0.17173377569104048
375060.0,0.17171583887786293
375120.0,0.1716979084529872
375180.0,0.17167998441291135
375240.0,0.17166206675413642
375300.0,0.1716441554731659
375360.0,0.17162625056650574
375420.0,0.17160835203066435
375480.0,0.1715904598621526
375540.0,0.17157257405748413
375600.0,0.17155469461317513
375660.0,0.1715368215257442
375720.0,0.17151895479171245
375780.0,0.17150109440760328
375840.0,0.17148324036994306
375900.0,0.17146539267526054
375960.0,0.171447551320087
376020.0,0.17142971630095602
376080.0,0.17141188761440362
376140.0,0.17139406525696874
376200.0,0.17137624922519265
376260.0,0.17135843951561913
376320.0,0.17134063612479442
376380.0,0.17132283904926698
376440.0,0.1713050482855883
376500.0,0.1712872638303121
376560.0,0.17126948567999467
376620.0,0.17125171383119472
376680.0,0.1712339482804732
376740.0,0.17121618902439395
376800.0,0.17119843605952323
376860.0,0.17118068938242975
376920.0,0.1711629489896846
376980.0,0.17114521487786116
377040.0,0.17112748704353573
377100.0,0.17110976548328688
377160.0,0.17109205019369575
377220.0,0.17107434117134576
377280.0,0.17105663841282265
377340.0,0.17103894191471508
377400.0,0.17102125167361396
377460.0,0.17100356768611272
377520.0,0.1709858899488071
377580.0,0.17096821845829513
377640.0,0.17095055321117772
377700.0,0.1709328942040581
377760.0,0.17091524143354195
377820.0,0.1708975948962373
377880.0,0.17087995458875438
377940.0,0.1708623205077064
378000.0,0.17084469264970875
378060.0,0.17082707101137937
378120.0,0.17080945558933844
378180.0,0.17079184638020842
378240.0,0.1707742433806147
378300.0,0.1707566465871848
378360.0,0.17073905599654884
378420.0,0.17072147160533918
378480.0,0.17070389341019038
378540.0,0.1706863214077399
378600.0,0.17066875559462746
378660.0,0.17065119596749523
378720.0,0.17063364252298766
378780.0,0.17061609525775145
378840.0,0.1705985541684361
378900.0,0.17058101925169342
378960.0,0.17056349050417757
379020.0,0.1705459679225451
379080.0,0.17052845150345466
379140.0,0.1705109412435679
379200.0,0.1704934371395485
379260.0,0.17047593918806275
379320.0,0.1704584473857791
379380.0,0.17044096172936815
379440.0,0.17042348221550352
379500.0,0.1704060088408609
379560.0,0.17038854160211842
379620.0,0.17037108049595653
379680.0,0.17035362551905786
379740.0,0.1703361766681078
379800.0,0.170318733939794
379860.0,0.17030129733080648
379920.0,0.17028386683783756
379980.0,0.17026644245758174
380040.0,0.17024902418673626
380100.0,0.17023161202200063
380160.0,0.17021420596007672
380220.0,0.17019680599766865
380280.0,0.17017941213148274
380340.0,0.17016202435822808
380400.0,0.17014464267461593
380460.0,0.17012726707735995
380520.0,0.17010989756317607
380580.0,0.17009253412878234
380640.0,0.1700751767708996
380700.0,0.17005782548625084
380760.0,0.17004048027156152
380820.0,0.17002314112355923
380880.0,0.17000580803897378
380940.0,0.1699884810145377
381000.0,0.1699711600469857
381060.0,0.16995384513305492
381120.0,0.1699365362694846
381180.0,0.16991923345301618
381240.0,0.16990193668039388
381300.0,0.16988464594836408
381360.0,0.16986736125367544
381420.0,0.16985008259307893
381480.0,0.16983280996332756
381540.0,0.16981554336117716
381600.0,0.16979828278338566
381660.0,0.16978102822671337
381720.0,0.16976377968792275
381780.0,0.16974653716377847
381840.0,0.16972930065104785
381900.0,0.1697120701465004
381960.0,0.1696948456469079
382020.0,0.1696776271490444
382080.0,0.169660414649686
382140.0,0.16964320814561157
382200.0,0.16962600763360203
382260.0,0.16960881311044074
382320.0,0.16959162457291316
382380.0,0.16957444201780686
382440.0,0.16955726544191216
382500.0,0.1695400948420215
382560.0,0.16952293021492956
382620.0,0.16950577155743324
382680.0,0.16948861886633157
382740.0,0.16947147213842623
382800.0,0.169454331370521
382860.0,0.169437196559422
382920.0,0.16942006770193752
382980.0,0.16940294479487789
383040.0,0.16938582783505615
383100.0,0.16936871681928745
383160.0,0.16935161174438923
383220.0,0.16933451260718108
383280.0,0.1693174194044846
383340.0,0.16930033213312423
383400.0,0.16928325078992634
383460.0,0.16926617537171965
383520.0,0.169249105875335
383580.0,0.16923204229760538
383640.0,0.16921498463536633
383700.0,0.16919793288545554
383760.0,0.16918088704471296
383820.0,0.16916384710998061
383880.0,0.16914681307810267
383940.0,0.16912978494592593
384000.0,0.1691127627102992
384060.0,0.16909574636807365
384120.0,0.16907873591610248
384180.0,0.16906173135124108
384240.0,0.16904473267034734
384300.0,0.16902773987028127
384360.0,0.16901075294790513
384420.0,0.16899377190008327
384480.0,0.16897679672368213
384540.0,0.16895982741557067
384600.0,0.16894286397262007
384660.0,0.1689259063917036
384720.0,0.16890895466969671
384780.0,0.16889200880347696
384840.0,0.1688750687899244
384900.0,0.16885813462592117
384960.0,0.16884120630835162
385020.0,0.16882428383410225
385080.0,0.16880736720006154
385140.0,0.16879045640312057
385200.0,0.16877355144017253
385260.0,0.16875665230811274
385320.0,0.16873975900383864
385380.0,0.1687228715242497
385440.0,0.168705989866248
385500.0,0.1686891140267376
385560.0,0.16867224400262482
385620.0,0.16865537979081802
385680.0,0.16863852138822757
385740.0,0.1686216687917665
385800.0,0.16860482199834972
385860.0,0.16858798100489447
385920.0,0.16857114580831997
385980.0,0.16855431640554752
386040.0,0.16853749279350094
386100.0,0.16852067496910605
386160.0,0.1685038629292909
386220.0,0.16848705667098557
386280.0,0.16847025619112216
386340.0,0.16845346148663531
386400.0,0.1684366725544617
386460.0,0.16841988939154012
386520.0,0.16840311199481145
386580.0,0.16838634036121858
386640.0,0.1683695744877069
386700.0,0.16835281437122385
386760.0,0.16833606000871895
386820.0,0.16831931139714387
386880.0,0.1683025685334522
386940.0,0.16828583141460013
387000.0,0.16826910003754572
387060.0,0.16825237439924925
387120.0,0.16823565449667308
387180.0,0.16821894032678145
387240.0,0.16820223188654118
387300.0,0.16818552917292107
387360.0,0.16816883218289205
387420.0,0.1681521409134271
387480.0,0.16813545536150115
387540.0,0.16811877552409166
387600.0,0.168102101398178
387660.0,0.16808543298074174
387720.0,0.16806877026876646
387780.0,0.16805211325923763
387840.0,0.16803546194914334
387900.0,0.16801881633547355
387960.0,0.16800217641522036
388020.0,0.16798554218537792
388080.0,0.16796891364294225
388140.0,0.16795229078491197
388200.0,0.1679356736082876
388260.0,0.16791906211007168
388320.0,0.16790245628726896
388380.0,0.16788585613688597
388440.0,0.16786926165593177
388500.0,0.16785267284141736
388560.0,0.16783608969035585
388620.0,0.16781951219976238
388680.0,0.16780294036665405
388740.0,0.16778637418805026
388800.0,0.1677698136609724
388860.0,0.16775325896316623
388920.0,0.16773670974769825
388980.0,0.16772016616165825
389040.0,0.16770362820765336
389100.0,0.16768709589073028
389160.0,0.1676705692072292
389220.0,0.1676540481554078
389280.0,0.16763753271820536
389340.0,0.1676210229021659
389400.0,0.16760451871087262
389460.0,0.16758802014432544
389520.0,0.1675715272025244
389580.0,0.16755503985613684
389640.0,0.16753855811599022
389700.0,0.1675220819880132
389760.0,0.16750561147220572
389820.0,0.16748914656856784
389880.0,0.16747268725299655
389940.0,0.16745623352851952
390000.0,0.1674397853966878
390060.0,0.16742334285463173
390120.0,0.16740690589948168
390180.0,0.16739047452988598
390240.0,0.16737404874278433
390300.0,0.16735762853520939
390360.0,0.16734121390447226
390420.0,0.16732480484788403
390480.0,0.1673084013602391
390540.0,0.16729200343916467
390600.0,0.16727561108213376
390660.0,0.16725922428615786
390720.0,0.1672428430482484
390780.0,0.16722646736483038
390840.0,0.1672100972329889
390900.0,0.1671937326497732
390960.0,0.16717737361212484
391020.0,0.1671610201169855
391080.0,0.1671446721619738
391140.0,0.16712832974394637
391200.0,0.16711199285980124
391260.0,0.1670956615065607
391320.0,0.1670793356812469
391380.0,0.1670630153815182
391440.0,0.16704670060431698
391500.0,0.16703039134662448
391560.0,0.1670140876055387
391620.0,0.16699778937815762
391680.0,0.1669814966618278
391740.0,0.16696520945361593
391800.0,0.16694892775060402
391860.0,0.16693265154991965
391920.0,0.16691638084869034
391980.0,0.16690011564408824
392040.0,0.16688385593323532
392100.0,0.16686760171325626
392160.0,0.16685135298128392
392220.0,0.16683510973445118
392280.0,0.16681887196991915
392340.0,0.16680263968481718
392400.0,0.1667864128762763
392460.0,0.16677019154143272
392520.0,0.16675397567742267
392580.0,0.16673776528144857
392640.0,0.16672156035063834
392700.0,0.16670536088212393
392760.0,0.16668916687304944
392820.0,0.166672978320559
392880.0,0.1666567952218846
392940.0,0.16664061757415924
393000.0,0.16662444537452142
393060.0,0.1666082786201257
393120.0,0.16659211730812665
393180.0,0.16657596143576794
393240.0,0.16655981100019296
393300.0,0.1665436659985505
393360.0,0.1665275264280058
393420.0,0.16651139228572398
393480.0,0.16649526356893682
393540.0,0.16647914027481328
393600.0,0.1664630224005247
393660.0,0.16644690994325598
393720.0,0.16643080290019394
393780.0,0.16641470126852226
393840.0,0.16639860504543147
393900.0,0.16638251422811398
393960.0,0.16636642881376312
394020.0,0.16635034879957405
394080.0,0.16633427418274893
394140.0,0.16631820496048688
394200.0,0.1663021411299891
394260.0,0.16628608268845968
394320.0,0.1662700296331047
394380.0,0.16625398196113178
394440.0,0.166237939669751
394500.0,0.16622190275617446
394560.0,0.16620587121761604
394620.0,0.1661898450512917
394680.0,0.16617382425441668
394740.0,0.16615780882421077
394800.0,0.16614179875789561
394860.0,0.16612579405269431
394920.0,0.1661097947058319
394980.0,0.16609380071453428
395040.0,0.16607781207603023
395100.0,0.16606182878755038
395160.0,0.1660458508463271
395220.0,0.1660298782495946
395280.0,0.16601391099458943
395340.0,0.16599794907854964
395400.0,0.16598199249871512
395460.0,0.16596604125232772
395520.0,0.16595009533663124
395580.0,0.16593415474887174
395640.0,0.16591821948629681
395700.0,0.16590228954615588
395760.0,0.16588636492570044
395820.0,0.16587044562218387
395880.0,0.16585453163286115
395940.0,0.16583862295498947
396000.0,0.1658227195858279
396060.0,0.16580682152263732
396120.0,0.16579092876268053
396180.0,0.16577504130322177
396240.0,0.1657591591415276
396300.0,0.1657432822748665
396360.0,0.1657274107005087
396420.0,0.16571154441572633
396480.0,0.16569568341779306
396540.0,0.16567982770398473
396600.0,0.16566397727157914
396660.0,0.16564813211785584
396720.0,0.16563229224009623
396780.0,0.1656164576355834
396840.0,0.1656006283016025
396900.0,0.16558480423544053
396960.0,0.1655689854343864
397020.0,0.16555317189573077
397080.0,0.16553736361676605
397140.0,0.16552156059478665
397200.0,0.1655057628270889
397260.0,0.16548997031097087
397320.0,0.16547418304373257
397380.0,0.16545840102267553
397440.0,0.16544262424510345
397500.0,0.16542685270832186
397560.0,0.16541108640963806
397620.0,0.16539532534636128
397680.0,0.1653795695158022
397740.0,0.1653638189152738
397800.0,0.1653480735420907
397860.0,0.1653323333935694
397920.0,0.16531659846702831
397980.0,0.1653008687597873
398040.0,0.16528514426916846
398100.0,0.16526942499249558
398160.0,0.16525371092709434
398220.0,0.16523800207029224
398280.0,0.16522229841941824
398340.0,0.16520659997180354
398400.0,0.16519090672478107
398460.0,0.16517521867568555
398520.0,0.16515953582185355
398580.0,0.16514385816062327
398640.0,0.16512818568933485
398700.0,0.16511251840533037
398760.0,0.16509685630595358
398820.0,0.16508119938855012
398880.0,0.1650655476504672
398940.0,0.16504990108905404
399000.0,0.1650342597016617
399060.0,0.16501862348564297
399120.0,0.16500299243835256
399180.0,0.16498736655714658
399240.0,0.16497174583938332
399300.0,0.1649561302824228
399360.0,0.16494051988362687
399420.0,0.1649249146403591
399480.0,0.16490931454998467
399540.0,0.1648937196098708
399600.0,0.16487812981738645
399660.0,0.16486254516990242
399720.0,0.16484696566479123
399780.0,0.164831391299427
399840.0,0.16481582207118584
399900.0,0.16480025797744566
399960.0,0.16478469901558615
400020.0,0.16476914518298874
400080.0,0.16475359647703644
400140.0,0.16473805289511428
400200.0,0.16472251443460903
400260.0,0.16470698109290924
400320.0,0.16469145286740525
400380.0,0.16467592975548886
400440.0,0.16466041175455395
400500.0,0.16464489886199618
400560.0,0.16462939107521288
400620.0,0.16461388839160324
400680.0,0.16459839080856792
400740.0,0.16458289832350959
400800.0,0.1645674109338327
400860.0,0.1645519286369434
400920.0,0.16453645143024967
400980.0,0.16452097931116091
401040.0,0.16450551227708865
401100.0,0.16449005032544603
401160.0,0.164474593453648
401220.0,0.1644591416591113
401280.0,0.16444369493925406
401340.0,0.16442825329149655
401400.0,0.16441281671326063
401460.0,0.16439738520197003
401520.0,0.16438195875505013
401580.0,0.16436653736992782
401640.0,0.16435112104403204
401700.0,0.16433570977479342
401760.0,0.16432030355964428
401820.0,0.16430490239601872
401880.0,0.16428950628135233
401940.0,0.1642741152130827
402000.0,0.16425872918864906
402060.0,0.16424334820549247
402120.0,0.16422797226105562
402180.0,0.16421260135278282
402240.0,0.16419723547812018
402300.0,0.16418187463451564
402360.0,0.16416651881941885
402420.0,0.16415116803028115
402480.0,0.16413582226455534
402540.0,0.1641204815196962
402600.0,0.16410514579316027
402660.0,0.1640898150824057
402720.0,0.16407448938489244
402780.0,0.1640591686980819
402840.0,0.16404385301943744
402900.0,0.16402854234642406
402960.0,0.16401323667650855
403020.0,0.16399793600715937
403080.0,0.1639826403358464
403140.0,0.16396734966004156
403200.0,0.1639520639772184
403260.0,0.1639367832848522
403320.0,0.16392150758041987
403380.0,0.16390623686139988
403440.0,0.16389097112527254
403500.0,0.16387571036951992
403560.0,0.1638604545916258
403620.0,0.1638452037890755
403680.0,0.16382995795935598
403740.0,0.16381471709995607
403800.0,0.1637994812083662
403860.0,0.1637842502820786
403920.0,0.16376902431858711
403980.0,0.163753803315387
404040.0,0.16373858726997553
404100.0,0.16372337617985164
404160.0,0.16370817004251584
404220.0,0.16369296885547038
404280.0,0.16367777261621905
404340.0,0.16366258132226735
404400.0,0.16364739497112266
404460.0,0.16363221356029384
404520.0,0.16361703708729158
404580.0,0.16360186554962788
404640.0,0.1635866989448167
404700.0,0.1635715372703737
404760.0,0.16355638052381613
404820.0,0.16354122870266294
404880.0,0.1635260818044345
404940.0,0.1635109398266531
405000.0,0.1634958027668427
405060.0,0.1634806706225288
405120.0,0.16346554339123867
405180.0,0.163450421070501
405240.0,0.16343530365784634
405300.0,0.16342019115080686
405360.0,0.1634050835469164
405420.0,0.1633899808437105
405480.0,0.16337488303872602
405540.0,0.1633597901295018
405600.0,0.1633447021135783
405660.0,0.16332961898849752
405720.0,0.16331454075180324
405780.0,0.16329946740104057
405840.0,0.1632843989337565
405900.0,0.16326933534749977
405960.0,0.1632542766398205
406020.0,0.16323922280827072
406080.0,0.1632241738504037
406140.0,0.16320912976377464
406200.0,0.16319409054594033
406260.0,0.16317905619445927
406320.0,0.16316402670689145
406380.0,0.16314900208079838
406440.0,0.1631339823137434
406500.0,0.16311896740329146
406560.0,0.1631039573470091
406620.0,0.16308895214246452
406680.0,0.1630739517872273
406740.0,0.1630589562788689
406800.0,0.1630439656149624
406860.0,0.16302897979308237
406920.0,0.16301399881080517
406980.0,0.16299902266570845
407040.0,0.16298405135537172
407100.0,0.16296908487737616
407160.0,0.16295412322930442
407220.0,0.16293916640874087
407280.0,0.1629242144132712
407340.0,0.16290926724048302
407400.0,0.16289432488796546
407460.0,0.16287938735330929
407520.0,0.16286445463410684
407580.0,0.1628495267279519
407640.0,0.16283460363243998
407700.0,0.16281968534516833
407760.0,0.16280477186373565
407820.0,0.16278986318574232
407880.0,0.16277495930879002
407940.0,0.1627600602304823
408000.0,0.16274516594842436
408060.0,0.16273027646022284
408120.0,0.16271539176348607
408180.0,0.16270051185582374
408240.0,0.16268563673484737
408300.0,0.16267076639817
408360.0,0.16265590084340625
408420.0,0.1626410400681724
408480.0,0.16262618407008606
408540.0,0.1626113328467666
408600.0,0.16259648639583502
408660.0,0.16258164471491388
408720.0,0.16256680780162727
408780.0,0.1625519756536007
408840.0,0.1625371482684614
408900.0,0.16252232564383834
408960.0,0.1625075077773618
409020.0,0.16249269466666386
409080.0,0.16247788630937782
409140.0,0.1624630827031388
409200.0,0.16244828384558357
409260.0,0.16243348973435032
409320.0,0.16241870036707887
409380.0,0.16240391574141036
409440.0,0.1623891358549878
409500.0,0.16237436070545563
409560.0,0.16235959029045996
409620.0,0.16234482460764835
409680.0,0.16233006365466976
409740.0,0.16231530742917494
409800.0,0.16230055592881618
409860.0,0.16228580915124727
409920.0,0.1622710670941236
409980.0,0.1622563297551019
410040.0,0.1622415971318406
410100.0,0.1622268692219998
410160.0,0.16221214602324102
410220.0,0.16219742753322738
410280.0,0.1621827137496234
410340.0,0.16216800467009523
410400.0,0.16215330029231062
410460.0,0.16213860076579106
410520.0,0.16212390580183197
410580.0,0.16210921551896043
410640.0,0.16209452992294987
410700.0,0.16207984901622344
410760.0,0.16206517279751537
410820.0,0.16205050126382983
410880.0,0.16203583441129493
410940.0,0.1620211722290534
411000.0,0.1620065147265007
411060.0,0.16199186190363687
411120.0,0.16197721376046184
411180.0,0.161962570289397
411240.0,0.1619479314729203
411300.0,0.1619332973261947
411360.0,0.16191866784922018
411420.0,0.16190404304199674
411480.0,0.1618894228986335
411540.0,0.16187480740246907
411600.0,0.1618601965618916
411660.0,0.16184559037464863
411720.0,0.16183098883848782
411780.0,0.16181639195153616
411840.0,0.1618017997126145
411900.0,0.16178721211893013
411960.0,0.16177262916837568
412020.0,0.16175805085884384
412080.0,0.1617434771876156
412140.0,0.1617289081508535
412200.0,0.16171434374732124
412260.0,0.16169978397467763
412320.0,0.16168522883058142
412380.0,0.16167067831254686
412440.0,0.16165613241782387
412500.0,0.16164159114427704
412560.0,0.16162705448950992
412620.0,0.16161252245112603
412680.0,0.161597995026892
412740.0,0.16158347221487293
412800.0,0.16156895401243992
412860.0,0.16155444041725892
412920.0,0.1615399314269958
412980.0,0.16152542703947018
413040.0,0.16151092725278282
413100.0,0.1614964320643807
413160.0,0.16148194147198852
413220.0,0.1614674554733309
413280.0,0.16145297406619222
413340.0,0.16143849724846557
413400.0,0.16142402501779082
413460.0,0.16140955737191545
413520.0,0.16139509430858695
413580.0,0.16138063582556259
413640.0,0.1613661819206177
413700.0,0.16135173259148575
413760.0,0.16133728783591794
413820.0,0.16132284765166555
413880.0,0.16130841203648555
413940.0,0.1612939809881457
414000.0,0.1612795545043889
414060.0,0.16126513258296865
414120.0,0.16125071522163836
414180.0,0.16123630241816655
414240.0,0.16122189417034916
414300.0,0.16120749047591823
414360.0,0.16119309133263296
414420.0,0.16117869673825258
414480.0,0.16116430669055662
414540.0,0.16114992118736174
414600.0,0.1611355402263982
414660.0,0.16112116380543298
414720.0,0.16110679192223307
414780.0,0.16109242457458608
414840.0,0.16107806176031736
414900.0,0.1610637034771645
414960.0,0.16104934972290236
415020.0,0.16103500049530584
415080.0,0.1610206557921646
415140.0,0.1610063156113014
415200.0,0.16099197995047826
415260.0,0.16097764880748391
415320.0,0.1609633221801085
415380.0,0.16094900006614257
415440.0,0.1609346824633755
415500.0,0.1609203693696029
415560.0,0.1609060607826199
415620.0,0.16089175670022288
415680.0,0.16087745712021076
415740.0,0.16086316204038628
415800.0,0.160848871458549
415860.0,0.16083458537250192
415920.0,0.1608203037800494
415980.0,0.16080602667899732
416040.0,0.1607917540671528
416100.0,0.16077748594232477
416160.0,0.1607632223023235
416220.0,0.16074896314496082
416280.0,0.16073470846804927
416340.0,0.16072045826940173
416400.0,0.16070621254683487
416460.0,0.1606919712981658
416520.0,0.160677734521213
416580.0,0.16066350221379627
416640.0,0.1606492743737362
416700.0,0.16063505099885572
416760.0,0.16062083208697886
416820.0,0.16060661763593098
416880.0,0.16059240764353894
416940.0,0.16057820210763124
417000.0,0.1605640010260374
417060.0,0.16054980439658842
417120.0,0.16053561221711674
417180.0,0.16052142448545634
417240.0,0.1605072411994428
417300.0,0.16049306235691263
417360.0,0.16047888795570406
417420.0,0.16046471799365664
417480.0,0.16045055246861126
417540.0,0.16043639137841023
417600.0,0.16042223472089734
417660.0,0.16040808249391783
417720.0,0.16039393469531824
417780.0,0.16037979132294647
417840.0,0.1603656523746516
417900.0,0.1603515178482846
417960.0,0.16033738774169753
418020.0,0.16032326205274394
418080.0,0.16030914077927869
418140.0,0.16029502391915781
418200.0,0.1602809114702391
418260.0,0.1602668034303816
418320.0,0.1602526997974458
418380.0,0.16023860056929343
418440.0,0.16022450574378755
418500.0,0.16021041531879285
418560.0,0.16019632929217525
418620.0,0.16018224766180214
418680.0,0.16016817042554216
418740.0,0.1601540975812653
418800.0,0.1601400291268431
418860.0,0.16012596506014842
418920.0,0.16011190537905548
418980.0,0.16009785008143984
419040.0,0.1600837991651783
419100.0,0.16006975262814926
419160.0,0.16005571046823247
419220.0,0.160041672683309
419280.0,0.1600276392712612
419340.0,0.1600136102299728
419400.0,0.159999585557329
419460.0,0.15998556525121635
419520.0,0.15997154930952273
419580.0,0.15995753773013738
419640.0,0.15994353051095075
419700.0,0.1599295276498549
419760.0,0.1599155291447432
419820.0,0.15990153499351026
419880.0,0.15988754519405216
419940.0,0.1598735597442661
420000.0,0.15985957864205094
420060.0,0.15984560188530678
420120.0,0.15983162947193508
420180.0,0.15981766139983858
420240.0,0.15980369766692135
420300.0,0.15978973827108897
420360.0,0.15977578321024824
420420.0,0.1597618324823074
420480.0,0.15974788608517598
420540.0,0.15973394401676466
420600.0,0.15972000627498578
420660.0,0.15970607285775293
420720.0,0.159692143762981
420780.0,0.1596782189885862
420840.0,0.15966429853248598
420900.0,0.15965038239259935
420960.0,0.1596364705668466
421020.0,0.15962256305314929
421080.0,0.15960865984943037
421140.0,0.1595947609536139
421200.0,0.15958086636362565
421260.0,0.15956697607739245
421320.0,0.15955309009284266
421380.0,0.15953920840790575
421440.0,0.15952533102051256
421500.0,0.15951145792859533
421560.0,0.15949758913008774
421620.0,0.1594837246229246
421680.0,0.15946986440504213
421740.0,0.15945600847437774
421800.0,0.1594421568288704
421860.0,0.15942830946646022
421920.0,0.15941446638508877
421980.0,0.15940062758269882
422040.0,0.15938679305723433
422100.0,0.1593729628066409
422160.0,0.15935913682886524
422220.0,0.15934531512185549
422280.0,0.15933149768356097
422340.0,0.1593176845119323
422400.0,0.1593038756049215
422460.0,0.159290070960482
422520.0,0.1592762705765684
422580.0,0.15926247445113664
422640.0,0.1592486825821438
422700.0,0.15923489496754856
422760.0,0.15922111160531074
422820.0,0.1592073324933916
422880.0,0.1591935576297535
422940.0,0.15917978701236016
423000.0,0.15916602063917662
423060.0,0.15915225850816936
423120.0,0.15913850061730603
423180.0,0.15912474696455553
423240.0,0.15911099754788804
423300.0,0.15909725236527522
423360.0,0.15908351141468988
423420.0,0.15906977469410621
423480.0,0.15905604220149963
423540.0,0.15904231393484672
423600.0,0.1590285898921256
423660.0,0.1590148700713156
423720.0,0.1590011544703973
423780.0,0.15898744308735263
423840.0,0.1589737359201646
423900.0,0.1589600329668177
423960.0,0.15894633422529775
424020.0,0.15893263969359178
424080.0,0.15891894936968806
424140.0,0.15890526325157608
424200.0,0.15889158133724676
424260.0,0.1588779036246923
424320.0,0.15886423011190615
424380.0,0.15885056079688292
424440.0,0.15883689567761858
424500.0,0.15882323475211038
424560.0,0.1588095780183569
424620.0,0.15879592547435797
424680.0,0.15878227711811463
424740.0,0.1587686329476291
424800.0,0.15875499296090512
424860.0,0.15874135715594756
424920.0,0.1587277255307626
424980.0,0.1587140980833576
425040.0,0.1587004748117412
425100.0,0.1586868557139234
425160.0,0.15867324078791548
425220.0,0.15865963003172986
425280.0,0.15864602344338033
425340.0,0.15863242102088176
425400.0,0.1586188227622505
425460.0,0.1586052286655041
425520.0,0.15859163872866136
425580.0,0.1585780529497423
425640.0,0.1585644713267681
425700.0,0.15855089385776136
425760.0,0.15853732054074599
425820.0,0.158523751373747
425880.0,0.15851018635479072
425940.0,0.15849662548190457
426000.0,0.1584830687531175
426060.0,0.15846951616645952
426120.0,0.15845596771996198
426180.0,0.15844242341165748
426240.0,0.15842888323957965
426300.0,0.1584153472017637
426360.0,0.1584018152962459
426420.0,0.1583882875210638
426480.0,0.1583747638742562
426540.0,0.15836124435386298
426600.0,0.15834772895792554
426660.0,0.15833421768448636
426720.0,0.15832071053158922
426780.0,0.15830720749727908
426840.0,0.15829370857960204
426900.0,0.15828021377660564
426960.0,0.15826672308633863
427020.0,0.1582532365068509
427080.0,0.15823975403619361
427140.0,0.15822627567241904
427200.0,0.15821280141358093
427260.0,0.15819933125773414
427320.0,0.15818586520293473
427380.0,0.15817240324724005
427440.0,0.15815894538870848
427500.0,0.15814549162539984
427560.0,0.1581320419553752
427620.0,0.15811859637669673
427680.0,0.15810515488742788
427740.0,0.15809171748563322
427800.0,0.1580782841693787
427860.0,0.15806485493673142
427920.0,0.15805142978575976
427980.0,0.15803800871453322
428040.0,0.1580245917211224
428100.0,0.15801117880359944
428160.0,0.1579977699600375
428220.0,0.157984365188511
428280.0,0.15797096448709552
428340.0,0.15795756785386783
428400.0,0.15794417528690602
428460.0,0.1579307867842894
428520.0,0.1579174023440984
428580.0,0.1579040219644147
428640.0,0.15789064564332106
428700.0,0.1578772733789017
428760.0,0.1578639051692419
428820.0,0.15785054101242818
428880.0,0.15783718090654822
428940.0,0.15782382484969085
429000.0,0.15781047283994623
429060.0,0.1577971248754057
429120.0,0.15778378095416182
429180.0,0.15777044107430824
429240.0,0.15775710523393977
429300.0,0.15774377343115262
429360.0,0.1577304456640441
429420.0,0.15771712193071272
429480.0,0.1577038022292582
429540.0,0.1576904865577813
429600.0,0.1576771749143842
429660.0,0.1576638672971702
429720.0,0.15765056370424377
429780.0,0.15763726413371057
429840.0,0.1576239685836773
429900.0,0.15761067705225212
429960.0,0.15759738953754426
430020.0,0.15758410603766415
430080.0,0.15757082655072335
430140.0,0.15755755107483457
430200.0,0.15754427960811185
430260.0,0.15753101214867038
430320.0,0.15751774869462645
430380.0,0.1575044892440976
430440.0,0.1574912337952024
430500.0,0.15747798234606084
430560.0,0.15746473489479393
430620.0,0.15745149143952397
430680.0,0.15743825197837433
430740.0,0.15742501650946947
430800.0,0.15741178503093523
430860.0,0.15739855754089854
430920.0,0.15738533403748758
430980.0,0.1573721145188316
431040.0,0.15735889898306088
431100.0,0.15734568742830712
431160.0,0.1573324798527032
431220.0,0.15731927625438302
431280.0,0.15730607663148172
431340.0,0.15729288098213545
431400.0,0.1572796893044818
431460.0,0.15726650159665936
431520.0,0.15725331785680796
431580.0,0.1572401380830685
431640.0,0.15722696227358302
431700.0,0.15721379042649483
431760.0,0.15720062253994843
431820.0,0.15718745861208938
431880.0,0.15717429864106447
431940.0,0.15716114262502154
432000.0,0.1571479905621096
432060.0,0.1571348425804025
432120.0,0.15712169843394772
432180.0,0.15710855822245662
432240.0,0.1570954219533141
432300.0,0.15708228962538348
432360.0,0.15706916124016315
432420.0,0.1570560367947972
432480.0,0.15704291628881925
432540.0,0.15702979971152786
432600.0,0.15701668706613484
432660.0,0.15700357835549164
432720.0,0.15699047357959828
432780.0,0.15697737273845472
432840.0,0.1569642758145568
432900.0,0.15695118281296058
432960.0,0.15693809373815493
433020.0,0.1569250085901398
433080.0,0.1569119273689152
433140.0,0.1568988500603435
433200.0,0.15688577666494713
433260.0,0.156872707184223
433320.0,0.15685964161637933
433380.0,0.1568465799596243
433440.0,0.1568335222130975
433500.0,0.15682046837497263
433560.0,0.15680741844335935
433620.0,0.15679437241658387
433680.0,0.15678133029297245
433740.0,0.1567682920693916
433800.0,0.1567552577442216
433860.0,0.15674222731594317
433920.0,0.15672920078269756
433980.0,0.156716178142626
434040.0,0.15670315939352017
434100.0,0.15669014453353422
434160.0,0.1566771335608464
434220.0,0.15666412647355363
434280.0,0.15665112326975286
434340.0,0.15663812394792737
434400.0,0.15662512850615976
434460.0,0.15661213694250609
434520.0,0.15659914925511229
434580.0,0.15658616544212417
434640.0,0.1565731855020528
434700.0,0.15656020943303053
434760.0,0.1565472372331646
434820.0,0.15653426890064723
434880.0,0.15652130443367052
434940.0,0.1565083438305671
435000.0,0.15649538708952396
435060.0,0.15648243420871835
435120.0,0.15646948518636028
435180.0,0.1564565400206597
435240.0,0.156443598709848
435300.0,0.1564306612521343
435360.0,0.1564177276457264
435420.0,0.15640479788883688
435480.0,0.15639187197967847
435540.0,0.1563789499164754
435600.0,0.15636603169744004
435660.0,0.15635311732078375
435720.0,0.1563402067847207
435780.0,0.15632730008746504
435840.0,0.1563143972272645
435900.0,0.15630149820233202
435960.0,0.15628860301087819
436020.0,0.1562757116511214
436080.0,0.15626282412128006
436140.0,0.15624994041961884
436200.0,0.15623706054435446
436260.0,0.15622418449370043
436320.0,0.156211312265881
436380.0,0.15619844385912043
436440.0,0.15618557927169013
436500.0,0.1561727185018126
436560.0,0.15615986154770714
436620.0,0.15614700840760398
436680.0,0.15613415907973335
436740.0,0.15612131356236045
436800.0,0.15610847185372073
436860.0,0.15609563395204676
436920.0,0.15608279985557966
436980.0,0.15606996956256183
437040.0,0.15605714307123383
437100.0,0.15604432037983987
437160.0,0.15603150148662542
437220.0,0.1560186863898365
437280.0,0.15600587508771996
437340.0,0.15599306757852652
437400.0,0.15598026386050556
437460.0,0.15596746393190736
437520.0,0.1559546677909838
437580.0,0.15594187543598792
437640.0,0.1559290868651737
437700.0,0.15591630207679638
437760.0,0.15590352106911234
437820.0,0.15589074384037901
437880.0,0.15587797038885498
437940.0,0.15586520071279855
438000.0,0.1558524348104703
438060.0,0.15583967268013202
438120.0,0.1558269143200463
438180.0,0.15581415972847681
438240.0,0.1558014089036877
438300.0,0.15578866184394466
438360.0,0.15577591854751452
438420.0,0.155763179012665
438480.0,0.15575044323766493
438540.0,0.15573771122078445
438600.0,0.1557249829602944
438660.0,0.15571225845446687
438720.0,0.15569953770157485
438780.0,0.1556868206998925
438840.0,0.1556741074476953
438900.0,0.15566139794325948
438960.0,0.15564869218486238
439020.0,0.15563599017078247
439080.0,0.15562329189929927
439140.0,0.15561059736869323
439200.0,0.155597906577246
439260.0,0.15558521952324028
439320.0,0.1555725362049598
439380.0,0.1555598566206894
439440.0,0.15554718076871468
439500.0,0.15553450864732257
439560.0,0.15552184025480104
439620.0,0.15550917558943905
439680.0,0.15549651464952666
439740.0,0.1554838574333548
439800.0,0.15547120393921557
439860.0,0.15545855416540216
439920.0,0.15544590811020878
439980.0,0.15543326577193067
440040.0,0.15542062714886407
440100.0,0.1554079922393063
440160.0,0.15539536104155574
440220.0,0.15538273355391183
440280.0,0.15537010977467505
440340.0,0.15535748970214674
440400.0,0.1553448733346295
440460.0,0.15533226067042694
440520.0,0.15531965170784362
440580.0,0.15530704644518523
440640.0,0.15529444488075833
440700.0,0.1552818470128707
440760.0,0.15526925283983112
440820.0,0.15525666235994934
440880.0,0.15524407557153622
440940.0,0.15523149247290352
441000.0,0.1552189130623641
441060.0,0.15520633733823194
441120.0,0.155193765298822
441180.0,0.15518119694245022
441240.0,0.15516863226743352
441300.0,0.1551560712720899
441360.0,0.1551435139547385
441420.0,0.15513096031369933
441480.0,0.15511841034729357
441540.0,0.15510586405384322
441600.0,0.15509332143167148
441660.0,0.1550807824791025
441720.0,0.1550682471944615
441780.0,0.15505571557607473
441840.0,0.1550431876222693
441900.0,0.15503066333137347
441960.0,0.15501814270171657
442020.0,0.15500562573162888
442080.0,0.1549931124194417
442140.0,0.15498060276348732
442200.0,0.15496809676209905
442260.0,0.15495559441361126
442320.0,0.1549430957163594
442380.0,0.15493060066867978
442440.0,0.15491810926890973
442500.0,0.15490562151538767
442560.0,0.15489313740645305
442620.0,0.15488065694044628
442680.0,0.15486818011570885
442740.0,0.1548557069305831
442800.0,0.15484323738341246
442860.0,0.15483077147254148
442920.0,0.15481830919631562
442980.0,0.15480585055308135
443040.0,0.15479339554118607
443100.0,0.15478094415897825
443160.0,0.15476849640480742
443220.0,0.15475605227702405
443280.0,0.15474361177397966
443340.0,0.15473117489402669
443400.0,0.1547187416355186
443460.0,0.1547063119968099
443520.0,0.15469388597625613
443580.0,0.15468146357221377
443640.0,0.15466904478304022
443700.0,0.15465662960709395
443760.0,0.15464421804273448
443820.0,0.15463181008832233
443880.0,0.15461940574221894
443940.0,0.1546070050027867
444000.0,0.15459460786838905
444060.0,0.1545822143373905
444120.0,0.15456982440815645
444180.0,0.1545574380790534
444240.0,0.15454505534844865
444300.0,0.1545326762147106
444360.0,0.15452030067620867
444420.0,0.15450792873131328
444480.0,0.15449556037839582
444540.0,0.15448319561582852
444600.0,0.15447083444198478
444660.0,0.15445847685523895
444720.0,0.15444612285396633
444780.0,0.15443377243654324
444840.0,0.15442142560134686
444900.0,0.15440908234675546
444960.0,0.1543967426711483
445020.0,0.1543844065729056
445080.0,0.15437207405040862
445140.0,0.1543597451020394
445200.0,0.15434741972618113
445260.0,0.15433509792121797
445320.0,0.154322779685535
445380.0,0.15431046501751838
445440.0,0.15429815391555507
445500.0,0.1542858463780331
445560.0,0.15427354240334154
445620.0,0.15426124198987035
445680.0,0.1542489451360105
445740.0,0.15423665184015384
445800.0,0.15422436210069326
445860.0,0.15421207591602265
445920.0,0.15419979328453687
445980.0,0.15418751420463173
446040.0,0.1541752386747039
446100.0,0.1541629666931512
446160.0,0.15415069825837227
446220.0,0.15413843336876687
446280.0,0.15412617202273565
446340.0,0.15411391421868006
446400.0,0.15410165995500272
446460.0,0.1540894092301072
446520.0,0.15407716204239794
446580.0,0.15406491839028047
446640.0,0.15405267827216107
446700.0,0.15404044168644715
446760.0,0.15402820863154706
446820.0,0.1540159791058701
446880.0,0.1540037531078265
446940.0,0.15399153063582738
447000.0,0.15397931168828496
447060.0,0.15396709626361238
447120.0,0.15395488436022367
447180.0,0.15394267597653388
447240.0,0.15393047111095898
447300.0,0.1539182697619158
447360.0,0.1539060719278223
447420.0,0.15389387760709736
447480.0,0.15388168679816072
447540.0,0.15386949949943307
447600.0,0.15385731570933608
447660.0,0.15384513542629244
447720.0,0.1538329586487257
447780.0,0.15382078537506041
447840.0,0.15380861560372203
447900.0,0.15379644933313688
447960.0,0.15378428656173246
448020.0,0.15377212728793702
448080.0,0.15375997151017987
448140.0,0.1537478192268911
448200.0,0.15373567043650185
448260.0,0.15372352513744422
448320.0,0.15371138332815126
448380.0,0.15369924500705692
448440.0,0.15368711017259606
448500.0,0.1536749788232045
448560.0,0.153662850957319
448620.0,0.15365072657337736
448680.0,0.15363860566981818
448740.0,0.153626488245081
448800.0,0.15361437429760635
448860.0,0.15360226382583575
448920.0,0.15359015682821156
448980.0,0.15357805330317711
449040.0,0.1535659532491766
449100.0,0.15355385666465518
449160.0,0.15354176354805904
449220.0,0.15352967389783523
449280.0,0.1535175877124317
449340.0,0.15350550499029733
449400.0,0.15349342572988192
449460.0,0.15348134992963633
449520.0,0.15346927758801218
449580.0,0.15345720870346216
449640.0,0.1534451432744397
449700.0,0.15343308129939925
449760.0,0.15342102277679628
449820.0,0.1534089677050871
449880.0,0.15339691608272893
449940.0,0.15338486790817987
450000.0,0.15337282317989898
450060.0,0.15336078189634633
450120.0,0.15334874405598284
450180.0,0.1533367096572703
450240.0,0.1533246786986715
450300.0,0.15331265117865006
450360.0,0.15330062709567063
450420.0,0.15328860644819872
450480.0,0.15327658923470078
450540.0,0.15326457545364403
450600.0,0.15325256510349677
450660.0,0.1532405581827282
450720.0,0.15322855468980837
450780.0,0.15321655462320832
450840.0,0.1532045579813999
450900.0,0.15319256476285592
450960.0,0.15318057496605011
451020.0,0.15316858858945714
451080.0,0.15315660563155262
451140.0,0.15314462609081284
451200.0,0.15313264996571524
451260.0,0.1531206772547381
451320.0,0.15310870795636064
451380.0,0.15309674206906293
451440.0,0.15308477959132585
451500.0,0.15307282052163135
451560.0,0.1530608648584622
451620.0,0.15304891260030215
451680.0,0.1530369637456358
451740.0,0.1530250182929486
451800.0,0.15301307624072696
451860.0,0.1530011375874582
451920.0,0.15298920233163055
451980.0,0.15297727047173315
452040.0,0.1529653420062559
452100.0,0.15295341693368966
452160.0,0.15294149525252634
452220.0,0.1529295769612586
452280.0,0.1529176620583801
452340.0,0.15290575054238517
452400.0,0.15289384241176926
452460.0,0.15288193766502867
452520.0,0.15287003630066054
452580.0,0.15285813831716297
452640.0,0.15284624371303482
452700.0,0.15283435248677596
452760.0,0.15282246463688715
452820.0,0.15281058016187
452880.0,0.15279869906022706
452940.0,0.15278682133046165
453000.0,0.15277494697107807
453060.0,0.15276307598058153
453120.0,0.15275120835747813
453180.0,0.1527393441002748
453240.0,0.15272748320747928
453300.0,0.15271562567760033
453360.0,0.15270377150914757
453420.0,0.15269192070063153
453480.0,0.15268007325056354
453540.0,0.15266822915745587
453600.0,0.1526563884198216
453660.0,0.1526445511482247
453720.0,0.15263271713144724
453780.0,0.15262088645398453
453840.0,0.15260905912424624
453900.0,0.15259723513888956
453960.0,0.1525854145007871
454020.0,0.15257359720782726
454080.0,0.1525617832582808
454140.0,0.1525499726504133
454200.0,0.15253816537568224
454260.0,0.15252636144094026
454320.0,0.15251456084618734
454380.0,0.1525027635914235
454440.0,0.15249096967279102
454500.0,0.1524791790771711
454560.0,0.1524673918150874
454620.0,0.1524556078865399
454680.0,0.1524438272915286
454740.0,0.15243205002711271
454800.0,0.1524202760814513
454860.0,0.15240850546033974
454920.0,0.15239673816233523
454980.0,0.152384974185995
455040.0,0.15237321353007444
455100.0,0.1523614561939283
455160.0,0.1523497021757235
455220.0,0.15233795147411447
455280.0,0.15232620408775563
455340.0,0.1523144600149996
455400.0,0.15230271925328545
455460.0,0.15229098180186246
455520.0,0.15227924765923692
455580.0,0.15226751682391523
455640.0,0.1522557892943305
455700.0,0.1522440650686941
455760.0,0.15223234414565676
455820.0,0.15222062652368887
455880.0,0.15220891220126084
455940.0,0.15219720117692243
456000.0,0.1521854934494634
456060.0,0.15217378901719786
456120.0,0.1521620878786351
456180.0,0.1521503900322845
456240.0,0.15213869547673056
456300.0,0.1521270042107853
456360.0,0.15211531623280986
456420.0,0.15210363154135048
456480.0,0.15209195013495336
456540.0,0.15208027201219346
456600.0,0.15206859717173263
456660.0,0.1520569256120605
456720.0,0.15204525733173735
456780.0,0.15203359232932348
456840.0,0.15202193060338323
456900.0,0.15201027215249321
456960.0,0.15199861697520572
457020.0,0.15198696507008308
457080.0,0.15197531643568754
457140.0,0.1519636710705834
457200.0,0.15195202897334087
457260.0,0.15194039014251837
457320.0,0.15192875457667915
457380.0,0.15191712227438645
457440.0,0.15190549323421004
457500.0,0.15189386745473946
457560.0,0.15188224493452507
457620.0,0.15187062567213336
457680.0,0.15185900966613075
457740.0,0.15184739691509289
457800.0,0.15183578741762302
457860.0,0.15182418117226962
457920.0,0.15181257817760357
457980.0,0.15180097843219587
458040.0,0.15178938193462677
458100.0,0.15177778868350478
458160.0,0.15176619867738245
458220.0,0.1517546119148353
458280.0,0.15174302839443887
458340.0,0.15173144811477535
458400.0,0.15171987107445012
458460.0,0.15170829727203047
458520.0,0.15169672670609988
458580.0,0.1516851593752426
458640.0,0.1516735952780433
458700.0,0.15166203441308554
458760.0,0.1516504767789569
458820.0,0.15163892237424448
458880.0,0.15162737119753614
458940.0,0.15161582324742107
459000.0,0.15160427852249092
459060.0,0.15159273702133536
459120.0,0.15158119874254597
459180.0,0.1515696636847153
459240.0,0.15155813184643663
459300.0,0.151546603226304
459360.0,0.15153507782291248
459420.0,0.15152355563485798
459480.0,0.15151203666073715
459540.0,0.1515005208991473
459600.0,0.1514890083486857
459660.0,0.15147749900795193
459720.0,0.15146599287554577
459780.0,0.15145448995006783
459840.0,0.15144299023011942
459900.0,0.15143149371430242
459960.0,0.15142000040121995
460020.0,0.1514085102894758
460080.0,0.15139702337767452
460140.0,0.15138553966442156
460200.0,0.15137405914832325
460260.0,0.15136258182798656
460320.0,0.15135110770201932
460380.0,0.15133963676903014
460440.0,0.15132816902762858
460500.0,0.15131670447642503
460560.0,0.15130524311403054
460620.0,0.15129378493905707
460680.0,0.15128232995011734
460740.0,0.1512708781458249
460800.0,0.15125942952479413
460860.0,0.15124798408564016
460920.0,0.15123654182697904
460980.0,0.1512251027474276
461040.0,0.15121366684560333
461100.0,0.15120223412012454
461160.0,0.15119080456961045
461220.0,0.15117937819268115
461280.0,0.1511679549879574
461340.0,0.1511565349540608
461400.0,0.15114511808961364
461460.0,0.1511337043932392
461520.0,0.15112229386356144
461580.0,0.15111088649920523
461640.0,0.1510994822987961
461700.0,0.15108808126096043
461760.0,0.15107668338432548
461820.0,0.15106528866751917
461880.0,0.15105389710917036
461940.0,0.15104250870790858
462000.0,0.15103112346236422
462060.0,0.15101974137116844
462120.0,0.15100836243295326
462180.0,0.15099698664635144
462240.0,0.15098561400999652
462300.0,0.1509742445225228
462360.0,0.1509628781825655
462420.0,0.15095151498876055
462480.0,0.1509401549397447
462540.0,0.15092879803415543
462600.0,0.150917444270631
462660.0,0.15090609364781057
462720.0,0.15089474616433401
462780.0,0.15088340181884202
462840.0,0.15087206060997604
462900.0,0.15086072253637833
462960.0,0.1508493875966919
463020.0,0.1508380557895606
463080.0,0.15082672711362913
463140.0,0.15081540156754278
463200.0,0.15080407914994767
463260.0,0.15079275985949087
463320.0,0.1507814436948201
463380.0,0.15077013065458392
463440.0,0.15075882073743163
463500.0,0.15074751394201322
463560.0,0.15073621026697967
463620.0,0.1507249097109826
463680.0,0.1507136122726745
463740.0,0.15070231795070851
463800.0,0.15069102674373863
463860.0,0.15067973865041967
463920.0,0.1506684536694072
463980.0,0.15065717179935753
464040.0,0.15064589303892775
464100.0,0.15063461738677572
464160.0,0.15062334484156006
464220.0,0.1506120754019403
464280.0,0.1506008090665766
464340.0,0.15058954583412998
464400.0,0.1505782857032621
464460.0,0.1505670286726355
464520.0,0.15055577474091356
464580.0,0.15054452390676032
464640.0,0.15053327616884063
464700.0,0.15052203152582
464760.0,0.15051078997636488
464820.0,0.15049955151914243
464880.0,0.15048831615282057
464940.0,0.15047708387606804
465000.0,0.15046585468755413
465060.0,0.1504546285859492
465120.0,0.15044340556992422
465180.0,0.15043218563815094
465240.0,0.15042096878930192
465300.0,0.1504097550220503
465360.0,0.15039854433507024
465420.0,0.15038733672703655
465480.0,0.15037613219662482
465540.0,0.1503649307425114
465600.0,0.15035373236337327
465660.0,0.1503425370578884
465720.0,0.15033134482473537
465780.0,0.15032015566259366
465840.0,0.1503089695701433
465900.0,0.15029778654606527
465960.0,0.1502866065890412
466020.0,0.1502754296977535
466080.0,0.1502642558708855
466140.0,0.15025308510712096
466200.0,0.15024191740514461
466260.0,0.1502307527636419
466320.0,0.15021959118129907
466380.0,0.15020843265680311
466440.0,0.1501972771888417
466500.0,0.15018612477610327
466560.0,0.1501749754172771
466620.0,0.15016382911105314
466680.0,0.15015268585612218
466740.0,0.15014154565117566
466800.0,0.1501304084949058
466860.0,0.15011927438600559
466920.0,0.1501081433231688
466980.0,0.15009701530508993
467040.0,0.1500858903304642
467100.0,0.15007476839798753
467160.0,0.1500636495063567
467220.0,0.15005253365426915
467280.0,0.15004142084042318
467340.0,0.15003031106351772
467400.0,0.1500192043222525
467460.0,0.15000810061532796
467503.782835999,0.14999999999989472
467504.782835999,0.14999981500099638
467505.782835999,0.14999963000291125
467508.782835999,0.14999907501350518
467513.782835999,0.1499981500477824
467520.0,0.14999699994430524
467523.782835999,0.14999630017943186
467543.782835999,0.14999260069570378
467580.0,0.14998590231200676
467583.782835999,0.14998520273833438
467623.782835999,0.1499778061275012
