time_h,R_m,Csurface_shrink,Csurface_fixed,G,Q,GQ
4.000000000000000000e+00,1.477000000000000014e-02,5.763620848148542919e-01,5.750947858615697017e-01,1.354096140825998607e+00,1.002413422983372993e+00,1.357364147573964841e+00
4.016666666666666607e+00,1.475951246880303352e-02,5.747950085286944732e-01,5.737182898928845365e-01,1.355058308482323559e+00,1.002055874225630250e+00,1.357844137932958439e+00
4.033333333333333215e+00,1.474900600978336883e-02,5.732247354024240238e-01,5.723382692930281124e-01,1.356023584689945993e+00,1.001697080029981590e+00,1.358324865235707390e+00
4.049999999999999822e+00,1.473848625336927204e-02,5.716593381606568380e-01,5.709628009315252939e-01,1.356991461414697620e+00,1.001336994532089131e+00,1.358805751578700649e+00
4.066666666666666430e+00,1.472795882998901781e-02,5.700996702402727490e-01,5.695928163876140538e-01,1.357961427708235469e+00,1.000975464803339765e+00,1.359286071285257913e+00
4.083333333333333037e+00,1.471742937007087908e-02,5.685460248803263505e-01,5.682286822517638170e-01,1.358932969685023195e+00,1.000612348893619830e+00,1.359765110785513320e+00
4.099999999999999645e+00,1.470690350404312875e-02,5.669985044520770012e-01,5.668705598027031778e-01,1.359905570503112893e+00,1.000247532529683792e+00,1.360242191369110509e+00
4.116666666666666252e+00,1.469638686233403282e-02,5.654571314956222672e-01,5.655185179391928330e-01,1.360878710348787379e+00,9.998809251262559261e-01,1.360716663888171585e+00
4.133333333333333748e+00,1.468588507537186769e-02,5.639218880212987228e-01,5.641725785525628645e-01,1.361851866425120461e+00,9.995124480196966310e-01,1.361187892850765024e+00
4.150000000000000355e+00,1.467540377358490453e-02,5.623927319980516204e-01,5.628327380227617915e-01,1.362824512944518673e+00,9.991420247386240128e-01,1.361655243226815415e+00
4.166666666666666963e+00,1.466494858740141974e-02,5.608696046568633076e-01,5.614989787111176467e-01,1.363796121125299798e+00,9.987695727873278084e-01,1.362118069265330522e+00
4.183333333333333570e+00,1.465452514724967584e-02,5.593524348376678335e-01,5.601712748459551916e-01,1.364766159192374095e+00,9.983950005274412343e-01,1.362575710226704206e+00
4.200000000000000178e+00,1.464413908355795095e-02,5.578411418465880622e-01,5.588495959640380484e-01,1.365734092382082654e+00,9.980182059035617170e-01,1.363027488620495387e+00
4.216666666666666785e+00,1.463379602675451800e-02,5.563356375573917934e-01,5.575339090029558520e-01,1.366699382951259922e+00,9.976390763281226537e-01,1.363472710025710022e+00
4.233333333333333393e+00,1.462350160726764645e-02,5.548358280846938939e-01,5.562241793666965473e-01,1.367661490190579254e+00,9.972574897521694348e-01,1.363910664538168449e+00
4.250000000000000000e+00,1.461326145552560574e-02,5.533416150315147997e-01,5.549203715283921312e-01,1.368619870442237652e+00,9.968733158298963559e-01,1.364340628358436502e+00
4.266666666666666607e+00,1.460308120195667227e-02,5.518528964513605972e-01,5.536224494436183807e-01,1.369573977122046982e+00,9.964864169133549332e-01,1.364761865160121657e+00
4.283333333333333215e+00,1.459296647698911896e-02,5.503695676487331268e-01,5.523303767980451973e-01,1.370523260745986738e+00,9.960966490724741940e-01,1.365173627504958187e+00
4.299999999999999822e+00,1.458292291105121180e-02,5.488915218055654410e-01,5.510441171915506642e-01,1.371467168961280514e+00,9.957038629118392103e-01,1.365575157991510968e+00
4.316666666666666430e+00,1.457295613457122718e-02,5.474186504984862589e-01,5.497636341670928406e-01,1.372405146582049262e+00,9.953079044924919572e-01,1.365965690559290735e+00
4.333333333333333037e+00,1.456307177797743803e-02,5.459508440878629854e-01,5.484888912697550856e-01,1.373336635629606173e+00,9.949086159513067518e-01,1.366344451389475578e+00
4.349999999999999645e+00,1.455327547169811379e-02,5.444879920128967710e-01,5.472198520955660062e-01,1.374261075377442021e+00,9.945058359621996580e-01,1.366710659598554534e+00
4.366666666666666252e+00,1.454357284616152567e-02,5.430299830614786494e-01,5.459564802954747220e-01,1.375177902400962271e+00,9.940994002440732835e-01,1.367063528005699302e+00
4.383333333333333748e+00,1.453396953179594657e-02,5.415767056000760915e-01,5.446987396404034953e-01,1.376086550632022787e+00,9.936891418734162817e-01,1.367402263641084081e+00
4.400000000000000355e+00,1.452447115902964943e-02,5.401280477507318656e-01,5.434465940289096020e-01,1.376986451418322099e+00,9.932748916106047821e-01,1.367726068281805096e+00
4.416666666666666963e+00,1.451508335829090543e-02,5.386838975612001645e-01,5.422000074818273951e-01,1.377877033587695754e+00,9.928564782437414582e-01,1.368034139020813056e+00
4.433333333333333570e+00,1.450581176000798576e-02,5.372441431343075724e-01,5.409589442034482554e-01,1.378757723517362699e+00,9.924337287202948943e-01,1.368325668552241581e+00
4.450000000000000178e+00,1.449666199460916335e-02,5.358086727721721454e-01,5.397233685053002272e-01,1.379627945208169226e+00,9.920064685898081214e-01,1.368599845893769151e+00
4.466666666666666785e+00,1.448763969252271286e-02,5.343773749988940391e-01,5.384932449013604128e-01,1.380487120363871112e+00,9.915745218562195262e-01,1.368855856303474949e+00
4.483333333333333393e+00,1.447875048417690026e-02,5.329501386781138050e-01,5.372685380379019771e-01,1.381334668475501237e+00,9.911377113595087884e-01,1.369092881934354189e+00
4.500000000000000000e+00,1.447000000000000022e-02,5.315268528349821331e-01,5.360492127489840941e-01,1.382170006910850013e+00,9.906958582985173623e-01,1.369310101311012273e+00
4.516666666666666607e+00,1.446140689783368197e-02,5.301073711347303874e-01,5.348352340473608857e-01,1.382991305154134043e+00,9.902487089824489885e-01,1.369505354462833280e+00
4.533333333333333215e+00,1.445297885562543683e-02,5.286915273701209284e-01,5.336265671285302936e-01,1.383797776208295804e+00,9.897959659266650778e-01,1.369677456549261318e+00
4.549999999999999822e+00,1.444470503396226395e-02,5.272792510324034732e-01,5.324231773832341919e-01,1.384590405479113384e+00,9.893375268644891696e-01,1.369827247477006349e+00
4.566666666666666430e+00,1.443657459343116768e-02,5.258705215177863490e-01,5.312250303997970713e-01,1.385370183942405964e+00,9.888733920436985070e-01,1.369955713031329569e+00
4.583333333333333037e+00,1.442857669461914717e-02,5.244653389357093465e-01,5.300320919537367947e-01,1.386138107957564980e+00,9.884036047189059815e-01,1.370063902543501300e+00
4.599999999999999645e+00,1.442070049811320677e-02,5.230637191082329052e-01,5.288443280216817977e-01,1.386895179094578934e+00,9.879282412101605404e-01,1.370152915025758089e+00
4.616666666666666252e+00,1.441293516450034909e-02,5.216656936112057386e-01,5.276617047856810849e-01,1.387642403974786554e+00,9.874474113818174636e-01,1.370223899728545192e+00
4.633333333333333748e+00,1.440526985436757501e-02,5.202713056493711852e-01,5.264841886102584745e-01,1.388380794125570805e+00,9.869612504366105377e-01,1.370278044652347704e+00
4.650000000000000355e+00,1.439769372830188715e-02,5.188806071374112427e-01,5.253117460753822243e-01,1.389111365849207358e+00,9.864699130039649155e-01,1.370316568222086362e+00
4.666666666666666963e+00,1.439019594689028639e-02,5.174936572721646755e-01,5.241443439652647696e-01,1.389835140106065792e+00,9.859735703740953872e-01,1.370340715321758829e+00
4.683333333333333570e+00,1.438276567071977534e-02,5.161105215143487746e-01,5.229819492484804044e-01,1.390553142412360055e+00,9.854724085722548210e-01,1.370351754500826136e+00
4.700000000000000178e+00,1.437539206037735835e-02,5.147312705073723293e-01,5.218245291360452676e-01,1.391266402752635134e+00,9.849666261060484596e-01,1.370350974733961724e+00
4.716666666666666785e+00,1.436806427645003457e-02,5.133559802539384709e-01,5.206720510189630780e-01,1.391975955507172014e+00,9.844564346023565449e-01,1.370339686210799046e+00
4.733333333333333393e+00,1.436077147952480662e-02,5.119847305161842055e-01,5.195244824970750575e-01,1.392682839394488781e+00,9.839420554767284166e-01,1.370319215620979802e+00
4.750000000000000000e+00,1.435350283018867884e-02,5.106176042243959490e-01,5.183817914014023920e-01,1.393388097429113515e+00,9.834237187194073693e-01,1.370290904393098641e+00
4.766666666666666607e+00,1.434624748902865038e-02,5.092546880089192651e-01,5.172439457475365154e-01,1.394092776894799712e+00,9.829016642114338786e-01,1.370256110475037925e+00
4.783333333333333215e+00,1.433899461663172559e-02,5.078960704573711737e-01,5.161109137680370829e-01,1.394797929333351227e+00,9.823761380120570319e-01,1.370216203125711685e+00
4.799999999999999822e+00,1.433173337358490708e-02,5.065418424882274229e-01,5.149826639072488943e-01,1.395504610549229474e+00,9.818473932219040634e-01,1.370172564096909351e+00
4.816666666666666430e+00,1.432445292047519227e-02,5.051920971044364661e-01,5.138591648152487368e-01,1.396213880630111426e+00,9.813156895233733357e-01,1.370126586992642670e+00
4.833333333333333037e+00,1.431714241788958897e-02,5.038469290122056243e-01,5.127403853454500782e-01,1.396926803983562726e+00,9.807812924144835298e-01,1.370079676219432496e+00
4.849999999999999645e+00,1.430979102641509459e-02,5.025064342074760937e-01,5.116262945648764049e-01,1.397644449390007759e+00,9.802444723340779653e-01,1.370033245802961153e+00
4.866666666666666252e+00,1.430238790663871523e-02,5.011707099118429820e-01,5.105168617509253659e-01,1.398367890072163000e+00,9.797055045614755375e-01,1.369988719305714309e+00
4.883333333333333748e+00,1.429492221914744829e-02,4.998398543705884212e-01,5.094120563891659792e-01,1.399098203781118821e+00,9.791646688119449715e-01,1.369947529340726389e+00
4.900000000000000355e+00,1.428738312452830159e-02,4.985139666610409193e-01,5.083118481627407759e-01,1.399836472899252504e+00,9.786222488664404473e-01,1.369911117153932434e+00
4.916666666666666963e+00,1.427975978336827254e-02,4.971931465813738682e-01,5.072162069753912705e-01,1.400583784560166745e+00,9.780785322996550235e-01,1.369880932365304060e+00
4.933333333333333570e+00,1.427204135625436722e-02,4.958774944208464985e-01,5.061251029353995845e-01,1.401341230785846825e+00,9.775338100279536979e-01,1.369858432479350796e+00
4.950000000000000178e+00,1.426421700377358479e-02,4.945671109615850103e-01,5.050385063574438504e-01,1.402109908641253844e+00,9.769883763208970784e-01,1.369845083066860036e+00
4.966666666666666785e+00,1.425627588651292785e-02,4.932620971949557287e-01,5.039563877533860259e-01,1.402890920406562270e+00,9.764425282079405299e-01,1.369842357121748400e+00
4.983333333333333393e+00,1.424820716505939902e-02,4.919625543988452865e-01,5.028787178547413639e-01,1.403685373767277200e+00,9.758965656051185045e-01,1.369851735449622909e+00
5.000000000000000000e+00,1.423999999999999919e-02,4.906685824138872221e-01,5.018054675952698940e-01,1.404494382022472010e+00,9.753507875435019070e-01,1.369874701606042189e+00
5.016666666666666607e+00,1.423164960000000007e-02,4.893802632885516646e-01,5.007366081105113498e-01,1.405318467087610212e+00,9.748054558473746578e-01,1.369912108920071647e+00
5.033333333333333215e+00,1.422316479999999848e-02,4.880976361446486833e-01,4.996721107355129310e-01,1.406156806957619132e+00,9.742607387769443017e-01,1.369963369582759105e+00
5.049999999999999822e+00,1.421455519999999945e-02,4.868206632639374698e-01,4.986119470194078085e-01,1.407008500695118514e+00,9.737166342725479540e-01,1.370027581689714724e+00
5.066666666666666430e+00,1.420583039999999929e-02,4.855493068208681651e-01,4.975560887115365594e-01,1.407872643615398989e+00,9.731731394058642515e-01,1.370103840470831225e+00
5.083333333333333037e+00,1.419699999999999955e-02,4.842835049207679377e-01,4.965045077585256705e-01,1.408748327111361665e+00,9.726301967136720128e-01,1.370191162518380024e+00
5.099999999999999645e+00,1.418807360000000004e-02,4.830231844057246149e-01,4.954571763094221537e-01,1.409634638489611458e+00,9.720877222945455420e-01,1.370288524996861490e+00
5.116666666666666252e+00,1.417906080000000055e-02,4.817682622203589005e-01,4.944140667189901861e-01,1.410530660817816528e+00,9.715456085715905576e-01,1.370394869273133365e+00
5.133333333333333748e+00,1.416997119999999916e-02,4.805186461322543678e-01,4.933751515405160326e-01,1.411435472783459266e+00,9.710037256652068738e-01,1.370509102608771679e+00
5.150000000000000355e+00,1.416081440000000087e-02,4.792742355511169228e-01,4.923404035214238861e-01,1.412348148564110728e+00,9.704619230053302958e-01,1.370630100208544810e+00
5.166666666666666963e+00,1.415159999999999682e-02,4.780349244338281678e-01,4.913097956120122678e-01,1.413267757709375960e+00,9.699200356668948864e-01,1.370756713964350393e+00
5.183333333333333570e+00,1.414233759999999895e-02,4.768006020669738887e-01,4.902833009606535897e-01,1.414193365034646099e+00,9.693778860058133162e-01,1.370887774600732634e+00
5.200000000000000178e+00,1.413303679999999840e-02,4.755711528765838580e-01,4.892608929119861005e-01,1.415124030526829335e+00,9.688352830984322539e-01,1.371022090734855148e+00
5.216666666666666785e+00,1.412370719999999844e-02,4.743464575796986216e-01,4.882425449983645027e-01,1.416058809262203066e+00,9.682920252513904646e-01,1.371158452295571095e+00
5.233333333333333393e+00,1.411435839999999886e-02,4.731263936274361370e-01,4.872282309586195015e-01,1.416996751336568217e+00,9.677479008671302507e-01,1.371295631641506807e+00
5.250000000000000000e+00,1.410499999999999948e-02,4.719108359305929645e-01,4.862179247221962708e-01,1.417936901807869576e+00,9.672026900472721067e-01,1.371432385745866123e+00
5.266666666666666607e+00,1.409564160000000010e-02,4.706996560252068029e-01,4.852116004123910864e-01,1.418878300651458035e+00,9.666561625923456580e-01,1.371567453293286887e+00
5.283333333333333215e+00,1.408629280000000053e-02,4.694927243781505943e-01,4.842092323449521118e-01,1.419819982728173891e+00,9.661080832164927745e-01,1.371699562025989971e+00
5.299999999999999822e+00,1.407696320000000056e-02,4.682899089570197182e-01,4.832107950098045723e-01,1.420760977765431754e+00,9.655582082499208907e-01,1.371827424042596055e+00
5.316666666666666430e+00,1.406766240000000001e-02,4.670910767140029063e-01,4.822162631102747121e-01,1.421700310351490915e+00,9.650062889095523122e-01,1.371949740433850984e+00
5.333333333333333037e+00,1.405840000000000041e-02,4.658960934862121928e-01,4.812256115311891458e-01,1.422636999943094560e+00,9.644520711028864435e-01,1.372065201022714565e+00
5.349999999999999645e+00,1.404918559999999983e-02,4.647048236314246239e-01,4.802388153462091025e-01,1.423570060886661048e+00,9.638952945264660510e-01,1.372172483117407360e+00
5.366666666666666252e+00,1.404002879999999981e-02,4.635171313154853867e-01,4.792558498162719505e-01,1.424498502453214410e+00,9.633356956200538335e-01,1.372270255770492220e+00
5.383333333333333748e+00,1.403093920000000015e-02,4.623328797177277960e-01,4.782766903697577288e-01,1.425421328887235051e+00,9.627730057417553944e-01,1.372357177261170458e+00
5.400000000000000355e+00,1.402192640000000066e-02,4.611519315885637682e-01,4.773013126449225374e-01,1.426337539469612281e+00,9.622069523423045778e-01,1.372431896864477308e+00
5.416666666666666963e+00,1.401299999999999941e-02,4.599741495408496417e-01,4.763296924553092615e-01,1.427246128594876318e+00,9.616372597054185789e-01,1.372493056027144220e+00
5.433333333333333570e+00,1.400416960000000141e-02,4.587993959887633477e-01,4.753618057976468636e-01,1.428146085862884718e+00,9.610636487735576550e-01,1.372539288261058532e+00
5.450000000000000178e+00,1.399544479999999952e-02,4.576275334924981286e-01,4.743976288504449523e-01,1.429036396185136004e+00,9.604858379487553055e-01,1.372569220449149752e+00
5.466666666666666785e+00,1.398683519999999875e-02,4.564584245262394702e-01,4.734371379612502539e-01,1.429916039905868130e+00,9.599035425682301836e-01,1.372581472280777648e+00
5.483333333333333393e+00,1.397835040000000063e-02,4.552919320600254949e-01,4.724803096725342932e-01,1.430783992938108096e+00,9.593164762114910760e-01,1.372574658325192765e+00
5.500000000000000000e+00,1.396999999999999978e-02,4.541279207253258177e-01,4.715271206997951881e-01,1.431639226914817487e+00,9.587243535189240440e-01,1.372547392296240565e+00
5.516666666666666607e+00,1.396173008093947593e-02,4.529664134930057595e-01,4.705775479360199132e-01,1.432487226443659667e+00,9.581272627389647578e-01,1.372505065180995132e+00
5.533333333333333215e+00,1.395348175320686515e-02,4.518076914123181353e-01,4.696315684504445143e-01,1.433334013240350702e+00,9.575259076418934923e-01,1.372454451981964585e+00
5.549999999999999822e+00,1.394525716097561041e-02,4.506518539940967960e-01,4.686891594821142037e-01,1.434179360705371220e+00,9.569205644929107413e-01,1.372395723430265724e+00
5.566666666666666430e+00,1.393705844841915120e-02,4.494989377759838201e-01,4.677502984511606732e-01,1.435023041197660776e+00,9.563113609731630493e-01,1.372328837555582437e+00
5.583333333333333037e+00,1.392888775971092875e-02,4.483489562688364183e-01,4.668149629481639917e-01,1.435864826037988484e+00,9.556983703477559544e-01,1.372253674284169778e+00
5.599999999999999645e+00,1.392074723902438950e-02,4.472019083687182039e-01,4.658831307356037232e-01,1.436704485513068175e+00,9.550816310675042109e-01,1.372170063385820704e+00
5.616666666666666252e+00,1.391263903053297120e-02,4.460577822709401730e-01,4.649547797466348498e-01,1.437541788880425830e+00,9.544611558076060431e-01,1.372077797336544780e+00
5.633333333333333748e+00,1.390456527841011682e-02,4.449165595843287413e-01,4.640298880799245684e-01,1.438376504374025977e+00,9.538369411245852802e-01,1.371976645117594540e+00
5.650000000000000355e+00,1.389652812682926931e-02,4.437782171929482988e-01,4.631084340079120731e-01,1.439208399210669898e+00,9.532089717621864411e-01,1.371866358363104998e+00
5.666666666666666963e+00,1.388852971996386645e-02,4.426427286785597492e-01,4.621903959684640073e-01,1.440037239597168339e+00,9.525772239896397320e-01,1.371746676137174381e+00
5.683333333333333570e+00,1.388057220198735293e-02,4.415100653860130064e-01,4.612757525656894786e-01,1.440862790738302479e+00,9.519416680965030464e-01,1.371617328513602185e+00
5.700000000000000178e+00,1.387265771707317172e-02,4.403801967054876698e-01,4.603644825686896147e-01,1.441684816845575812e+00,9.513022690182054708e-01,1.371478037474292311e+00
5.716666666666666785e+00,1.386478840939476057e-02,4.392530903675106457e-01,4.594565649063107604e-01,1.442503081146772503e+00,9.506589870111171736e-01,1.371328517883406040e+00
5.733333333333333393e+00,1.385696642312556418e-02,4.381287130170855582e-01,4.585519786755133942e-01,1.443317345896319104e+00,9.500117789886812769e-01,1.371168479420183939e+00
5.750000000000000000e+00,1.384919390243902378e-02,4.370070300809202890e-01,4.576507031328989061e-01,1.444127372386470709e+00,9.493605981810823158e-01,1.370997626098494404e+00
5.766666666666666607e+00,1.384147299150858233e-02,4.358880062407987643e-01,4.567527176955269441e-01,1.444932920959317579e+00,9.487053952592136019e-01,1.370815657901759410e+00
5.783333333333333215e+00,1.383380583450767934e-02,4.347716057340146323e-01,4.558580019397132088e-01,1.445733751019627755e+00,9.480461190525655280e-01,1.370622271837466100e+00
5.799999999999999822e+00,1.382619457560975602e-02,4.336577923320063532e-01,4.549665355977296488e-01,1.446529621048528558e+00,9.473827164871650997e-01,1.370417161868104472e+00
5.816666666666666430e+00,1.381864135898825709e-02,4.325465297429377243e-01,4.540782985616506062e-01,1.447320288618034967e+00,9.467151335552580482e-01,1.370200020336257651e+00
5.833333333333333037e+00,1.381114832881662202e-02,4.314377814132415723e-01,4.531932708783598107e-01,1.448105510406436647e+00,9.460433148280841253e-01,1.369970537285720047e+00
5.849999999999999645e+00,1.380371762926829379e-02,4.303315107753924451e-01,4.523114327494333065e-01,1.448885042214541397e+00,9.453672040599562232e-01,1.369728401362652725e+00
5.866666666666666252e+00,1.379635140451671189e-02,4.292276812196670899e-01,4.514327645300278413e-01,1.449658638982790126e+00,9.446867441152005940e-01,1.369473299739125016e+00
5.883333333333333748e+00,1.378905179873532102e-02,4.281262561006368705e-01,4.505572467283686655e-01,1.450426054809245358e+00,9.440018769794877862e-01,1.369204918159881101e+00
5.900000000000000355e+00,1.378182095609756068e-02,4.270271990853865551e-01,4.496848600031946308e-01,1.451187042968461904e+00,9.433125446311717566e-01,1.368922942238365303e+00
5.916666666666666963e+00,1.377466102077687556e-02,4.259304736225192345e-01,4.488155851637300464e-01,1.451941355931241739e+00,9.426186877135881437e-01,1.368627055564994865e+00
5.933333333333333570e+00,1.376757413694670341e-02,4.248360433665419600e-01,4.479494031682630384e-01,1.452688745385284808e+00,9.419202465939832125e-01,1.368316941277611498e+00
5.950000000000000178e+00,1.376056244878048895e-02,4.237438726384071819e-01,4.470862951230410443e-01,1.453428962256733348e+00,9.412171625266608777e-01,1.367992283789351893e+00
5.966666666666666785e+00,1.375362810045167340e-02,4.226539252824448312e-01,4.462262422820745811e-01,1.454161756732624822e+00,9.405093747820032490e-01,1.367652764656500430e+00
5.983333333333333393e+00,1.374677323613369452e-02,4.215661659102516445e-01,4.453692260444279127e-01,1.454886878284247897e+00,9.397968237811302750e-01,1.367298067172380005e+00
6.000000000000000000e+00,1.374000000000000048e-02,4.204805594451900830e-01,4.445152279541702001e-01,1.455604075691411925e+00,9.390794499576726739e-01,1.366927874756437733e+00
6.016666666666666607e+00,1.373332148538782688e-02,4.193970435844467382e-01,4.436642300559912044e-01,1.456311935993042983e+00,9.383571229627474253e-01,1.366540678394740693e+00
6.033333333333333215e+00,1.372674538343221333e-02,4.183155326301047916e-01,4.428162120156173276e-01,1.457009614539760189e+00,9.376296575336954264e-01,1.366135425904216882e+00
6.049999999999999822e+00,1.372026573500329666e-02,4.172359984945095968e-01,4.419711577740222386e-01,1.457697714190460347e+00,9.368970036394257406e-01,1.365712620637082209e+00
6.066666666666666430e+00,1.371387658097121542e-02,4.161584321943610498e-01,4.411290500220392263e-01,1.458376840560978938e+00,9.361591627667449345e-01,1.365272842057976721e+00
6.083333333333333037e+00,1.370757196220610992e-02,4.150828398902890459e-01,4.402898708080176804e-01,1.459047601948987305e+00,9.354161768604482008e-01,1.364816729672526652e+00
6.099999999999999645e+00,1.370134591957811350e-02,4.140092375706827532e-01,4.394536021397607573e-01,1.459710609263694447e+00,9.346681136545168522e-01,1.364344961641982712e+00
6.116666666666666252e+00,1.369519249395737166e-02,4.129376476802893992e-01,4.386202263648670829e-01,1.460366475960411137e+00,9.339150573536237898e-01,1.363858241153876882e+00
6.133333333333333748e+00,1.368910572621401950e-02,4.118680981507964467e-01,4.377897263050750665e-01,1.461015817980052756e+00,9.331571059823483560e-01,1.363357292500699369e+00
6.150000000000000355e+00,1.368307965721819557e-02,4.108006209962797861e-01,4.369620845048085567e-01,1.461659253693627258e+00,9.323943697101068073e-01,1.362842858578614758e+00
6.166666666666666963e+00,1.367710832784003495e-02,4.097352518452736514e-01,4.361372841140396250e-01,1.462297403851776867e+00,9.316269676268595923e-01,1.362315696119060116e+00
6.183333333333333570e+00,1.367118577894968143e-02,4.086720294488214167e-01,4.353153079648963142e-01,1.462930891539427458e+00,9.308550287880212881e-01,1.361776577158819501e+00
6.200000000000000178e+00,1.366530605141727354e-02,4.076109949846706826e-01,4.344961394873836369e-01,1.463560342135603598e+00,9.300786882819721546e-01,1.361226283234996615e+00
6.216666666666666785e+00,1.365946318611294119e-02,4.065521926443764200e-01,4.336797617945313266e-01,1.464186383278461623e+00,9.292980910347806711e-01,1.360665610899794098e+00
6.233333333333333393e+00,1.365365122390683507e-02,4.054956677054503689e-01,4.328661584902271930e-01,1.464809644835590730e+00,9.285133849054613142e-01,1.360095361568461003e+00
6.250000000000000000e+00,1.364786420566908333e-02,4.044414678921450235e-01,4.320553131618710685e-01,1.465430758879645801e+00,9.277247255033475026e-01,1.359516348525781515e+00
6.266666666666666607e+00,1.364209617226983320e-02,4.033896415893256093e-01,4.312472094567719183e-01,1.466050359669346159e+00,9.269322713870101760e-01,1.358929389856050163e+00
6.283333333333333215e+00,1.363634116457921285e-02,4.023402386958613297e-01,4.304418312339712838e-01,1.466669083635907755e+00,9.261361859566996646e-01,1.358335311179167393e+00
6.299999999999999822e+00,1.363059322346737122e-02,4.012933101079290688e-01,4.296391624706989432e-01,1.467287569374942313e+00,9.253366363617555601e-01,1.357734944020825285e+00
6.316666666666666430e+00,1.362484638980443821e-02,4.002489073108036477e-01,4.288391872630137325e-01,1.467906457643891827e+00,9.245337924491452419e-01,1.357129124246097884e+00
6.333333333333333037e+00,1.361909470446055932e-02,3.992070830161280615e-01,4.280418898084565327e-01,1.468526391365025940e+00,9.237278285078555085e-01,1.356518694602092623e+00
6.349999999999999645e+00,1.361333220830586790e-02,3.981678899858598908e-01,4.272472544701017005e-01,1.469148015634074600e+00,9.229189200292421402e-01,1.355904499952104381e+00
6.366666666666666252e+00,1.360755294221050425e-02,3.971313822853745901e-01,4.264552657253654067e-01,1.469771977734525947e+00,9.221072471618230182e-01,1.355287392344372011e+00
6.383333333333333748e+00,1.360175094704460692e-02,3.960976134756602485e-01,4.256659081402556222e-01,1.470398927157654523e+00,9.212929899988588911e-01,1.354668224092189899e+00
6.400000000000000355e+00,1.359592026367831274e-02,3.950666384321819269e-01,4.248791664034770044e-01,1.471029515628322404e+00,9.204763333329557540e-01,1.354047854770112247e+00
6.416666666666666963e+00,1.359005493298176374e-02,3.940385112624871788e-01,4.240950253655539348e-01,1.471664397136608571e+00,9.196574610304816266e-01,1.353427142959607865e+00
6.433333333333333570e+00,1.358414899582509501e-02,3.930132870788154431e-01,4.233134699831013203e-01,1.472304227975321123e+00,9.188365608951479802e-01,1.352806953424229963e+00
6.450000000000000178e+00,1.357819649307844510e-02,3.919910204760023720e-01,4.225344852613366897e-01,1.472949666783442302e+00,9.180138207526643557e-01,1.352188151380231629e+00
6.466666666666666785e+00,1.357219146561195432e-02,3.909717664295621065e-01,4.217580563957090689e-01,1.473601374595567171e+00,9.171894305039967055e-01,1.351571605555214939e+00
6.483333333333333393e+00,1.356612795429575948e-02,3.899555793676373061e-01,4.209841686877568989e-01,1.474260014897392557e+00,9.163635798417552047e-01,1.350958184868934042e+00
6.500000000000000000e+00,1.356000000000000087e-02,3.889425132249564876e-01,4.202128075438555932e-01,1.474926253687315558e+00,9.155364583843548232e-01,1.350348758678989292e+00
6.516666666666666607e+00,1.355380912455312475e-02,3.879326097673013729e-01,4.194439584461481796e-01,1.475599945093620358e+00,9.147082241326699448e-01,1.349743405306850663e+00
6.533333333333333215e+00,1.354756399599599780e-02,3.869258582128260460e-01,4.186776070372013603e-01,1.476280164161692054e+00,9.138788933988608587e-01,1.349141282770775829e+00
6.549999999999999822e+00,1.354126937451737532e-02,3.859222462323040337e-01,4.179137390538217312e-01,1.476966408897897098e+00,9.130484781069302391e-01,1.348541931859283061e+00
6.566666666666666430e+00,1.353493002030602133e-02,3.849217546792725320e-01,4.171523403497208737e-01,1.477658175549828590e+00,9.122169713374995714e-01,1.347944865572159978e+00
6.583333333333333037e+00,1.352855069355069460e-02,3.839243577667078022e-01,4.163933968872923219e-01,1.478354958564361388e+00,9.113843476353995499e-01,1.347349569484738607e+00
6.599999999999999645e+00,1.352213615444015568e-02,3.829300258731861972e-01,4.156368947310170037e-01,1.479056250549049656e+00,9.105505705101453184e-01,1.346755512754033601e+00
6.616666666666666252e+00,1.351569116316316509e-02,3.819387255498919442e-01,4.148828200567667990e-01,1.479761542236902594e+00,9.097155923203616990e-01,1.346162147888935845e+00
6.633333333333333748e+00,1.350922047990847988e-02,3.809504198573013256e-01,4.141311591474525211e-01,1.480470322454570997e+00,9.088793550974263447e-01,1.345568911913389343e+00
6.650000000000000355e+00,1.350272886486486579e-02,3.799650683876899526e-01,4.133818983916226486e-01,1.481182078093971954e+00,9.080417905083827401e-01,1.344975226261377443e+00
6.666666666666666963e+00,1.349622107822107814e-02,3.789826292909012073e-01,4.126350242831136050e-01,1.481896294087394983e+00,9.072028253407671272e-01,1.344380504858097014e+00
6.683333333333333570e+00,1.348970188016588093e-02,3.780030575496213241e-01,4.118905234205791355e-01,1.482612453386113138e+00,9.063623766930777315e-01,1.343784146965792514e+00
6.700000000000000178e+00,1.348317603088803295e-02,3.770263074611165943e-01,4.111483825058485087e-01,1.483330036942546171e+00,9.055203587564618628e-01,1.343185547206450225e+00
6.716666666666666785e+00,1.347664829057629125e-02,3.760523312901602466e-01,4.104085883432909143e-01,1.484048523696002375e+00,9.046766790550285764e-01,1.342584089973817285e+00
6.733333333333333393e+00,1.347012341941941985e-02,3.750810800347252894e-01,4.096711278407614842e-01,1.484767390562040434e+00,9.038312405101598390e-01,1.341979152480722082e+00
6.750000000000000000e+00,1.346360617760617925e-02,3.741125037906873896e-01,4.089359880068027531e-01,1.485486112425489003e+00,9.029839424230792222e-01,1.341370106212701474e+00
6.766666666666666607e+00,1.345710132532532480e-02,3.731465514266260053e-01,4.082031559482746652e-01,1.486204162137160889e+00,9.021346795427925835e-01,1.340756315544772148e+00
6.783333333333333215e+00,1.345061362276562394e-02,3.721831712225865951e-01,4.074726188721601861e-01,1.486921010514294705e+00,9.012833438088535543e-01,1.340137140335962984e+00
6.799999999999999822e+00,1.344414783011582855e-02,3.712223104054754308e-01,4.067443640837842267e-01,1.487636126344773269e+00,9.004298230321293728e-01,1.339511933980826575e+00
6.816666666666666430e+00,1.343770870756470955e-02,3.702639160779551131e-01,4.060183789881298688e-01,1.488348976395140300e+00,8.995740034657966344e-01,1.338880047249996874e+00
6.833333333333333037e+00,1.343130101530101532e-02,3.693079343739058551e-01,4.052946510866972663e-01,1.489059025422472926e+00,8.987157674280658037e-01,1.338240824778245575e+00
6.849999999999999645e+00,1.342492951351351334e-02,3.683543116061253064e-01,4.045731679748711951e-01,1.489765736190125311e+00,8.978549965131712440e-01,1.337593609872427036e+00
6.866666666666666252e+00,1.341859896239096239e-02,3.674029932920643282e-01,4.038539173442621255e-01,1.490468569487402473e+00,8.969915688326155490e-01,1.336937740440209410e+00
6.883333333333333748e+00,1.341231412212212301e-02,3.664539252274677250e-01,4.031368869807754329e-01,1.491166984153183606e+00,8.961253620327005454e-01,1.336272553525481799e+00
6.900000000000000355e+00,1.340607975289575225e-02,3.655070526128919584e-01,4.024220647660788353e-01,1.491860437103541992e+00,8.952562508155508247e-01,1.335597381661365768e+00
6.916666666666666963e+00,1.339990061490061411e-02,3.645623210037199913e-01,4.017094386743538248e-01,1.492548383363389464e+00,8.943841096265133794e-01,1.334911556928957133e+00
6.933333333333333570e+00,1.339378146832546912e-02,3.636196756640013850e-01,4.009989967695857804e-01,1.493230276102187393e+00,8.935088108255803130e-01,1.334214408288818321e+00
6.950000000000000178e+00,1.338772707335907260e-02,3.626790619042888353e-01,4.002907272081153156e-01,1.493905566673750851e+00,8.926302256321404505e-01,1.333505263053100798e+00
6.966666666666666785e+00,1.338174219019019201e-02,3.617404252379106677e-01,3.995846182366702415e-01,1.494573704660181024e+00,8.917482245735086632e-01,1.332783447624967810e+00
6.983333333333333393e+00,1.337583157900757921e-02,3.608037112847794492e-01,3.988806581942089258e-01,1.495234137919961848e+00,8.908626772055371346e-01,1.332048287156490485e+00
7.000000000000000000e+00,1.336999999999999994e-02,3.598688722372806459e-01,3.981788355083338282e-01,1.495886312640239302e+00,8.899734706900921388e-01,1.331299133418238023e+00
7.016666666666666607e+00,1.336419983394383434e-02,3.589359566983924554e-01,3.974791386923260950e-01,1.496535538865697346e+00,8.890807685232227087e-01,1.330540967017029397e+00
7.033333333333333215e+00,1.335838372649572788e-02,3.580052056689184692e-01,3.967815563482359753e-01,1.497187115558818560e+00,8.881852901001947576e-01,1.329779572566883061e+00
7.049999999999999822e+00,1.335255683516483466e-02,3.570767049956893868e-01,3.960860771647711776e-01,1.497840469574238220e+00,8.872873120889782639e-01,1.329014844186618749e+00
7.066666666666666430e+00,1.334672431746031750e-02,3.561504885119518571e-01,3.953926899193588862e-01,1.498495025767168976e+00,8.863869625470069957e-01,1.328246454281559963e+00
7.083333333333333037e+00,1.334089133089133052e-02,3.552265652254073536e-01,3.947013834743928196e-01,1.499150206979743327e+00,8.854842982961901310e-01,1.327473969068046156e+00
7.099999999999999645e+00,1.333506303296703305e-02,3.543049320043677453e-01,3.940121467741445338e-01,1.499805434031760143e+00,8.845793410858912020e-01,1.326696902592853444e+00
7.116666666666666252e+00,1.332924458119658095e-02,3.533855746322962510e-01,3.933249688481617601e-01,1.500460125715884940e+00,8.836720803015696291e-01,1.325914720700910765e+00
7.133333333333333748e+00,1.332344113308913183e-02,3.524684705341824542e-01,3.926398388090944214e-01,1.501113698797336360e+00,8.827624806026549420e-01,1.325126852416963263e+00
7.150000000000000355e+00,1.331765784615384501e-02,3.515535923442150157e-01,3.919567458546769356e-01,1.501765568018104791e+00,8.818504921043013312e-01,1.324332705182061254e+00
7.166666666666666963e+00,1.331189987789987809e-02,3.506409080592050587e-01,3.912756792641226555e-01,1.502415146105745558e+00,8.809360506936214641e-01,1.323531665312675853e+00
7.183333333333333570e+00,1.330617238583638520e-02,3.497303821514002320e-01,3.905966283951573526e-01,1.503061843786781981e+00,8.800190811659857060e-01,1.322723102704896236e+00
7.200000000000000178e+00,1.330048052747252567e-02,3.488219765967132679e-01,3.899195826872848825e-01,1.503705069804765593e+00,8.790995001350403459e-01,1.321906375215895491e+00
7.216666666666666785e+00,1.329482946031745882e-02,3.479156512876300789e-01,3.892445316596993554e-01,1.504344230943029492e+00,8.781772171785799941e-01,1.321080830408200679e+00
7.233333333333333393e+00,1.328922434188034227e-02,3.470113640542124567e-01,3.885714649130993514e-01,1.504978732052176804e+00,8.772521348311326239e-01,1.320245805568223130e+00
7.250000000000000000e+00,1.328367032967032839e-02,3.461090714006590519e-01,3.879003721263191706e-01,1.505607976082341981e+00,8.763241507081015458e-01,1.319400630939701946e+00
7.266666666666666607e+00,1.327817258119657999e-02,3.452087277419984557e-01,3.872312430535521655e-01,1.506231364120263150e+00,8.753931552067034660e-01,1.318544626308534307e+00
7.283333333333333215e+00,1.327273625396825293e-02,3.443102873796469177e-01,3.865640675273559479e-01,1.506848295431203688e+00,8.744590373023637397e-01,1.317677109783478073e+00
7.299999999999999822e+00,1.326736650549450482e-02,3.434137027360098515e-01,3.858988354566910695e-01,1.507458167505756563e+00,8.735216792906921324e-01,1.316797389940097984e+00
7.316666666666666430e+00,1.326206849328449150e-02,3.425189266066370752e-01,3.852355368286571879e-01,1.508060376111569179e+00,8.725809634413785876e-01,1.315904775915200720e+00
7.333333333333333037e+00,1.325684737484737231e-02,3.416259104609846720e-01,3.845741617052630401e-01,1.508654315350014485e+00,8.716367669346160030e-01,1.314998569853643273e+00
7.349999999999999645e+00,1.325170830769230659e-02,3.407346059607363475e-01,3.839147002207639048e-01,1.509239377717850106e+00,8.706889663715271510e-01,1.314078073792361856e+00
7.366666666666666252e+00,1.324665644932844846e-02,3.398449640963928653e-01,3.832571425845386903e-01,1.509814954173882784e+00,8.697374351772398926e-01,1.313142585835434861e+00
7.383333333333333748e+00,1.324169695726495725e-02,3.389569357871235478e-01,3.826014790792087172e-01,1.510380434210673473e+00,8.687820453850322311e-01,1.312191402943082119e+00
7.400000000000000355e+00,1.323683498901098883e-02,3.380704719341089959e-01,3.819477000623747176e-01,1.510935205931303482e+00,8.678226677859569582e-01,1.311223821263028055e+00
7.416666666666666963e+00,1.323207570207570252e-02,3.371855230677858195e-01,3.812957959634410421e-01,1.511478656131223675e+00,8.668591708674237006e-01,1.310239134637720460e+00
7.433333333333333570e+00,1.322742425396825419e-02,3.363020399225196688e-01,3.806457572810013068e-01,1.512010170385210017e+00,8.658914225425965450e-01,1.309236637333723197e+00
7.450000000000000178e+00,1.322288580219780144e-02,3.354199733986935605e-01,3.799975745857043230e-01,1.512529133139436377e+00,8.649192900296204245e-01,1.308215623984078535e+00
7.466666666666666785e+00,1.321846550427350532e-02,3.345392742374168060e-01,3.793512385184124591e-01,1.513034927808680763e+00,8.639426388692741376e-01,1.307175388232413304e+00
7.483333333333333393e+00,1.321416851770451650e-02,3.336598939195813407e-01,3.787067397919267608e-01,1.513526936878679674e+00,8.629613356462985108e-01,1.306115226985476330e+00
7.500000000000000000e+00,1.320999999999999952e-02,3.327817845158271282e-01,3.780640691878783821e-01,1.514004542013626109e+00,8.619752475577918682e-01,1.305034439905816690e+00
7.516666666666666607e+00,1.320595762755762820e-02,3.319049141041851558e-01,3.774232175541721857e-01,1.514467982107170707e+00,8.609842895195294332e-01,1.303933139574617872e+00
7.533333333333333215e+00,1.320203087283087183e-02,3.310292870285390654e-01,3.767841758078224745e-01,1.514918438886475593e+00,8.599884866236996439e-01,1.302812415616317665e+00
7.549999999999999822e+00,1.319821258741258815e-02,3.301549279057859887e-01,3.761469349331571510e-01,1.515356709671006552e+00,8.589879261901097740e-01,1.301673117478566288e+00
7.566666666666666430e+00,1.319449562289562276e-02,3.292818657010216365e-01,3.755114859834826069e-01,1.515783594281178148e+00,8.579827094464732573e-01,1.300516115155879060e+00
7.583333333333333037e+00,1.319087283087282993e-02,3.284101331307904825e-01,3.748778200780913394e-01,1.516199894914506352e+00,8.569729498300800996e-01,1.299342296476941883e+00
7.599999999999999645e+00,1.318733706293706044e-02,3.275397684491816452e-01,3.742459283998016972e-01,1.516606416029957494e+00,8.559587786157367706e-01,1.298152575505792328e+00
7.616666666666666252e+00,1.318388117068117031e-02,3.266708150675544098e-01,3.736158021976929700e-01,1.517003964240574376e+00,8.549403439006860728e-01,1.296947890886540833e+00
7.633333333333333748e+00,1.318049800569800513e-02,3.258033198585282286e-01,3.729874327853777705e-01,1.517393348214451709e+00,8.539178055146244839e-01,1.295729198009772931e+00
7.650000000000000355e+00,1.317718041958041916e-02,3.249373328997154919e-01,3.723608115425933174e-01,1.517775378584125701e+00,8.528913343263729852e-01,1.294497467848330974e+00
7.666666666666666963e+00,1.317392126392126495e-02,3.240729063814369870e-01,3.717359299123372263e-01,1.518150867864449971e+00,8.518611089550551796e-01,1.293253681860089710e+00
7.683333333333333570e+00,1.317071339031339154e-02,3.232100946637671002e-01,3.711127793985129486e-01,1.518520630379013081e+00,8.508273160198841500e-01,1.291998832266198161e+00
7.700000000000000178e+00,1.316754965034965148e-02,3.223489538962783230e-01,3.704913515685442360e-01,1.518885482195156955e+00,8.497901490146827497e-01,1.290733920250860756e+00
7.716666666666666785e+00,1.316442289562289730e-02,3.214895415441765825e-01,3.698716380517214630e-01,1.519246241067650383e+00,8.487498068875219959e-01,1.289459953720762053e+00
7.733333333333333393e+00,1.316132597772597633e-02,3.206319169027202487e-01,3.692536305407352892e-01,1.519603726391071108e+00,8.477064956904380999e-01,1.288177949737106198e+00
7.750000000000000000e+00,1.315825174825174804e-02,3.197761397116730686e-01,3.686373207889217518e-01,1.519958759160940254e+00,8.466604242967880056e-01,1.286888927944821015e+00
7.766666666666666607e+00,1.315519305879305802e-02,3.189222712952783922e-01,3.680227006079974661e-01,1.520312161943667473e+00,8.456118080082181132e-01,1.285593915998067605e+00
7.783333333333333215e+00,1.315214276094276054e-02,3.180703730208141455e-01,3.674097618705787771e-01,1.520664758855337917e+00,8.445608637429810051e-01,1.284293942202376027e+00
7.799999999999999822e+00,1.314909370629370640e-02,3.172205072992415609e-01,3.667984965085919757e-01,1.521017375549400974e+00,8.435078132032243214e-01,1.282990040293782608e+00
7.816666666666666430e+00,1.314603874643874640e-02,3.163727366786767137e-01,3.661888965147623298e-01,1.521370839213294301e+00,8.424528800390890249e-01,1.281683245102725577e+00
7.833333333333333037e+00,1.314297073297073307e-02,3.155271241743897725e-01,3.655809539399532682e-01,1.521725978574050897e+00,8.413962909090039188e-01,1.280374594152080769e+00
7.849999999999999645e+00,1.313988251748251720e-02,3.146837329178840403e-01,3.649746608909795187e-01,1.522083623912934280e+00,8.403382743891110174e-01,1.279065125994919727e+00
7.866666666666666252e+00,1.313676695156695134e-02,3.138426263926954451e-01,3.643700095330504318e-01,1.522444607089144197e+00,8.392790617238634621e-01,1.277755881364332824e+00
7.883333333333333748e+00,1.313361688681688628e-02,3.130038679697761950e-01,3.637669920882356522e-01,1.522809761572638365e+00,8.382188853637096981e-01,1.276447900966393378e+00
7.900000000000000355e+00,1.313042517482517456e-02,3.121675210807671741e-01,3.631656008369074651e-01,1.523179922486119331e+00,8.371579795146925074e-01,1.275142226345825636e+00
7.916666666666666963e+00,1.312718466718466696e-02,3.113336490023144165e-01,3.625658281151751816e-01,1.523555926656230852e+00,8.360965794607922996e-01,1.273839898894492340e+00
7.933333333333333570e+00,1.312388821548821603e-02,3.105023149008596661e-01,3.619676663127773808e-01,1.523938612674017534e+00,8.350349217120892620e-01,1.272541960128278138e+00
7.950000000000000178e+00,1.312052867132867257e-02,3.096735817619407083e-01,3.613711078754448525e-01,1.524328820964701681e+00,8.339732437717488622e-01,1.271249451394697694e+00
7.966666666666666785e+00,1.311709888629888736e-02,3.088475122574579346e-01,3.607761453034232790e-01,1.524727393866829983e+00,8.329117837110885381e-01,1.269963413298780708e+00
7.983333333333333393e+00,1.311359171199171295e-02,3.080241688550531820e-01,3.601827711528604592e-01,1.525135175720852887e+00,8.318507805126165167e-01,1.268684886310637916e+00
8.000000000000000000e+00,1.311000000000000013e-02,3.072036136745961432e-01,3.595909780333423900e-01,1.525553012967200583e+00,8.307904736106043186e-01,1.267414910161104968e+00
8.016666666666667496e+00,1.310631402020201973e-02,3.063859090677490959e-01,3.590007586058688305e-01,1.525982054845632430e+00,8.297311047651870775e-01,1.266154776218916922e+00
8.033333333333333215e+00,1.310253397979798014e-02,3.055711164879231778e-01,3.584121055851258730e-01,1.526422295934268369e+00,8.286729144033290195e-01,1.264904812582070992e+00
8.050000000000000711e+00,1.309866763636363673e-02,3.047592468812503896e-01,3.578250117380674111e-01,1.526872851134671860e+00,8.276159804439502388e-01,1.263664371705071066e+00
8.066666666666666430e+00,1.309472274747474664e-02,3.039502850899417630e-01,3.572394698852470740e-01,1.527332833668196832e+00,8.265602961601486998e-01,1.262432679331903840e+00
8.083333333333333925e+00,1.309070707070707218e-02,3.031442150182245276e-01,3.566554728984545619e-01,1.527801354959181346e+00,8.255058514401314440e-01,1.261208958356965448e+00
8.099999999999999645e+00,1.308662836363636353e-02,3.023410085170044614e-01,3.560730136987741989e-01,1.528277524528298681e+00,8.244525964469213708e-01,1.259992373188829395e+00
8.116666666666667140e+00,1.308249438383838475e-02,3.015406293569245499e-01,3.554920852587659108e-01,1.528760449896102269e+00,8.234004542414580241e-01,1.258782048870826342e+00
8.133333333333332860e+00,1.307831288888888950e-02,3.007430365335738154e-01,3.549126806011049795e-01,1.529249236496831088e+00,8.223493313719517639e-01,1.257577087134236882e+00
8.150000000000000355e+00,1.307409163636363489e-02,2.999481850386410686e-01,3.543347927998621305e-01,1.529742987602517923e+00,8.212991202524507761e-01,1.256376569930303777e+00
8.166666666666666075e+00,1.306983838383838324e-02,2.991560255891870801e-01,3.537584149782347365e-01,1.530240804257470000e+00,8.202496981494304951e-01,1.255179557788131506e+00
8.183333333333333570e+00,1.306556088888888995e-02,2.983665057914825502e-01,3.531835403066834744e-01,1.530741785223184825e+00,8.192009308882428620e-01,1.253985095404363648e+00
8.199999999999999289e+00,1.306126690909090865e-02,2.975795697666262507e-01,3.526101620050277607e-01,1.531245026933764963e+00,8.181526715090204904e-01,1.252792209520761757e+00
8.216666666666666785e+00,1.305696420202020168e-02,2.967951599824633080e-01,3.520382733411407949e-01,1.531749623461903687e+00,8.171047662218156038e-01,1.251599917989192789e+00
8.233333333333332504e+00,1.305266052525252442e-02,2.960132168110484741e-01,3.514678676321807971e-01,1.532254666495516560e+00,8.160570528789705680e-01,1.250407227400381238e+00
8.250000000000000000e+00,1.304836363636363572e-02,2.952336787603145885e-01,3.508989382424121950e-01,1.532759245325084452e+00,8.150093616804222618e-01,1.249213134142162840e+00
8.266666666666667496e+00,1.304408129292929271e-02,2.944564833728766651e-01,3.503314785814166665e-01,1.533262446841791027e+00,8.139615181077045625e-01,1.248016628888877877e+00
8.283333333333333215e+00,1.303982125252525250e-02,2.936815665018659982e-01,3.497654821061079167e-01,1.533763355546523321e+00,8.129133404673657415e-01,1.246816692843760288e+00
8.300000000000000711e+00,1.303559127272727221e-02,2.929088631584667590e-01,3.492009423194790130e-01,1.534261053569812683e+00,8.118646426685853790e-01,1.245612302016783302e+00
8.316666666666666430e+00,1.303139911111111070e-02,2.921383077355965696e-01,3.486378527717857723e-01,1.534754620702789563e+00,8.108152349370839618e-01,1.244402428355907420e+00
8.333333333333333925e+00,1.302725252525252508e-02,2.913698332082167997e-01,3.480762070584556556e-01,1.535243134439225443e+00,8.097649211131237035e-01,1.243186035648644161e+00
8.349999999999999645e+00,1.302315927272727075e-02,2.906033728344817324e-01,3.475159988183710857e-01,1.535725670028733392e+00,8.087135043235699206e-01,1.241962088288599331e+00
8.366666666666667140e+00,1.301912711111111003e-02,2.898388585784054672e-01,3.469572217358049548e-01,1.536201300541193637e+00,8.076607816685050789e-01,1.240729543195274509e+00
8.383333333333332860e+00,1.301516379797979656e-02,2.890762229100016789e-01,3.463998695392190297e-01,1.536669096942474555e+00,8.066065502510647578e-01,1.239487359162188440e+00
8.400000000000000355e+00,1.301127709090909093e-02,2.883153973628841960e-01,3.458439360023994325e-01,1.537128128181505904e+00,8.055506023092725565e-01,1.238234489483136747e+00
8.416666666666666075e+00,1.300747474747474680e-02,2.875563139614413788e-01,3.452894149424518555e-01,1.537577461288769598e+00,8.044927300190417574e-01,1.236969889447949722e+00
8.433333333333333570e+00,1.300376452525252476e-02,2.867989041521706861e-01,3.447363002181550451e-01,1.538016161486253308e+00,8.034327218827351791e-01,1.235692510922536957e+00
8.449999999999999289e+00,1.300015418181818018e-02,2.860430998648855194e-01,3.441845857318184265e-01,1.538443292308925070e+00,8.023703663071004577e-01,1.234401307992613939e+00
8.466666666666666785e+00,1.299665147474747540e-02,2.852888328664205386e-01,3.436342654281298037e-01,1.538857915737761317e+00,8.013054494149978169e-01,1.233095233756073661e+00
8.483333333333332504e+00,1.299326416161616059e-02,2.845360351143705335e-01,3.430853332952443768e-01,1.539259092344375857e+00,8.002377562382974041e-01,1.231773242327061535e+00
8.500000000000000000e+00,1.298999999999999981e-02,2.837846389457847063e-01,3.425377833628630020e-01,1.539645881447267106e+00,7.991670713683365346e-01,1.230434290020533616e+00
8.516666666666667496e+00,1.298684451028806613e-02,2.830346186786284468e-01,3.419916097006548972e-01,1.540019978229212771e+00,7.980933214366559003e-01,1.229079659503758970e+00
8.533333333333333215e+00,1.298377435390946424e-02,2.822860319787429684e-01,3.414468064200381625e-01,1.540384132906462922e+00,7.970167183798693156e-01,1.227711906653529583e+00
8.550000000000000711e+00,1.298078399999999868e-02,2.815389108747061719e-01,3.409033676730756635e-01,1.540738987722159337e+00,7.959373874796600301e-01,1.226331764675631542e+00
8.566666666666666430e+00,1.297786791769547400e-02,2.807932789057681067e-01,3.403612876535194176e-01,1.541085186475797508e+00,7.948554255965696314e-01,1.224939921776788898e+00
8.583333333333333925e+00,1.297502057613168606e-02,2.800491650040275449e-01,3.398205605949689012e-01,1.541423374448529060e+00,7.937709488019040194e-01,1.223537094441441431e+00
8.599999999999999645e+00,1.297223644444444463e-02,2.793065977287952362e-01,3.392811807693590920e-01,1.541754198333726844e+00,7.926840726264109405e-01,1.222123996924045830e+00
8.616666666666667140e+00,1.296950999176954555e-02,2.785656068646535366e-01,3.387431424886678810e-01,1.542078306172862678e+00,7.915949175797211135e-01,1.220701349676383218e+00
8.633333333333332860e+00,1.296683568724279860e-02,2.778262247143738484e-01,3.382064401038581414e-01,1.542396347296716375e+00,7.905036136804431957e-01,1.219269886265570202e+00
8.650000000000000355e+00,1.296420799999999963e-02,2.770884846272842483e-01,3.376710680058788716e-01,1.542708972271966017e+00,7.894102954210847622e-01,1.217830345549970827e+00
8.666666666666666075e+00,1.296162139917695320e-02,2.763524212548282288e-01,3.371370206239004408e-01,1.543016832853178144e+00,7.883151026988109988e-01,1.216383473056647180e+00
8.683333333333333570e+00,1.295907035390946385e-02,2.756180706289148019e-01,3.366042924238656364e-01,1.543320581940234915e+00,7.872181811371391502e-01,1.214930021426502860e+00
8.699999999999999289e+00,1.295654933333333092e-02,2.748854698518639617e-01,3.360728779101265218e-01,1.543620873541227123e+00,7.861196810447206307e-01,1.213470748762202511e+00
8.716666666666666785e+00,1.295405280658436416e-02,2.741546567979132876e-01,3.355427716244306913e-01,1.543918362740831274e+00,7.850197564100029890e-01,1.212006417035738082e+00
8.733333333333332504e+00,1.295157524279835423e-02,2.734256703301276570e-01,3.350139681468811137e-01,1.544213705674209791e+00,7.839185656872683650e-01,1.210537793266748041e+00
8.750000000000000000e+00,1.294911111111111089e-02,2.726985498933568453e-01,3.344864620942449851e-01,1.544507559506444139e+00,7.828162704053580612e-01,1.209065647345716199e+00
8.766666666666667496e+00,1.294665488065843521e-02,2.719733355436329547e-01,3.339602481185657279e-01,1.544800582417537038e+00,7.817130352967350815e-01,1.207590752209777074e+00
8.783333333333333215e+00,1.294420102057613174e-02,2.712500677642895597e-01,3.334353209087317915e-01,1.545093433593000887e+00,7.806090276672064121e-01,1.206113882852017705e+00
8.800000000000000711e+00,1.294174399999999982e-02,2.705287872864844401e-01,3.329116751895052073e-01,1.545386773220054577e+00,7.795044167810918356e-01,1.204635815360111994e+00
8.816666666666666430e+00,1.293927828806584399e-02,2.698095352317594342e-01,3.323893057224417413e-01,1.545681262489454477e+00,7.783993743745836191e-01,1.203157327704307944e+00
8.833333333333333925e+00,1.293679835390946532e-02,2.690923527609835886e-01,3.318682073042703573e-01,1.545977563602980220e+00,7.772940734305862076e-01,1.201679197845253677e+00
8.849999999999999645e+00,1.293429866666666664e-02,2.683772813615125652e-01,3.313483747655642242e-01,1.546276339786597509e+00,7.761886892073717181e-01,1.200202205331331706e+00
8.866666666666667140e+00,1.293177369547325074e-02,2.676643623547491635e-01,3.308298029722432920e-01,1.546578255309321692e+00,7.750833974948055927e-01,1.198727128616737803e+00
8.883333333333332860e+00,1.292921790946502045e-02,2.669536373014074759e-01,3.303124868246443135e-01,1.546883975507807873e+00,7.739783760603278218e-01,1.197254747317276991e+00
8.900000000000000355e+00,1.292662577777777856e-02,2.662451477132374844e-01,3.297964212584016397e-01,1.547194166816687089e+00,7.728738036272958523e-01,1.195785840657577870e+00
8.916666666666666075e+00,1.292399176954732443e-02,2.655389349745415628e-01,3.292816012428957384e-01,1.547509496804679641e+00,7.717698595998599975e-01,1.194321187078397628e+00
8.933333333333333570e+00,1.292131035390946432e-02,2.648350403902852146e-01,3.287680217799801574e-01,1.547830634216506684e+00,7.706667242380951244e-01,1.192861564547008424e+00
8.949999999999999289e+00,1.291857600000000106e-02,2.641335050632445114e-01,3.282556779054207063e-01,1.548158249020634925e+00,7.695645782131647072e-01,1.191407749914796588e+00
8.966666666666666785e+00,1.291578317695473224e-02,2.634343700094773366e-01,3.277445646880050023e-01,1.548493012462878404e+00,7.684636030220975966e-01,1.189960519611765521e+00
8.983333333333332504e+00,1.291292635390946589e-02,2.627376759324229760e-01,3.272346772303857398e-01,1.548835597125889363e+00,7.673639801710542274e-01,1.188520648441133920e+00
9.000000000000000000e+00,1.290999999999999960e-02,2.620434607203844801e-01,3.267260106675951015e-01,1.549186676994577905e+00,7.662658821293742983e-01,1.187088895630324270e+00
9.016666666666667496e+00,1.290700082304526743e-02,2.613517599065015573e-01,3.262185601658258438e-01,1.549546658762915863e+00,7.651694739079990537e-01,1.185665801681518028e+00
9.033333333333333215e+00,1.290393251028806518e-02,2.606626038170136717e-01,3.257123209238094175e-01,1.549915111850931781e+00,7.640749026376616460e-01,1.184251238184141242e+00
9.050000000000000711e+00,1.290080000000000046e-02,2.599759780016326349e-01,3.252072881719632602e-01,1.550291454793501167e+00,7.629821536247088920e-01,1.182844712924328467e+00
9.066666666666666430e+00,1.289760823045267568e-02,2.592918742273147004e-01,3.247034571731984287e-01,1.550675105232130813e+00,7.618912344849954055e-01,1.181445770210458379e+00
9.083333333333333925e+00,1.289436213991769498e-02,2.586102796838656848e-01,3.242008232214970698e-01,1.551065479856893470e+00,7.608021359885330792e-01,1.180053930133203588e+00
9.099999999999999645e+00,1.289106666666666595e-02,2.579311740378962825e-01,3.236993816407449098e-01,1.551461994352678397e+00,7.597148211456017375e-01,1.178668671553843694e+00
9.116666666666667140e+00,1.288772674897119101e-02,2.572545331100375976e-01,3.231991277860514211e-01,1.551864063349773559e+00,7.586292384096133823e-01,1.177289452494286737e+00
9.133333333333332860e+00,1.288434732510287777e-02,2.565803302413433018e-01,3.227000570429328641e-01,1.552271100378792790e+00,7.575453265591856056e-01,1.175915717644838931e+00
9.150000000000000355e+00,1.288093333333333382e-02,2.559085367392205379e-01,3.222021648280858352e-01,1.552682517829970799e+00,7.564630162488293896e-01,1.174546900714486419e+00
9.166666666666666075e+00,1.287748971193415637e-02,2.552391215566221505e-01,3.217054465880253566e-01,1.553097726916845334e+00,7.553822287613597419e-01,1.173182422442648365e+00
9.183333333333333570e+00,1.287402139917695303e-02,2.545720518467070037e-01,3.212098977979665482e-01,1.553516137644342932e+00,7.543028779743164991e-01,1.171821693604672365e+00
9.199999999999999289e+00,1.287053333333333313e-02,2.539072928320703082e-01,3.207155139630891716e-01,1.553937158781298900e+00,7.532248698100230122e-01,1.170464114116000820e+00
9.216666666666666785e+00,1.286703045267489562e-02,2.532448090273709540e-01,3.202222906177550343e-01,1.554360197837431068e+00,7.521481066940796101e-01,1.169109079924058880e+00
9.233333333333332504e+00,1.286351769547325156e-02,2.525845631062182961e-01,3.197302233262486748e-01,1.554784661044787075e+00,7.510724833254968091e-01,1.167755976407299112e+00
9.250000000000000000e+00,1.285999999999999990e-02,2.519265178216321677e-01,3.192393076814731279e-01,1.555209953343701379e+00,7.499978937475388907e-01,1.166404189342984177e+00
9.266666666666667496e+00,1.285648230452674824e-02,2.512706342698321493e-01,3.187495393038801694e-01,1.555635478373273983e+00,7.489242248899029564e-01,1.165053094851937532e+00
9.283333333333333215e+00,1.285296954732510245e-02,2.506168735931716962e-01,3.182609138426799045e-01,1.556060638466408186e+00,7.478513628536398450e-01,1.163702069160008401e+00
9.300000000000000711e+00,1.284946666666666668e-02,2.499651958796459406e-01,3.177734269750920881e-01,1.556484834649427773e+00,7.467791888016106494e-01,1.162350482201508717e+00
9.316666666666666430e+00,1.284597860082304505e-02,2.493155610263536603e-01,3.172870744070548921e-01,1.556907466646300975e+00,7.457075821474784538e-01,1.160997702580168989e+00
9.333333333333333925e+00,1.284251028806584344e-02,2.486679284487785246e-01,3.168018518719765142e-01,1.557327932887497601e+00,7.446364194594232711e-01,1.159643095869491214e+00
9.349999999999999645e+00,1.283906666666666599e-02,2.480222572403363301e-01,3.163177551297107759e-01,1.557745630523506453e+00,7.435655750419658538e-01,1.158286025529320806e+00
9.366666666666667140e+00,1.283565267489711857e-02,2.473785061613829606e-01,3.158347799677150847e-01,1.558159955443037648e+00,7.424949208766535858e-01,1.156925852829848278e+00
9.383333333333332860e+00,1.283227325102880532e-02,2.467366340661300561e-01,3.153529222003338961e-01,1.558570302295934518e+00,7.414243282176942174e-01,1.155561939359811774e+00
9.400000000000000355e+00,1.282893333333333039e-02,2.460965993122921636e-01,3.148721776694768937e-01,1.558976064520823046e+00,7.403536653606925810e-01,1.154193643577578809e+00
9.416666666666666075e+00,1.282563786008230310e-02,2.454583606780715022e-01,3.143925422434238337e-01,1.559376634377517057e+00,7.392828010932898097e-01,1.152820326222037561e+00
9.433333333333333570e+00,1.282239176954732413e-02,2.448218764377324830e-01,3.139140118158441073e-01,1.559771402984208688e+00,7.382116012058007604e-01,1.151441344911990905e+00
9.449999999999999289e+00,1.281919999999999935e-02,2.441871053728670582e-01,3.134365823069051871e-01,1.560159760359461023e+00,7.371399323055433106e-01,1.150056060137205849e+00
9.466666666666666785e+00,1.281606748971193116e-02,2.435540058904657190e-01,3.129602496625861763e-01,1.560541095469023976e+00,7.360676584785394994e-01,1.148663830101419370e+00
9.483333333333332504e+00,1.281299917695473065e-02,2.429225369060131479e-01,3.124850098553271227e-01,1.560914796277494743e+00,7.349946446351450779e-01,1.147264015995717035e+00
9.500000000000000000e+00,1.280999999999999847e-02,2.422926572742054308e-01,3.120108588828851559e-01,1.561280249804840148e+00,7.339207543541641510e-01,1.145855978695026200e+00
9.516666666666667496e+00,1.280705073251028545e-02,2.416643674627417526e-01,3.115377927673957381e-01,1.561639788716589150e+00,7.328460092150042016e-01,1.144441486992314738e+00
9.533333333333333215e+00,1.280412832921810559e-02,2.410377377778274155e-01,3.110658075564337044e-01,1.561996216045525632e+00,7.317706983414073996e-01,1.143023061822270092e+00
9.550000000000000711e+00,1.280123199999999919e-02,2.404127978871803129e-01,3.105948993223559551e-01,1.562349623848704683e+00,7.306949568941211171e-01,1.141600991051675562e+00
9.566666666666666430e+00,1.279836095473251001e-02,2.397895577866443195e-01,3.101250641629231253e-01,1.562700104391453904e+00,7.296188452663114887e-01,1.140175445663637044e+00
9.583333333333333925e+00,1.279551440329217832e-02,2.391680286096313779e-01,3.096562982002045161e-01,1.563047750143923054e+00,7.285424285459349836e-01,1.138746603823113546e+00
9.599999999999999645e+00,1.279269155555555482e-02,2.385482178109570583e-01,3.091885975796792585e-01,1.563392653777733399e+00,7.274657579775636318e-01,1.137314621896973632e+00
9.616666666666667140e+00,1.278989162139917458e-02,2.379301298341347237e-01,3.087219584712519449e-01,1.563734908162737192e+00,7.263888734115576673e-01,1.135879638254656321e+00
9.633333333333332860e+00,1.278711381069958485e-02,2.373137690421884827e-01,3.082563770686235771e-01,1.564074606363873299e+00,7.253118145495354163e-01,1.134441790832631192e+00
9.650000000000000355e+00,1.278435733333333282e-02,2.366991395215495564e-01,3.077918495898862572e-01,1.564411841638135403e+00,7.242346201795157867e-01,1.133001215933131745e+00
9.666666666666666075e+00,1.278162139917695360e-02,2.360862446244164081e-01,3.073283722764751369e-01,1.564746707431645456e+00,7.231573263911352800e-01,1.131558045425600678e+00
9.683333333333333570e+00,1.277890521810699440e-02,2.354750878035817563e-01,3.068659413923078838e-01,1.565079297376829937e+00,7.220799698025883728e-01,1.130112411788517512e+00
9.699999999999999289e+00,1.277620799999999897e-02,2.348656718206596494e-01,3.064045532247567372e-01,1.565409705289707354e+00,7.210025844737694145e-01,1.128664443274200790e+00
9.716666666666666785e+00,1.277352895473250760e-02,2.342579997327364771e-01,3.059442040840464894e-01,1.565738025167284109e+00,7.199252057387514059e-01,1.127214269901543275e+00
9.733333333333332504e+00,1.277086729218106752e-02,2.336520742163009923e-01,3.054848903038228647e-01,1.566064351185056269e+00,7.188478675686105213e-01,1.125762019324597185e+00
9.750000000000000000e+00,1.276822222222222247e-02,2.330478982334397708e-01,3.050266082401498213e-01,1.566388777694623702e+00,7.177706051732231085e-01,1.124307820902415322e+00
9.766666666666667496e+00,1.276559295473250928e-02,2.324454743714597649e-01,3.045693542706863766e-01,1.566711399221414558e+00,7.166934524198130818e-01,1.122851801653471648e+00
9.783333333333333215e+00,1.276297869958847517e-02,2.318448053948698739e-01,3.041131247956160855e-01,1.567032310462515454e+00,7.156164439894322493e-01,1.121394089629729196e+00
9.800000000000000711e+00,1.276037866666666389e-02,2.312458940265449403e-01,3.036579162370710017e-01,1.567351606284620669e+00,7.145396145223231743e-01,1.119934812575556826e+00
9.816666666666666430e+00,1.275779206584361919e-02,2.306487428867125267e-01,3.032037250396756867e-01,1.567669381722085920e+00,7.134629983741521686e-01,1.118474097542792700e+00
9.833333333333333925e+00,1.275521810699588483e-02,2.300533547627389430e-01,3.027505476695874220e-01,1.567985731975100716e+00,7.123866306826354133e-01,1.117012072560187752e+00
9.849999999999999645e+00,1.275265599999999937e-02,2.294597322861221811e-01,3.022983806137077845e-01,1.568300752407969068e+00,7.113105460956662407e-01,1.115548864637556647e+00
9.866666666666667140e+00,1.275010495473250828e-02,2.288678781425800002e-01,3.018472203805727117e-01,1.568614538547505877e+00,7.102347795976446942e-01,1.114084601058948909e+00
9.883333333333332860e+00,1.274756418106995706e-02,2.282777949964334696e-01,3.013970634998008324e-01,1.568927186081546354e+00,7.091593662123868436e-01,1.112619408914973018e+00
9.900000000000000355e+00,1.274503288888888600e-02,2.276894854733899354e-01,3.009479065226141059e-01,1.569238790857573340e+00,7.080843409325006110e-01,1.111153414990099009e+00
9.916666666666666075e+00,1.274251028806584057e-02,2.271029521615080260e-01,3.004997460209191673e-01,1.569549448881454312e+00,7.070097387246658815e-01,1.109686745769120408e+00
9.933333333333333570e+00,1.273999558847736455e-02,2.265181976537465613e-01,3.000525785865523765e-01,1.569859256316298524e+00,7.059355947007904808e-01,1.108219527704186858e+00
9.949999999999999289e+00,1.273748799999999820e-02,2.259352244581770974e-01,2.996064008321318584e-01,1.570168309481430269e+00,7.048619437562952950e-01,1.106751886645617189e+00
9.966666666666666785e+00,1.273498673251028702e-02,2.253540351280246545e-01,2.991612093905292036e-01,1.570476704851474503e+00,7.037888210906824149e-01,1.105283948657798776e+00
9.983333333333332504e+00,1.273249099588477304e-02,2.247746321702093208e-01,2.987170009153672368e-01,1.570784539055565476e+00,7.027162618402571503e-01,1.103815839441598445e+00
1.000000000000000000e+01,1.272999999999999826e-02,2.241970175797106946e-01,2.982737720801411085e-01,1.571091908876669496e+00,7.016442992037545956e-01,1.102347681388459844e+00
1.001666666666666750e+01,1.272751552516619006e-02,2.236211903922670496e-01,2.978315195774964841e-01,1.571398593893198248e+00,7.005729545517338508e-01,1.100879355702198081e+00
1.003333333333333321e+01,1.272503998480531591e-02,2.230471414423335352e-01,2.973902401200434475e-01,1.571704295144184194e+00,6.995022161294301988e-01,1.099410637553500880e+00
1.005000000000000071e+01,1.272257353846153669e-02,2.224748646801769647e-01,2.969499304398516837e-01,1.572008991697954716e+00,6.984320845882664441e-01,1.097941517063101280e+00
1.006666666666666643e+01,1.272011634567901152e-02,2.219043551596334152e-01,2.965105872889265970e-01,1.572312662595570121e+00,6.973625649334330712e-01,1.096471991264962309e+00
1.008333333333333393e+01,1.271766856600189781e-02,2.213356088696100121e-01,2.960722074383677627e-01,1.572615286851076988e+00,6.962936658808145385e-01,1.095002063101745193e+00
1.009999999999999964e+01,1.271523035897435816e-02,2.207686218682155255e-01,2.956347876776780903e-01,1.572916843451765079e+00,6.952253963673908910e-01,1.093531735941698724e+00
1.011666666666666714e+01,1.271280188414054997e-02,2.202033902367734330e-01,2.951983248155429229e-01,1.573217311358431569e+00,6.941577653635997436e-01,1.092061013283899484e+00
1.013333333333333286e+01,1.271038330104463238e-02,2.196399097395732580e-01,2.947628156793464238e-01,1.573516669505651722e+00,6.930907804850920950e-01,1.090589896573974871e+00
1.015000000000000036e+01,1.270797476923076798e-02,2.190781762765781071e-01,2.943282571156278227e-01,1.573814896802051999e+00,6.920244498323278037e-01,1.089118388097361834e+00
1.016666666666666607e+01,1.270557644824311244e-02,2.185181856002360590e-01,2.938946459892756158e-01,1.574111972130594506e+00,6.909587808363089056e-01,1.087646489163193397e+00
1.018333333333333357e+01,1.270318849762582837e-02,2.179599335469123988e-01,2.934619791828653179e-01,1.574407874348862535e+00,6.898937812052295948e-01,1.086174201593824717e+00
1.019999999999999929e+01,1.270081107692307490e-02,2.174034158735922428e-01,2.930302535974061429e-01,1.574702582289354336e+00,6.888294582531104826e-01,1.084701526668150118e+00
1.021666666666666679e+01,1.269844434567901116e-02,2.168486283288609817e-01,2.925994661518777629e-01,1.574996074759782649e+00,6.877658191903744944e-01,1.083228465578786270e+00
1.023333333333333250e+01,1.269608846343779629e-02,2.162955666359738793e-01,2.921696137836658491e-01,1.575288330543380688e+00,6.867028710519820223e-01,1.081755019318823230e+00
1.025000000000000000e+01,1.269374358974358769e-02,2.157442265082971655e-01,2.917406934477915215e-01,1.575579328399211665e+00,6.856406207621437154e-01,1.080281188783636992e+00
1.026666666666666750e+01,1.269140988414054969e-02,2.151946036037560017e-01,2.913127021162786878e-01,1.575869047062487205e+00,6.845790749465774372e-01,1.078806974474981972e+00
1.028333333333333321e+01,1.268908750617283795e-02,2.146466935169105139e-01,2.908856367788667519e-01,1.576157465244891309e+00,6.835182398951421545e-01,1.077332376441776818e+00
1.030000000000000071e+01,1.268677661538461510e-02,2.141004918780220756e-01,2.904594944425677450e-01,1.576444561634907870e+00,6.824581219723124814e-01,1.075857394926824639e+00
1.031666666666666643e+01,1.268447737132003678e-02,2.135559942737262074e-01,2.900342721320829376e-01,1.576730314898157959e+00,6.813987272864180378e-01,1.074382029845518005e+00
1.033333333333333393e+01,1.268218993352326560e-02,2.130131963109168081e-01,2.896099668890654288e-01,1.577014703677739327e+00,6.803400619563110263e-01,1.072906281206126744e+00
1.034999999999999964e+01,1.267991446153846069e-02,2.124720935200447025e-01,2.891865757715145757e-01,1.577297706594575022e+00,6.792821317091330968e-01,1.071430148475489785e+00
1.036666666666666714e+01,1.267765111490977946e-02,2.119326814256339009e-01,2.887640958544577252e-01,1.577579302247767323e+00,6.782249421704585890e-01,1.069953631036304476e+00
1.038333333333333286e+01,1.267540005318138450e-02,2.113949556653759720e-01,2.883425242295264423e-01,1.577859469214955679e+00,6.771684993645069595e-01,1.068476728976369028e+00
1.040000000000000036e+01,1.267316143589743670e-02,2.108589117422973724e-01,2.879218580053564680e-01,1.578138186052683301e+00,6.761128086751603261e-01,1.066999441449602459e+00
1.041666666666666607e+01,1.267093542260208650e-02,2.103245451721206805e-01,2.875020943068803958e-01,1.578415431296770643e+00,6.750578754629933398e-01,1.065521767649202367e+00
1.043333333333333357e+01,1.266872217283950518e-02,2.097918515199984346e-01,2.870832302747466924e-01,1.578691183462688441e+00,6.740037052219021163e-01,1.064043707055001731e+00
1.044999999999999929e+01,1.266652184615384494e-02,2.092608263283026460e-01,2.866652630659745071e-01,1.578965421045947615e+00,6.729503032735537627e-01,1.062565258951325031e+00
1.046666666666666679e+01,1.266433460208926838e-02,2.087314651060525605e-01,2.862481898535468305e-01,1.579238122522485188e+00,6.718976747225224866e-01,1.061086422356019909e+00
1.048333333333333250e+01,1.266216060018993290e-02,2.082037633757798656e-01,2.858320078267923559e-01,1.579509266349061969e+00,6.708458246522494006e-01,1.059607196329805934e+00
1.050000000000000000e+01,1.265999999999999938e-02,2.076777156132259550e-01,2.854167141907094085e-01,1.579778830963665115e+00,6.697947536232887744e-01,1.058127572864595134e+00
1.051666666666666750e+01,1.265786119658119692e-02,2.071533047906908287e-01,2.850023061654109457e-01,1.580045766768390925e+00,6.687444131411228732e-01,1.056646779033643124e+00
1.053333333333333321e+01,1.265575111111110970e-02,2.066305021193161340e-01,2.845887809867491680e-01,1.580309206811203016e+00,6.676947041239045255e-01,1.055164088266088429e+00
1.055000000000000071e+01,1.265366769230769246e-02,2.061092862336749154e-01,2.841761359059269965e-01,1.580569403775177850e+00,6.666455583805536156e-01,1.053679572738922099e+00
1.056666666666666643e+01,1.265160888888888779e-02,2.055896548724710227e-01,2.837643681898615045e-01,1.580826610721798531e+00,6.655969888517109245e-01,1.052193431993084793e+00
1.058333333333333393e+01,1.264957264957264869e-02,2.050716071054042022e-01,2.833534751205387114e-01,1.581081081081081141e+00,6.645490141679464280e-01,1.050705873752023400e+00
1.059999999999999964e+01,1.264755692307692296e-02,2.045551438794621646e-01,2.829434539944831184e-01,1.581333068642506001e+00,6.635016610463367881e-01,1.049217117711803704e+00
1.061666666666666714e+01,1.264555965811965665e-02,2.040402673911626830e-01,2.825343021233536200e-01,1.581582827546750059e+00,6.624549616600817759e-01,1.047727391384726037e+00
1.063333333333333286e+01,1.264357880341880278e-02,2.035269819279232617e-01,2.821260168335716356e-01,1.581830612278228854e+00,6.614089573114340093e-01,1.046236935910250576e+00
1.065000000000000036e+01,1.264161230769230738e-02,2.030152914900159866e-01,2.817185954666724945e-01,1.582076677658448727e+00,6.603636882479372305e-01,1.044745989949576126e+00
1.066666666666666607e+01,1.263965811965811828e-02,2.025052020845057588e-01,2.813120353786841554e-01,1.582321278840172152e+00,6.593192035704690257e-01,1.043254805357508364e+00
1.068333333333333357e+01,1.263771418803418672e-02,2.019967200233679094e-01,2.809063339396174475e-01,1.582564671302399972e+00,6.582755539412399326e-01,1.041763635649423536e+00
1.069999999999999929e+01,1.263577846153846052e-02,2.014898519638648744e-01,2.805014885340400554e-01,1.582807110846173648e+00,6.572327917696064725e-01,1.040272736294215683e+00
1.071666666666666679e+01,1.263384888888888745e-02,2.009846056033206263e-01,2.800974965607198608e-01,1.583048853591199290e+00,6.561909742463173378e-01,1.038782369517524895e+00
1.073333333333333250e+01,1.263192341880341879e-02,2.004809883980782637e-01,2.796943554329600068e-01,1.583290155973296365e+00,6.551501578060642261e-01,1.037292795538693246e+00
1.075000000000000000e+01,1.262999999999999887e-02,1.999790082877276887e-01,2.792920625780051513e-01,1.583531274742676409e+00,6.541104012792626765e-01,1.035804277560194331e+00
1.076666666666666750e+01,1.262807658119658068e-02,1.994786734698909547e-01,2.788906154365532464e-01,1.583772466963047965e+00,6.530717649288931836e-01,1.034317080245344966e+00
1.078333333333333321e+01,1.262615111111111028e-02,1.989799922873839721e-01,2.784900114633046542e-01,1.584013990011559958e+00,6.520343099659161590e-01,1.032831468953545162e+00
1.080000000000000071e+01,1.262422153846154069e-02,1.984829732622872822e-01,2.780902481266206983e-01,1.584256101579576193e+00,6.509980987061380064e-01,1.031347709991902395e+00
1.081666666666666643e+01,1.262228581196581274e-02,1.979876249536898225e-01,2.776913229088395774e-01,1.584499059674292942e+00,6.499631939524196378e-01,1.029866069640509085e+00
1.083333333333333393e+01,1.262034188034188119e-02,1.974939560626039481e-01,2.772932333057127607e-01,1.584743122621192102e+00,6.489296594602740331e-01,1.028386814894581391e+00
1.084999999999999964e+01,1.261838769230769382e-02,1.970019752751546172e-01,2.768959768259418031e-01,1.584988549067343877e+00,6.478975592545814788e-01,1.026910212387192489e+00
1.086666666666666714e+01,1.261642119658119669e-02,1.965116913721610681e-01,2.764995509916964300e-01,1.585235597985553024e+00,6.468669581123531742e-01,1.025436529160331789e+00
1.088333333333333286e+01,1.261444034188034281e-02,1.960231131064645582e-01,2.761039533382901867e-01,1.585484528679355298e+00,6.458379210258244907e-01,1.023966031820884082e+00
1.090000000000000036e+01,1.261244307692307651e-02,1.955362492207653735e-01,2.757091814144867481e-01,1.585735600788866995e+00,6.448105132805725948e-01,1.022498986671946497e+00
1.091666666666666607e+01,1.261042735042735077e-02,1.950511084578642751e-01,2.753152327819559653e-01,1.585989074297488255e+00,6.437848005031816534e-01,1.021035659796834194e+00
1.093333333333333357e+01,1.260839111111111167e-02,1.945676996706624251e-01,2.749221050148270562e-01,1.586245209539467238e+00,6.427608491526185519e-01,1.019576317847861402e+00
1.094999999999999929e+01,1.260633230769230874e-02,1.940860313970902695e-01,2.745297957001905931e-01,1.586504267208323604e+00,6.417387246310589655e-01,1.018121225060002466e+00
1.096666666666666679e+01,1.260424888888888977e-02,1.936061123196646527e-01,2.741383024377856414e-01,1.586766508366138195e+00,6.407184933238507796e-01,1.016670646497099595e+00
1.098333333333333250e+01,1.260213880341880428e-02,1.931279511405704086e-01,2.737476228402978551e-01,1.587032194453710243e+00,6.397002220470693334e-01,1.015224847187886192e+00
1.100000000000000000e+01,1.260000000000000009e-02,1.926515563367775796e-01,2.733577545328337299e-01,1.587301587301587213e+00,6.386839769545350487e-01,1.013784090404023841e+00
1.101666666666666750e+01,1.259782185660019045e-02,1.921769504975668896e-01,2.729686951524887273e-01,1.587576029226171137e+00,6.376698878314331909e-01,1.012349428480524560e+00
1.103333333333333321e+01,1.259559764482431031e-02,1.917041630772423899e-01,2.725804423488350503e-01,1.587856373628944162e+00,6.366581160870423695e-01,1.010921647451406447e+00
1.105000000000000071e+01,1.259333115384615384e-02,1.912332054781173685e-01,2.721929937836194968e-01,1.588142148862000003e+00,6.356487428906361092e-01,1.009500560455763862e+00
1.106666666666666643e+01,1.259102617283950655e-02,1.907640734321938147e-01,2.718063471310376844e-01,1.588432882709958971e+00,6.346417792032245098e-01,1.008085870827955199e+00
1.108333333333333393e+01,1.258868649097815741e-02,1.902967560036138983e-01,2.714205000772422216e-01,1.588728102358673899e+00,6.336372058208156188e-01,1.006677235587556840e+00
1.109999999999999964e+01,1.258631589743589713e-02,1.898312399843438691e-01,2.710354503199387532e-01,1.589027334366717170e+00,6.326349929988900334e-01,1.005274296552133073e+00
1.111666666666666714e+01,1.258391818138651468e-02,1.893675099399235728e-01,2.706511955688358229e-01,1.589330104639663954e+00,6.316351005678735309e-01,1.003876680479623085e+00
1.113333333333333286e+01,1.258149713200379730e-02,1.889055480033985934e-01,2.702677335453612661e-01,1.589635938407172100e+00,6.306374769093072707e-01,1.002483997401457883e+00
1.115000000000000036e+01,1.257905653846153916e-02,1.884453344477264314e-01,2.698850619829244457e-01,1.589944360202873108e+00,6.296420614605261479e-01,1.001095844565674353e+00
1.116666666666666607e+01,1.257660018993352231e-02,1.879868482428322385e-01,2.695031786264453499e-01,1.590254893847087958e+00,6.286487871782627801e-01,9.997118103212688789e-01
1.118333333333333357e+01,1.257413187559354266e-02,1.875300670076071319e-01,2.691220812319679578e-01,1.590567062432366230e+00,6.276575802670161242e-01,9.983314736587149962e-01
1.119999999999999929e+01,1.257165538461538397e-02,1.870749675567792980e-01,2.687417675670904504e-01,1.590880388311875393e+00,6.266683626219701209e-01,9.969544080708069300e-01
1.121666666666666679e+01,1.256917450617284042e-02,1.866215262779420125e-01,2.683622354106937613e-01,1.591194393090637149e+00,6.256810535219873293e-01,9.955801842272290481e-01
1.123333333333333250e+01,1.256669302943969578e-02,1.861697185846762914e-01,2.679834825532125819e-01,1.591508597619633925e+00,6.246955671006705346e-01,9.942083659355900327e-01
1.125000000000000000e+01,1.256421474358974423e-02,1.857195196927729774e-01,2.676055067961634060e-01,1.591822521992788175e+00,6.237118158733276907e-01,9.928385157401820038e-01
1.126666666666666750e+01,1.256174343779677127e-02,1.852709042468779210e-01,2.672283059517577830e-01,1.592135685546833601e+00,6.227297090088946829e-01,9.914701921632567139e-01
1.128333333333333321e+01,1.255928290123456761e-02,1.848238465154740384e-01,2.668518778433441319e-01,1.592447606864084264e+00,6.217491532022754175e-01,9.901029510867344063e-01
1.130000000000000071e+01,1.255683692307692223e-02,1.843783206353285797e-01,2.664762203051373457e-01,1.592757803778119596e+00,6.207700537864758727e-01,9.887363475201724761e-01
1.131666666666666643e+01,1.255440929249762409e-02,1.839343001273261169e-01,2.661013311824639849e-01,1.593065793382391959e+00,6.197923124834510133e-01,9.873699320187563355e-01
1.133333333333333393e+01,1.255200379867046565e-02,1.834917589386750314e-01,2.657272083313256816e-01,1.593371092041769632e+00,6.188158322087345953e-01,9.860032583391679095e-01
1.134999999999999964e+01,1.254962423076922892e-02,1.830506702435652500e-01,2.653538496180410378e-01,1.593673215407032329e+00,6.178405115177629803e-01,9.846358745992389583e-01
1.136666666666666714e+01,1.254727437796770984e-02,1.826110077433485690e-01,2.649812529196466926e-01,1.593971678432317240e+00,6.168662506183614225e-01,9.832673328664000012e-01
1.138333333333333286e+01,1.254495802943969389e-02,1.821727447073240858e-01,2.646094161236459130e-01,1.594265995395544477e+00,6.158929469203568985e-01,9.818971820790780569e-01
1.140000000000000036e+01,1.254267897435897353e-02,1.817358545856814778e-01,2.642383371282154836e-01,1.594555679921813018e+00,6.149204978755405948e-01,9.805249725877923650e-01
1.141666666666666607e+01,1.254044100189933425e-02,1.813003108531857088e-01,2.638680138418162957e-01,1.594840245009794044e+00,6.139488002522589527e-01,9.791502550177817454e-01
1.143333333333333357e+01,1.253824790123456677e-02,1.808660869130878923e-01,2.634984441828728263e-01,1.595119203061116542e+00,6.129777496843166196e-01,9.777725795706436740e-01
1.144999999999999929e+01,1.253610346153846006e-02,1.804331564147550193e-01,2.631296260801164189e-01,1.595392065912764279e+00,6.120072421543709673e-01,9.763914984142353370e-01
1.146666666666666679e+01,1.253401147198480482e-02,1.800014931386769990e-01,2.627615574723577985e-01,1.595658344872483925e+00,6.110371734611332872e-01,9.750065648605528157e-01
1.148333333333333250e+01,1.253197572174738657e-02,1.795710716807550067e-01,2.623942363087325425e-01,1.595917550757217418e+00,6.100674424426654197e-01,9.736173385398183555e-01
1.150000000000000000e+01,1.252999999999999947e-02,1.791418665269648991e-01,2.620276605482785293e-01,1.596169193934557251e+00,6.090979466437896894e-01,9.722233785216117807e-01
1.151666666666666750e+01,1.252806779835390766e-02,1.787138745498167702e-01,2.616618281595896045e-01,1.596415370822613866e+00,6.081286885898328221e-01,9.708259859030078376e-01
1.153333333333333321e+01,1.252615967078189382e-02,1.782871551051586623e-01,2.612967371212145395e-01,1.596658555027949955e+00,6.071599664530086260e-01,9.694271547076793727e-01
1.155000000000000071e+01,1.252427499999999791e-02,1.778617247867465279e-01,2.609323854214155580e-01,1.596898822486731095e+00,6.061918776758411509e-01,9.680270956615713018e-01
1.156666666666666643e+01,1.252241316872427720e-02,1.774375944777531189e-01,2.605687710584229100e-01,1.597136249261571272e+00,6.052244931783726800e-01,9.666259769961416115e-01
1.158333333333333393e+01,1.252057355967078206e-02,1.770147704100626662e-01,2.602058920400103226e-01,1.597370911538806837e+00,6.042578621664277394e-01,9.652239320932773925e-01
1.159999999999999964e+01,1.251875555555555589e-02,1.765932568727068275e-01,2.598437463831477223e-01,1.597602885625834190e+00,6.032920248493788273e-01,9.638210797744201086e-01
1.161666666666666714e+01,1.251695853909464903e-02,1.761730573013055579e-01,2.594823321144119066e-01,1.597832247948517859e+00,6.023270175603189225e-01,9.624175324685307897e-01
1.163333333333333286e+01,1.251518189300411532e-02,1.757541739685453686e-01,2.591216472697462359e-01,1.598059075048668509e+00,6.013628712421814626e-01,9.610133937858920117e-01
1.165000000000000036e+01,1.251342499999999816e-02,1.753366091585598918e-01,2.587616898945972466e-01,1.598283443581593577e+00,6.003996170251055808e-01,9.596087674239557330e-01
1.166666666666666607e+01,1.251168724279835137e-02,1.749203644410636249e-01,2.584024580436201091e-01,1.598505430313715170e+00,5.994372827452757457e-01,9.582037516008211631e-01
1.168333333333333357e+01,1.250996800411522704e-02,1.745054416387109564e-01,2.580439497804327686e-01,1.598725112120261471e+00,5.984758975660269265e-01,9.567984464375205444e-01
1.169999999999999929e+01,1.250826666666666510e-02,1.740918417903242754e-01,2.576861631778520900e-01,1.598942565983030084e+00,5.975154869961389892e-01,9.553929459922063661e-01
1.171666666666666679e+01,1.250658261316872286e-02,1.736795661883591135e-01,2.573290963177160551e-01,1.599157868988218434e+00,5.965560778618878013e-01,9.539873462055862285e-01
1.173333333333333250e+01,1.250491522633744891e-02,1.732686156575099501e-01,2.569727472910462995e-01,1.599371098324332996e+00,5.955976948320380604e-01,9.525817393429576452e-01
1.175000000000000000e+01,1.250326388888888841e-02,1.728589914066517019e-01,2.566171141977314218e-01,1.599582331280165803e+00,5.946403645226564505e-01,9.511762205564383565e-01
1.176666666666666750e+01,1.250162798353909345e-02,1.724506941618543232e-01,2.562621951462646375e-01,1.599791645242845339e+00,5.936841113109422308e-01,9.497708811886688141e-01
1.178333333333333321e+01,1.250000689300411437e-02,1.720437248169859878e-01,2.559079882540166717e-01,1.599999117695960038e+00,5.927289604740916262e-01,9.483658137913901776e-01
1.180000000000000071e+01,1.249839999999999979e-02,1.716380842608005441e-01,2.555544916470489647e-01,1.600204826217755949e+00,5.917749373558737203e-01,9.469611107915792969e-01
1.181666666666666643e+01,1.249680668724280005e-02,1.712337731913191330e-01,2.552017034604635581e-01,1.600408848479406787e+00,5.908220664610996931e-01,9.455568630412320985e-01
1.183333333333333393e+01,1.249522633744856032e-02,1.708307924635128205e-01,2.548496218378969447e-01,1.600611262243358812e+00,5.898703731464860489e-01,9.441531625219581336e-01
1.184999999999999964e+01,1.249365833333333266e-02,1.704291427630000855e-01,2.544982449311124495e-01,1.600812145361746985e+00,5.889198820330536766e-01,9.427500998035196478e-01
1.186666666666666714e+01,1.249210205761317090e-02,1.700288248030513982e-01,2.541475709005459604e-01,1.601011575774889284e+00,5.879706179626238427e-01,9.413477655736758321e-01
1.188333333333333286e+01,1.249055689300411498e-02,1.696298392550854017e-01,2.537975979150327577e-01,1.601209631509855180e+00,5.870226056589351593e-01,9.399462500950985788e-01
1.190000000000000036e+01,1.248902222222222219e-02,1.692321867550236336e-01,2.534483241519530639e-01,1.601406390679103176e+00,5.860758697568942965e-01,9.385456432515042469e-01
1.191666666666666607e+01,1.248749742798353941e-02,1.688358679033689635e-01,2.530997477969476050e-01,1.601601931479201824e+00,5.851304348024806146e-01,9.371460345469181386e-01
1.193333333333333357e+01,1.248598189300411526e-02,1.684408832754382690e-01,2.527518670436822990e-01,1.601796332189620031e+00,5.841863253025869618e-01,9.357475131850160333e-01
1.194999999999999929e+01,1.248447499999999835e-02,1.680472334165641624e-01,2.524046800940927260e-01,1.601989671171595297e+00,5.832435656997352336e-01,9.343501680282675359e-01
1.196666666666666679e+01,1.248297613168724424e-02,1.676549188342620067e-01,2.520581851582164856e-01,1.602182026867075892e+00,5.823021803327129708e-01,9.329540875345836426e-01
1.198333333333333250e+01,1.248148467078189286e-02,1.672639400060324522e-01,2.517123804539408982e-01,1.602373477797743195e+00,5.813621934745613062e-01,9.315593598179572332e-01
1.200000000000000000e+01,1.247999999999999977e-02,1.668742973777402883e-01,2.513672642065663543e-01,1.602564102564102644e+00,5.804236293246913814e-01,9.301660726357233733e-01
1.201666666666666750e+01,1.247852823045267519e-02,1.664859816140560334e-01,2.510228347994656328e-01,1.602753115643227977e+00,5.794864630759908319e-01,9.287737341681187031e-01
1.203333333333333321e+01,1.247707522633744771e-02,1.660989705631622515e-01,2.506790893010368837e-01,1.602939762500001475e+00,5.785506096202595039e-01,9.273817767789298561e-01
1.205000000000000071e+01,1.247563999999999965e-02,1.657132556827224101e-01,2.503360273634838151e-01,1.603124168379337799e+00,5.776160436635620066e-01,9.259902396407111436e-01
1.206666666666666643e+01,1.247422156378600808e-02,1.653288317990621592e-01,2.499936469655330840e-01,1.603306458662088207e+00,5.766827613736257296e-01,9.245991959094219670e-01
1.208333333333333393e+01,1.247281893004115183e-02,1.649456958044224764e-01,2.496519464089296814e-01,1.603486758861656369e+00,5.757507682433770091e-01,9.232087332826812709e-01
1.209999999999999964e+01,1.247143111111111147e-02,1.645638461817455211e-01,2.493109237201142914e-01,1.603665194620808032e+00,5.748200785198489537e-01,9.218189530914817631e-01
1.211666666666666714e+01,1.247005711934156234e-02,1.641832823035256905e-01,2.489705774471216715e-01,1.603841891708674972e+00,5.738907094504455131e-01,9.204299610790360742e-01
1.213333333333333286e+01,1.246869596707819022e-02,1.638040041181856032e-01,2.486309058024071261e-01,1.604016976017952567e+00,5.729626822140210241e-01,9.190418688960690918e-01
1.215000000000000036e+01,1.246734666666666699e-02,1.634260116350154945e-01,2.482919070658292093e-01,1.604190573562297661e+00,5.720360181863155535e-01,9.176547881125984851e-01
1.216666666666666607e+01,1.246600823045267495e-02,1.630493054074101944e-01,2.479535795420499122e-01,1.604362810473914269e+00,5.711107415065574955e-01,9.162688343353017073e-01
1.218333333333333357e+01,1.246467967078189465e-02,1.626738865048631133e-01,2.476159215119081991e-01,1.604533813001343123e+00,5.701868790996267311e-01,9.148841272450599638e-01
1.219999999999999929e+01,1.246335999999999972e-02,1.622997557190662132e-01,2.472789312585738364e-01,1.604703707507445953e+00,5.692644565990691019e-01,9.135007840567377357e-01
1.221666666666666679e+01,1.246204823045267591e-02,1.619269145294532364e-01,2.469426071327241456e-01,1.604872620467583610e+00,5.683435030496782892e-01,9.121189270650632563e-01
1.223333333333333250e+01,1.246074337448559687e-02,1.615553641250844774e-01,2.466069474618327317e-01,1.605040678468000248e+00,5.674240462245034866e-01,9.107386761312350476e-01
1.225000000000000000e+01,1.245944444444444486e-02,1.611851060493724730e-01,2.462719505310589641e-01,1.605208008204396464e+00,5.665061159524482637e-01,9.093601540236383451e-01
1.226666666666666750e+01,1.245815045267489700e-02,1.608161418913699736e-01,2.459376146900826565e-01,1.605374736480710052e+00,5.655897422501519056e-01,9.079834834210303018e-01
1.228333333333333321e+01,1.245686041152263383e-02,1.604484731317211976e-01,2.456039383448915814e-01,1.605540990208089713e+00,5.646749545604156095e-01,9.066087856906377418e-01
1.230000000000000071e+01,1.245557333333333419e-02,1.600821015848286899e-01,2.452709198253018308e-01,1.605706896404072825e+00,5.637617843944696672e-01,9.052361851312659136e-01
1.231666666666666643e+01,1.245428823045267343e-02,1.597170287241894415e-01,2.449385574978143187e-01,1.605872582191962383e+00,5.628502615603878656e-01,9.038658029194014398e-01
1.233333333333333393e+01,1.245300411522633731e-02,1.593532563508917033e-01,2.446068497221495497e-01,1.606038174800401785e+00,5.619404177089556418e-01,9.024977628038665101e-01
1.234999999999999964e+01,1.245172000000000119e-02,1.589907861002138045e-01,2.442757948923355571e-01,1.606203801563157452e+00,5.610322836901272536e-01,9.011321868627422127e-01
1.236666666666666714e+01,1.245043489711934043e-02,1.586296196367895650e-01,2.439453914012436331e-01,1.606369589919096175e+00,5.601258906547420535e-01,8.997691972741265198e-01
1.238333333333333286e+01,1.244914781893004078e-02,1.582697586651040378e-01,2.436156376504457488e-01,1.606535667412368085e+00,5.592212700818993687e-01,8.984089163622163143e-01
1.240000000000000036e+01,1.244785777777777588e-02,1.579112048095006882e-01,2.432865320378556073e-01,1.606702161692793007e+00,5.583184531959806129e-01,8.970514656629585692e-01
1.241666666666666607e+01,1.244656378600823149e-02,1.575539597555496441e-01,2.429580729565567754e-01,1.606869200516446439e+00,5.574174716994705348e-01,8.956969671036271174e-01
1.243333333333333357e+01,1.244526485596707775e-02,1.571980250262886569e-01,2.426302588398132065e-01,1.607036911746453134e+00,5.565183564844429220e-01,8.943455409349708729e-01
1.244999999999999929e+01,1.244395999999999870e-02,1.568434022856486920e-01,2.423030881148070803e-01,1.607205423353980756e+00,5.556211393371253138e-01,8.929973084727456101e-01
1.246666666666666679e+01,1.244264823045267490e-02,1.564900931392884664e-01,2.419765592164138945e-01,1.607374863419439581e+00,5.547258518672811833e-01,8.916523903804033369e-01
1.248333333333333250e+01,1.244132855967078170e-02,1.561380991408173324e-01,2.416506705678703182e-01,1.607545360133888712e+00,5.538325255943117309e-01,8.903109068103689516e-01
1.250000000000000000e+01,1.243999999999999967e-02,1.557874209925046716e-01,2.413254206015223169e-01,1.607717041800643232e+00,5.529411877079167814e-01,8.889729705915061508e-01
1.251666666666666750e+01,1.243866666666666558e-02,1.554380540603788052e-01,2.410008077777795188e-01,1.607889377210848014e+00,5.520518374959616503e-01,8.876382851794860640e-01
1.253333333333333321e+01,1.243733333333333323e-02,1.550899835386091163e-01,2.406768305527484386e-01,1.608061749571183530e+00,5.511644208419070878e-01,8.863064228804251599e-01
1.255000000000000071e+01,1.243599999999999914e-02,1.547431988269747927e-01,2.403534873892021750e-01,1.608234158893534937e+00,5.502789052661951619e-01,8.849773323676345393e-01
1.256666666666666643e+01,1.243466666666666678e-02,1.543976929163703438e-01,2.400307767447715235e-01,1.608406605189792060e+00,5.493952769127212754e-01,8.836509922464957922e-01
1.258333333333333393e+01,1.243333333333333270e-02,1.540534608508026260e-01,2.397086970919525273e-01,1.608579088471850049e+00,5.485135325434159492e-01,8.823273981931625265e-01
1.259999999999999964e+01,1.243200000000000034e-02,1.537104985438204896e-01,2.393872469129364744e-01,1.608751608751608719e+00,5.476336733951048252e-01,8.810065530809279011e-01
1.261666666666666714e+01,1.243066666666666625e-02,1.533688011434059806e-01,2.390664246928840830e-01,1.608924166040974102e+00,5.467556965895153942e-01,8.796884531634379112e-01
1.263333333333333286e+01,1.242933333333333216e-02,1.530283641047593124e-01,2.387462289231706003e-01,1.609096760351856004e+00,5.458796007726235411e-01,8.783730971453930225e-01
1.265000000000000036e+01,1.242799999999999981e-02,1.526891830151398122e-01,2.384266580993452955e-01,1.609269391696170004e+00,5.450053852043300617e-01,8.770604847189090725e-01
1.266666666666666607e+01,1.242666666666666572e-02,1.523512536575749310e-01,2.381077107253776470e-01,1.609442060085837012e+00,5.441330500903425182e-01,8.757506170981907978e-01
1.268333333333333357e+01,1.242533333333333337e-02,1.520145720256896593e-01,2.377893853109568911e-01,1.609614765532782599e+00,5.432625966773374504e-01,8.744434971735232098e-01
1.269999999999999929e+01,1.242399999999999928e-02,1.516791337881104873e-01,2.374716803717408786e-01,1.609787508048937665e+00,5.423940244045388770e-01,8.731391249268173338e-01
1.271666666666666679e+01,1.242266666666666693e-02,1.513449348209884859e-01,2.371545944294346231e-01,1.609960287646237997e+00,5.415273337336456994e-01,8.718375019861205333e-01
1.273333333333333250e+01,1.242133333333333284e-02,1.510119712350712629e-01,2.368381260093319063e-01,1.610133104336625154e+00,5.406625263097999401e-01,8.705386318856804806e-01
1.275000000000000000e+01,1.242000000000000048e-02,1.506802388001259874e-01,2.365222736463362396e-01,1.610305958132045134e+00,5.397996018687236663e-01,8.692425150865115135e-01
1.276666666666666750e+01,1.241866666666666640e-02,1.503497335838319404e-01,2.362070358801488801e-01,1.610478849044449268e+00,5.389385616657097477e-01,8.679491544970632244e-01
1.278333333333333321e+01,1.241733333333333231e-02,1.500204516082790096e-01,2.358924112565622122e-01,1.610651777085794212e+00,5.380794066372505124e-01,8.666585525135572787e-01
1.280000000000000071e+01,1.241599999999999995e-02,1.496923887880797777e-01,2.355783983271264870e-01,1.610824742268041287e+00,5.372221370660823503e-01,8.653707104801584560e-01
1.281666666666666643e+01,1.241466666666666586e-02,1.493655412100359237e-01,2.352649956415350796e-01,1.610997744603157589e+00,5.363667541074212952e-01,8.640856311471720730e-01
1.283333333333333393e+01,1.241333333333333351e-02,1.490399048731113896e-01,2.349522017662744600e-01,1.611170784103114872e+00,5.355132583365986854e-01,8.628033163317916365e-01
1.284999999999999964e+01,1.241199999999999942e-02,1.487154757900294444e-01,2.346400152697187824e-01,1.611343860779890447e+00,5.346616503380307028e-01,8.615237678666302079e-01
1.286666666666666714e+01,1.241066666666666707e-02,1.483922499352215985e-01,2.343284347261364586e-01,1.611516974645466282e+00,5.338119304114967711e-01,8.602469871263914714e-01
1.288333333333333286e+01,1.240933333333333298e-02,1.480702233765914810e-01,2.340174587152755725e-01,1.611690125711829902e+00,5.329640992872015648e-01,8.589729761800820595e-01
1.290000000000000036e+01,1.240799999999999889e-02,1.477493921589835557e-01,2.337070858128930950e-01,1.611863313990973712e+00,5.321181575228057792e-01,8.577017368194806979e-01
1.291666666666666607e+01,1.240666666666666654e-02,1.474297522891919177e-01,2.333973146139506905e-01,1.612036539494895226e+00,5.312741053530706248e-01,8.564332703166103178e-01
1.293333333333333357e+01,1.240533333333333245e-02,1.471112997899784447e-01,2.330881437140762125e-01,1.612209802235597733e+00,5.304319430364322630e-01,8.551675779822103252e-01
1.294999999999999929e+01,1.240400000000000010e-02,1.467940307204370909e-01,2.327795717145469123e-01,1.612383102225088738e+00,5.295916709523246224e-01,8.539046613226776161e-01
1.296666666666666679e+01,1.240266666666666601e-02,1.464779411277933596e-01,2.324715972219362492e-01,1.612556439475381742e+00,5.287532893393503963e-01,8.526445216179592279e-01
1.298333333333333250e+01,1.240133333333333365e-02,1.461630270464201187e-01,2.321642188400500073e-01,1.612729813998494688e+00,5.279167983123141950e-01,8.513871599488993525e-01
1.300000000000000000e+01,1.239999999999999956e-02,1.458492857354227457e-01,2.318574351896766361e-01,1.612903225806451735e+00,5.270822046089018720e-01,8.501325880788740408e-01
1.301666666666666750e+01,1.239866052910052786e-02,1.455367189090778779e-01,2.315512448928024603e-01,1.613077473414050944e+00,5.262495394844055596e-01,8.488812775368127506e-01
1.303333333333333321e+01,1.239730962962963014e-02,1.452253407240590155e-01,2.312456465768544800e-01,1.613253245865530650e+00,5.254189029722418081e-01,8.476337506590754245e-01
1.305000000000000071e+01,1.239594857142857151e-02,1.449151536691797582e-01,2.309406388744716931e-01,1.613430378865721604e+00,5.245903312210392633e-01,8.463899768512557209e-01
1.306666666666666643e+01,1.239457862433862578e-02,1.446061569819623027e-01,2.306362204179591147e-01,1.613608707981970536e+00,5.237638425609910664e-01,8.451498972825129963e-01
1.308333333333333393e+01,1.239320105820105634e-02,1.442983456532531406e-01,2.303323898520088509e-01,1.613788068641493822e+00,5.229394317964113359e-01,8.439134156552108301e-01
1.309999999999999964e+01,1.239181714285714393e-02,1.439917117251547363e-01,2.300291458237674613e-01,1.613968296129058233e+00,5.221170772454357678e-01,8.426804095416998708e-01
1.311666666666666714e+01,1.239042814814814847e-02,1.436862485737315509e-01,2.297264869854160341e-01,1.614149225585006509e+00,5.212967644218651220e-01,8.414507685915231239e-01
1.313333333333333286e+01,1.238903534391534202e-02,1.433819491205783614e-01,2.294244119941600546e-01,1.614330692003607126e+00,5.204784761296679108e-01,8.402243785433897161e-01
1.315000000000000036e+01,1.238764000000000011e-02,1.430788055586987573e-01,2.291229195127726381e-01,1.614512530231747123e+00,5.196621909090668456e-01,8.390011187103707524e-01
1.316666666666666607e+01,1.238624338624338614e-02,1.427768093419463646e-01,2.288220082082377260e-01,1.614694574967962426e+00,5.188478829464011621e-01,8.377808618271663788e-01
1.318333333333333357e+01,1.238484677248677217e-02,1.424759522352442576e-01,2.285216767527493420e-01,1.614876660761800364e+00,5.180355279181008132e-01,8.365634834803590270e-01
1.319999999999999929e+01,1.238345142857142853e-02,1.421762250018926976e-01,2.282219238234096670e-01,1.615058622013525902e+00,5.172250956401025501e-01,8.353488502353181300e-01
1.321666666666666679e+01,1.238205862433862554e-02,1.418776190070079879e-01,2.279227481021624258e-01,1.615240292974164493e+00,5.164165590313325449e-01,8.341368341064795411e-01
1.323333333333333250e+01,1.238066962962963008e-02,1.415801247393358997e-01,2.276241482748820877e-01,1.615421507745886220e+00,5.156098858221209724e-01,8.329272991634548706e-01
1.325000000000000000e+01,1.237928571428571246e-02,1.412837331444654065e-01,2.273261230333636640e-01,1.615602100282730547e+00,5.148050460239591564e-01,8.317201135924561228e-01
1.326666666666666750e+01,1.237790814814814823e-02,1.409884346525445420e-01,2.270286710737151881e-01,1.615781904391671242e+00,5.140020064627056628e-01,8.305151408634506849e-01
1.328333333333333321e+01,1.237653820105819903e-02,1.406942199123609183e-01,2.267317910967373007e-01,1.615960753734028144e+00,5.132007349053520073e-01,8.293122463945098444e-01
1.330000000000000071e+01,1.237517714285714387e-02,1.404010794741662738e-01,2.264354818079062082e-01,1.616138481827215312e+00,5.124011982717017188e-01,8.281112946612739778e-01
1.331666666666666643e+01,1.237382624338624268e-02,1.401090037116047293e-01,2.261397419177882118e-01,1.616314922046841795e+00,5.116033621841210577e-01,8.269121484675298062e-01
1.333333333333333393e+01,1.237248677248677271e-02,1.398179832447586368e-01,2.258445701409717565e-01,1.616489907629148126e+00,5.108071933667299724e-01,8.257146728216897547e-01
1.334999999999999964e+01,1.237115999999999910e-02,1.395280084112061059e-01,2.255499651968379815e-01,1.616663271673796309e+00,5.100126566408417217e-01,8.245187300800277397e-01
1.336666666666666714e+01,1.236984719576719738e-02,1.392390697257608334e-01,2.252559258093156935e-01,1.616834847146999765e+00,5.092197175341239834e-01,8.233241841635237090e-01
1.338333333333333286e+01,1.236854962962962920e-02,1.389511577126290032e-01,2.249624507068747892e-01,1.617004466885006320e+00,5.084283413286456721e-01,8.221308990193547661e-01
1.340000000000000036e+01,1.236726857142857010e-02,1.386642628181266323e-01,2.246695386231255254e-01,1.617171963597921369e+00,5.076384925587337227e-01,8.209387378090962084e-01
1.341666666666666607e+01,1.236600529100529040e-02,1.383783756735029735e-01,2.243771882953355945e-01,1.617337169873886316e+00,5.068501365174963302e-01,8.197475653454003863e-01
1.343333333333333357e+01,1.236476105820105698e-02,1.380934868005014859e-01,2.240853984655294673e-01,1.617499918183602281e+00,5.060632375700694352e-01,8.185572453653161551e-01
1.344999999999999929e+01,1.236353714285714188e-02,1.378095868425922577e-01,2.237941678801617096e-01,1.617660040885202211e+00,5.052777604785485543e-01,8.173676426741122159e-01
1.346666666666666679e+01,1.236233481481481544e-02,1.375266664702099462e-01,2.235034952900938343e-01,1.617817370229476026e+00,5.044936698605981817e-01,8.161786222712904548e-01
1.348333333333333250e+01,1.236115534391534453e-02,1.372447162857414193e-01,2.232133794507120961e-01,1.617971738365443501e+00,5.037109296407396020e-01,8.149900484645010712e-01
1.350000000000000000e+01,1.235999999999999946e-02,1.369637266576025358e-01,2.229238191215620335e-01,1.618122977346278413e+00,5.029295020874889888e-01,8.138017833130890555e-01
1.351666666666666750e+01,1.235887111111111034e-02,1.366836883204358144e-01,2.226348130665822267e-01,1.618270780574709189e+00,5.021493512766658229e-01,8.126136226555737974e-01
1.353333333333333321e+01,1.235776888888888772e-02,1.364045918945395452e-01,2.223463600540070417e-01,1.618415118442811496e+00,5.013704403199595871e-01,8.114255005541519683e-01
1.355000000000000071e+01,1.235669142857142785e-02,1.361264333218954459e-01,2.220584588563364881e-01,1.618556238586288387e+00,5.005927629506090604e-01,8.102375394648553275e-01
1.356666666666666643e+01,1.235563682539682524e-02,1.358492110990734136e-01,2.217711082502583086e-01,1.618694388854996280e+00,4.998163276728122550e-01,8.090498850620914117e-01
1.358333333333333393e+01,1.235460317460317266e-02,1.355729260308992656e-01,2.214843070167341887e-01,1.618829817303492291e+00,4.990411564489820040e-01,8.078627041212290694e-01
1.359999999999999964e+01,1.235358857142856981e-02,1.352975813907679181e-01,2.211980539408825441e-01,1.618962772182334309e+00,4.982672857488737450e-01,8.066761862237639136e-01
1.361666666666666714e+01,1.235259111111111120e-02,1.350231785543449248e-01,2.209123478119733308e-01,1.619093501930139345e+00,4.974947411247591655e-01,8.054905025995143797e-01
1.363333333333333286e+01,1.235160888888888787e-02,1.347497222753399060e-01,2.206271874234051189e-01,1.619222255166398616e+00,4.967235680374366136e-01,8.043058560318780970e-01
1.365000000000000036e+01,1.235063999999999954e-02,1.344772149560650165e-01,2.203425715728014600e-01,1.619349280685049575e+00,4.959537983887034041e-01,8.031224266737649886e-01
1.366666666666666607e+01,1.234968253968253896e-02,1.342056609952858304e-01,2.200584990616959724e-01,1.619474827448813103e+00,4.951854759731246780e-01,8.019404132567344856e-01
1.368333333333333357e+01,1.234873460317460411e-02,1.339350641449685020e-01,2.197749686957276571e-01,1.619599144584289219e+00,4.944186410076550353e-01,8.007600080425248956e-01
1.369999999999999929e+01,1.234779428571428604e-02,1.336654288176979399e-01,2.194919792845544670e-01,1.619722481377819268e+00,4.936533378141312323e-01,7.995814092647475224e-01
1.371666666666666679e+01,1.234685968253968272e-02,1.333967595922316562e-01,2.192095296418365979e-01,1.619845087272110851e+00,4.928896119305593571e-01,7.984048164531737379e-01
1.373333333333333250e+01,1.234592888888888865e-02,1.331290611866900175e-01,2.189276185854751033e-01,1.619967211863631906e+00,4.921275099606535752e-01,7.972304301923517356e-01
1.375000000000000000e+01,1.234500000000000007e-02,1.328623385237487353e-01,2.186462449369736549e-01,1.620089104900769517e+00,4.913670799698787173e-01,7.960584527661056509e-01
1.376666666666666750e+01,1.234407111111111149e-02,1.325965964953761678e-01,2.183654075218876278e-01,1.620211016282760541e+00,4.906083700977855733e-01,7.948890859129619235e-01
1.378333333333333321e+01,1.234314031746031742e-02,1.323318401690711521e-01,2.180851051696726661e-01,1.620333196059390968e+00,4.898514297846596754e-01,7.937225328172399230e-01
1.380000000000000071e+01,1.234220571428571410e-02,1.320680744958156461e-01,2.178053367136686402e-01,1.620455894431465316e+00,4.890963080407897401e-01,7.925589953093654660e-01
1.381666666666666643e+01,1.234126539682539776e-02,1.318053045840453519e-01,2.175261009913166677e-01,1.620579361752052971e+00,4.883430550761837519e-01,7.913986765114094935e-01
1.383333333333333393e+01,1.234031746031746118e-02,1.315435354470931295e-01,2.172473968435758018e-01,1.620703848528503688e+00,4.875917208009317716e-01,7.902417784127058198e-01
1.384999999999999964e+01,1.233936000000000061e-02,1.312827721588174790e-01,2.169692231153321493e-01,1.620829605425240905e+00,4.868423557521513456e-01,7.890885033780542512e-01
1.386666666666666714e+01,1.233839111111111053e-02,1.310230197273207775e-01,2.166915786552597312e-01,1.620956883267330451e+00,4.860950103407135070e-01,7.879390529336837146e-01
1.388333333333333286e+01,1.233740888888888894e-02,1.307642832387606591e-01,2.164144623158023306e-01,1.621085933044828176e+00,4.853497357129865630e-01,7.867936291713475416e-01
1.390000000000000036e+01,1.233641142857142860e-02,1.305065676753821013e-01,2.161378729533003640e-01,1.621217005917905407e+00,4.846065826599889048e-01,7.856524329881351409e-01
1.391666666666666607e+01,1.233539682539682575e-02,1.302498779653785688e-01,2.158618094276189281e-01,1.621350353222755558e+00,4.838656019147249410e-01,7.845156645767804582e-01
1.393333333333333357e+01,1.233436317460317490e-02,1.299942191199295327e-01,2.155862706023944642e-01,1.621486226478283221e+00,4.831268449771363160e-01,7.833835247723353046e-01
1.394999999999999929e+01,1.233330857142857402e-02,1.297395959220781214e-01,2.153112553449399724e-01,1.621624877393575970e+00,4.823903622374510203e-01,7.822562120191491886e-01
1.396666666666666679e+01,1.233223111111111242e-02,1.294860132070197178e-01,2.150367625262254168e-01,1.621766557876163306e+00,4.816562046638552252e-01,7.811339251173973208e-01
1.398333333333333250e+01,1.233112888888888981e-02,1.292334759615133832e-01,2.147627910209592428e-01,1.621911520041059429e+00,4.809244244090259968e-01,7.800168642181148915e-01
1.400000000000000000e+01,1.233000000000000068e-02,1.289819918644700414e-01,2.144893397073241170e-01,1.622060016220600032e+00,4.801950902637817098e-01,7.789052559023222910e-01
1.401666666666666750e+01,1.232883851851851800e-02,1.287315664061263187e-01,2.142164074671410734e-01,1.622212828074520052e+00,4.794682580732659294e-01,7.777995589009965016e-01
1.403333333333333321e+01,1.232764148148148171e-02,1.284822050962063089e-01,2.139439931857971822e-01,1.622370347973202787e+00,4.787439840958945814e-01,7.767000440677339634e-01
1.405000000000000071e+01,1.232641142857142900e-02,1.282339112513267154e-01,2.136720957522281472e-01,1.622532244351501562e+00,4.780223114876513413e-01,7.756066139081514432e-01
1.406666666666666643e+01,1.232515089947090053e-02,1.279866906967467854e-01,2.134007140590310769e-01,1.622698185452526198e+00,4.773032989640995649e-01,7.745191971395489761e-01
1.408333333333333393e+01,1.232386243386243349e-02,1.277405382554226698e-01,2.131298470021301406e-01,1.622867839310324189e+00,4.765869381110287017e-01,7.734376144957683108e-01
1.409999999999999964e+01,1.232254857142857200e-02,1.274954301325699202e-01,2.128594934809967532e-01,1.623040873733912148e+00,4.758731060670194912e-01,7.723615018574859770e-01
1.411666666666666714e+01,1.232121185185185326e-02,1.272513612730581389e-01,2.125896523985633113e-01,1.623216956292658830e+00,4.751617943259213162e-01,7.712906815322804199e-01
1.413333333333333286e+01,1.231985481481481619e-02,1.270083204789259623e-01,2.123203226612080108e-01,1.623395754303020633e+00,4.744529564062531790e-01,7.702249150464275385e-01
1.415000000000000036e+01,1.231848000000000144e-02,1.267662962032794771e-01,2.120515031788968718e-01,1.623576934816633122e+00,4.737465432876681870e-01,7.691639606309677024e-01
1.416666666666666607e+01,1.231708994708994795e-02,1.265252761796793746e-01,2.117831928647846973e-01,1.623760164609760581e+00,4.730425011021163195e-01,7.681075694569852175e-01
1.418333333333333357e+01,1.231568719576719810e-02,1.262852476098346166e-01,2.115153906354872992e-01,1.623945110174106921e+00,4.723407722566494993e-01,7.670554874420474345e-01
1.419999999999999929e+01,1.231427428571428735e-02,1.260461973350626985e-01,2.112480954109827447e-01,1.624131437708990822e+00,4.716412964680406494e-01,7.660074569155712609e-01
1.421666666666666679e+01,1.231285375661375636e-02,1.258081121010928560e-01,2.109813061145963398e-01,1.624318813114884241e+00,4.709440123874115702e-01,7.649632192446816914e-01
1.423333333333333250e+01,1.231142814814814752e-02,1.255709782229433857e-01,2.107150216731243919e-01,1.624506901988324259e+00,4.702488555080908683e-01,7.639225114250037807e-01
1.425000000000000000e+01,1.231000000000000150e-02,1.253347820325869666e-01,2.104492410164805205e-01,1.624695369618196494e+00,4.695557609325567427e-01,7.628850705646738062e-01
1.426666666666666750e+01,1.230857185185185200e-02,1.250995096393850980e-01,2.101839630779341050e-01,1.624883880983394091e+00,4.688646618752647655e-01,7.618506314438470151e-01
1.428333333333333321e+01,1.230714624338624316e-02,1.248651470849946182e-01,2.099191867940217449e-01,1.625072100751856485e+00,4.681754906181260223e-01,7.608189280593291581e-01
1.430000000000000071e+01,1.230572571428571391e-02,1.246316804034384718e-01,2.096549111045321045e-01,1.625259693280990847e+00,4.674881788813666228e-01,7.597896942212188920e-01
1.431666666666666643e+01,1.230431280423280489e-02,1.243990955604879350e-01,2.093911349526104970e-01,1.625446322619480410e+00,4.668026574406141660e-01,7.587626629258473754e-01
1.433333333333333393e+01,1.230291005291005331e-02,1.241673785421983783e-01,2.091278572844522954e-01,1.625631652510482805e+00,4.661188566786683696e-01,7.577375672488405600e-01
1.434999999999999964e+01,1.230152000000000155e-02,1.239365151875620324e-01,2.088650770495061315e-01,1.625815346396217498e+00,4.654367055306857792e-01,7.567141386278861681e-01
1.436666666666666714e+01,1.230014518518518507e-02,1.237064916012703408e-01,2.086027932003957364e-01,1.625997067423955889e+00,4.647561340771405036e-01,7.556921110767252925e-01
1.438333333333333286e+01,1.229878814814814973e-02,1.234772936668428328e-01,2.083410046929051185e-01,1.626176478453402297e+00,4.640770704810991965e-01,7.546712162059252549e-01
1.440000000000000036e+01,1.229745142857142925e-02,1.232489073923692668e-01,2.080797104860798163e-01,1.626353242065487148e+00,4.633994431614479881e-01,7.536511867569624101e-01
1.441666666666666607e+01,1.229613756613756603e-02,1.230213189998575485e-01,2.078189095419308574e-01,1.626527020572554827e+00,4.627231813644006597e-01,7.526317575344925181e-01
1.443333333333333357e+01,1.229484910052909899e-02,1.227945145202496702e-01,2.075586008256311010e-01,1.626697476029967504e+00,4.620482126019410662e-01,7.516126612437353804e-01
1.444999999999999929e+01,1.229358857142857225e-02,1.225684802967570847e-01,2.072987833054395768e-01,1.626864270249114730e+00,4.613744658397692655e-01,7.505936336799913233e-01
1.446666666666666679e+01,1.229235851851851954e-02,1.223432026381683219e-01,2.070394559526875788e-01,1.627027064811839674e+00,4.607018693042195800e-01,7.495744101673721405e-01
1.448333333333333250e+01,1.229116148148148326e-02,1.221186679102941597e-01,2.067806177418745339e-01,1.627185521086275122e+00,4.600303510614773828e-01,7.485547265074721235e-01
1.450000000000000000e+01,1.229000000000000058e-02,1.218948634626701860e-01,2.065222676503860322e-01,1.627339300244100784e+00,4.593598449396870675e-01,7.475343286243889551e-01
1.451666666666666750e+01,1.228886650793650781e-02,1.216717864440963331e-01,2.062644046586805946e-01,1.627489401653392287e+00,4.586903469891150942e-01,7.465136783655018649e-01
1.453333333333333321e+01,1.228775111111111117e-02,1.214494543656319259e-01,2.060070277502174252e-01,1.627637133853984341e+00,4.580219837020891305e-01,7.454935887949847295e-01
1.455000000000000071e+01,1.228665285714285876e-02,1.212278755224335952e-01,2.057501359114432549e-01,1.627782621722968281e+00,4.573548231928767915e-01,7.444742331545456393e-01
1.456666666666666643e+01,1.228557079365079352e-02,1.210070530106421710e-01,2.054937281318907349e-01,1.627925990246707810e+00,4.566889005438144467e-01,7.434557306524693931e-01
1.458333333333333393e+01,1.228450396825396876e-02,1.207869875700767620e-01,2.052378034038929988e-01,1.628067364517499227e+00,4.560242358426378484e-01,7.424381758044299451e-01
1.459999999999999964e+01,1.228345142857142913e-02,1.205676808990733817e-01,2.049823607227743705e-01,1.628206869730424833e+00,4.553608554445736645e-01,7.414216730411777867e-01
1.461666666666666714e+01,1.228241222222222449e-02,1.203491344350192255e-01,2.047273990867779780e-01,1.628344631180393076e+00,4.546987841428137833e-01,7.404063239632032722e-01
1.463333333333333286e+01,1.228138539682539776e-02,1.201313493896838253e-01,2.044729174970533192e-01,1.628480774259374542e+00,4.540380453837167263e-01,7.393922276896880419e-01
1.465000000000000036e+01,1.228037000000000052e-02,1.199143268351333808e-01,2.042189149577554597e-01,1.628615424453823346e+00,4.533786618118608724e-01,7.383794817450302084e-01
1.466666666666666607e+01,1.227936507936507916e-02,1.196980679694570199e-01,2.039653904757600666e-01,1.628748707342295932e+00,4.527206569894774435e-01,7.373681848587663179e-01
1.468333333333333357e+01,1.227836968253968354e-02,1.194825738478975663e-01,2.037123430608549779e-01,1.628880748593257710e+00,4.520640536538199639e-01,7.363584341277368273e-01
1.469999999999999929e+01,1.227738285714285831e-02,1.192678455676644822e-01,2.034597717256685645e-01,1.629011673963087325e+00,4.514088749142383672e-01,7.353503269658373531e-01
1.471666666666666679e+01,1.227640365079365158e-02,1.190538842112225520e-01,2.032076754856572687e-01,1.629141609294268322e+00,4.507551438845854852e-01,7.343439605058030839e-01
1.473333333333333250e+01,1.227543111111111147e-02,1.188406908400102407e-01,2.029560533591898142e-01,1.629270680513777769e+00,4.501028836413749068e-01,7.333394315315966416e-01
1.475000000000000000e+01,1.227446428571428612e-02,1.186282665507637224e-01,2.027049043672989881e-01,1.629399013631668502e+00,4.494521175924611200e-01,7.323368370798207794e-01
1.476666666666666750e+01,1.227350222222222363e-02,1.184166124340664816e-01,2.024542275338458430e-01,1.629526734739844107e+00,4.488028692068452563e-01,7.313362740005038276e-01
1.478333333333333321e+01,1.227254396825396866e-02,1.182057295763243587e-01,2.022040218854560534e-01,1.629653970011029962e+00,4.481551620277707260e-01,7.303378389794930037e-01
1.480000000000000071e+01,1.227158857142857107e-02,1.179956190646602038e-01,2.019542864515077585e-01,1.629780845697937464e+00,4.475090197050067831e-01,7.293416285922809106e-01
1.481666666666666643e+01,1.227063507936507897e-02,1.177862819914655829e-01,2.017050202642123036e-01,1.629907488132624316e+00,4.468644660249153078e-01,7.283477393543961176e-01
1.483333333333333393e+01,1.226968253968254048e-02,1.175777194436614520e-01,2.014562223583764022e-01,1.630034023726050663e+00,4.462215248407983004e-01,7.273562676094202928e-01
1.484999999999999964e+01,1.226873000000000026e-02,1.173699324247832604e-01,2.012078917715591497e-01,1.630160578967831286e+00,4.455802195571549329e-01,7.263673086899050668e-01
1.486666666666666714e+01,1.226777650793650816e-02,1.171629220244850139e-01,2.009600275440111272e-01,1.630287280426180985e+00,4.449405742483683035e-01,7.253809587426356398e-01
1.488333333333333286e+01,1.226682111111111056e-02,1.169566892982836781e-01,2.007126287186630775e-01,1.630414254748060898e+00,4.443026128658121299e-01,7.243973134382293289e-01
1.490000000000000036e+01,1.226586285714285560e-02,1.167512351924758218e-01,2.004656943412135850e-01,1.630541628659518016e+00,4.436663587370261452e-01,7.234164671565086469e-01
1.491666666666666607e+01,1.226490079365079484e-02,1.165465607036456352e-01,2.002192234598771103e-01,1.630669528966223414e+00,4.430318356225336762e-01,7.224385147116383354e-01
1.493333333333333357e+01,1.226393396825396949e-02,1.163426668277104392e-01,1.999732151255532164e-01,1.630798082554208550e+00,4.423990673785989092e-01,7.214635508047891888e-01
1.494999999999999929e+01,1.226296142857142765e-02,1.161395544829219306e-01,1.997276683917631190e-01,1.630927416390797413e+00,4.417680774434065705e-01,7.204916691887047753e-01
1.496666666666666679e+01,1.226198222222222266e-02,1.159372245403130636e-01,1.994825823146385568e-01,1.631057657525736282e+00,4.411388890367651805e-01,7.195229629958119766e-01
1.498333333333333250e+01,1.226099539682539742e-02,1.157356779154760373e-01,1.992379559529974253e-01,1.631188933092526661e+00,4.405115257724777078e-01,7.185575257397689430e-01
1.500000000000000000e+01,1.226000000000000006e-02,1.155349157158822582e-01,1.989937883681214825e-01,1.631321370309951169e+00,4.398860126503810752e-01,7.175954529370002222e-01
1.501666666666666750e+01,1.225899355555555570e-02,1.153349402567958315e-01,1.987500786239034534e-01,1.631455299275882176e+00,4.392623828959321131e-01,7.166369423481200318e-01
1.503333333333333321e+01,1.225797511111111071e-02,1.151357525074850480e-01,1.985068257867901031e-01,1.631590847485994145e+00,4.386406608318099698e-01,7.156820875483893563e-01
1.505000000000000071e+01,1.225694600000000120e-02,1.149373540050136339e-01,1.982640289257715516e-01,1.631727838239639627e+00,4.380208747113654710e-01,7.147308549966123747e-01
1.506666666666666643e+01,1.225590755555555633e-02,1.147397392868474558e-01,1.980216871124503841e-01,1.631866094725402450e+00,4.374030056297811275e-01,7.137831346182241798e-01
1.508333333333333393e+01,1.225486111111111047e-02,1.145429026819651669e-01,1.977797994208357335e-01,1.632005440018133413e+00,4.367870330893408037e-01,7.128388141311846615e-01
1.509999999999999964e+01,1.225380799999999971e-02,1.143468390723279271e-01,1.975383649274786158e-01,1.632145697076370139e+00,4.361729401475792911e-01,7.118977874430206798e-01
1.511666666666666714e+01,1.225274955555555496e-02,1.141515410304439343e-01,1.972973827114189171e-01,1.632286688740140157e+00,4.355606940155495321e-01,7.109599229799987707e-01
1.513333333333333286e+01,1.225168711111111232e-02,1.139570026343248166e-01,1.970568518541752911e-01,1.632428237729145692e+00,4.349502718693169512e-01,7.100251058074419364e-01
1.515000000000000036e+01,1.225062199999999921e-02,1.137632166383432120e-01,1.968167714398258439e-01,1.632570166641334808e+00,4.343416416637391753e-01,7.090932063102416416e-01
1.516666666666666607e+01,1.224955555555555693e-02,1.135701763556086902e-01,1.965771405547779571e-01,1.632712297951852909e+00,4.337347749000247665e-01,7.081641010286491289e-01
1.518333333333333357e+01,1.224848911111110945e-02,1.133778745895356460e-01,1.963379582879234697e-01,1.632854454012387269e+00,4.331296393547484080e-01,7.072376607851799113e-01
1.519999999999999929e+01,1.224742399999999981e-02,1.131863041086996063e-01,1.960992237305809460e-01,1.632996457050886807e+00,4.325262023006480883e-01,7.063137559386334363e-01
1.521666666666666679e+01,1.224636155555555543e-02,1.129954575076010936e-01,1.958609359764859059e-01,1.633138129171681330e+00,4.319244295491669883e-01,7.053922548174722529e-01
1.523333333333333250e+01,1.224530311111111242e-02,1.128053272842158838e-01,1.956230941218582708e-01,1.633279292355976908e+00,4.313242859719871314e-01,7.044730245682742087e-01
1.525000000000000000e+01,1.224424999999999993e-02,1.126159059770707599e-01,1.953856972652039392e-01,1.633419768462747834e+00,4.307257364379275533e-01,7.035559326833861205e-01
1.526666666666666750e+01,1.224320355555555580e-02,1.124271859602754969e-01,1.951487445074462923e-01,1.633559379230011155e+00,4.301287444017272144e-01,7.026408446938696706e-01
1.528333333333333321e+01,1.224216511111111266e-02,1.122391597540144947e-01,1.949122349518753183e-01,1.633697946276496449e+00,4.295332740363581592e-01,7.017276276506179133e-01
1.530000000000000071e+01,1.224113599999999968e-02,1.120518197474562605e-01,1.946761677041376759e-01,1.633835291103701515e+00,4.289392883250598421e-01,7.008161470063887233e-01
1.531666666666666643e+01,1.224011755555555643e-02,1.118651584404872085e-01,1.944405418722902346e-01,1.633971235098341079e+00,4.283467507261926044e-01,6.999062693344381136e-01
1.533333333333333393e+01,1.223911111111111380e-02,1.116791682787470069e-01,1.942053565666354009e-01,1.634105599535187414e+00,4.277556240349943972e-01,6.989978604682527408e-01
1.534999999999999964e+01,1.223811800000000095e-02,1.114938417677919930e-01,1.939706108998270062e-01,1.634238205580302417e+00,4.271658711720252022e-01,6.980907867893171304e-01
1.536666666666666714e+01,1.223713955555555746e-02,1.113091714250482034e-01,1.937363039868268133e-01,1.634368874294660712e+00,4.265774548513408537e-01,6.971849146848674295e-01
1.538333333333333286e+01,1.223617711111111075e-02,1.111251498061881643e-01,1.935024349448958014e-01,1.634497426638171103e+00,4.259903377638978306e-01,6.962801108478162693e-01
1.540000000000000036e+01,1.223523200000000040e-02,1.109417694495373613e-01,1.932690028936696058e-01,1.634623683474085265e+00,4.254044821903995022e-01,6.953762416444567718e-01
1.541666666666666607e+01,1.223430555555555729e-02,1.107590229720504249e-01,1.930360069549449109e-01,1.634747465573807457e+00,4.248198506708067423e-01,6.944731742095446858e-01
1.543333333333333357e+01,1.223339911111111233e-02,1.105769030897982841e-01,1.928034462528243620e-01,1.634868593622094135e+00,4.242364061507453710e-01,6.935707766869606550e-01
1.544999999999999929e+01,1.223251400000000162e-02,1.103954024375960324e-01,1.925713199136633580e-01,1.634986888222649704e+00,4.236541107211826973e-01,6.926689161707604292e-01
1.546666666666666679e+01,1.223165155555555605e-02,1.102145139194229406e-01,1.923396270660615581e-01,1.635102169904120384e+00,4.230729280744382481e-01,6.917674627222037964e-01
1.548333333333333250e+01,1.223081311111111347e-02,1.100342312018723068e-01,1.921083668409304390e-01,1.635214259126480218e+00,4.224928269904009714e-01,6.908662950733607255e-01
1.550000000000000000e+01,1.223000000000000129e-02,1.098545472122764988e-01,1.918775383712995053e-01,1.635322976287816754e+00,4.219137707947117621e-01,6.899652833928238138e-01
1.551666666666666750e+01,1.222920874074074141e-02,1.096754559085490466e-01,1.916471407924466852e-01,1.635428785623015857e+00,4.213357298089625003e-01,6.890645809410587130e-01
1.553333333333333321e+01,1.222843437037037309e-02,1.094969672157358465e-01,1.914171732418495919e-01,1.635532349787983897e+00,4.207587870222796456e-01,6.881646076324908767e-01
1.555000000000000071e+01,1.222767600000000156e-02,1.093190856929305566e-01,1.911876348591760033e-01,1.635633786829156833e+00,4.201829879210137175e-01,6.872654916944375136e-01
1.556666666666666643e+01,1.222693274074074070e-02,1.091418115615384044e-01,1.909585247863170854e-01,1.635733214869091290e+00,4.196083474757668075e-01,6.863673112024427647e-01
1.558333333333333393e+01,1.222620370370370441e-02,1.089651451545039923e-01,1.907298421672740940e-01,1.635830752103481389e+00,4.190348815057711174e-01,6.854701453711787851e-01
1.559999999999999964e+01,1.222548800000000137e-02,1.087890875996150725e-01,1.905015861482267370e-01,1.635926516798347663e+00,4.184626115482216746e-01,6.845740825204222890e-01
1.561666666666666714e+01,1.222478474074074201e-02,1.086136397806349990e-01,1.902737558775011717e-01,1.636020627287391394e+00,4.178915574989441328e-01,6.836792080375275749e-01
1.563333333333333286e+01,1.222409303703703848e-02,1.084388024849943510e-01,1.900463505055620950e-01,1.636113201969521480e+00,4.173217386530736484e-01,6.827856060791681614e-01
1.565000000000000036e+01,1.222341199999999947e-02,1.082645765778606495e-01,1.898193691850791898e-01,1.636204359306550504e+00,4.167531749443699751e-01,6.818933615988236330e-01
1.566666666666666607e+01,1.222274074074074235e-02,1.080909629249350162e-01,1.895928110707385539e-01,1.636294217821061991e+00,4.161858863974734479e-01,6.810025594509191427e-01
1.568333333333333357e+01,1.222207837037037233e-02,1.079179624125064380e-01,1.893666753193703201e-01,1.636382896094449535e+00,4.156198932716586025e-01,6.801132846263426845e-01
1.569999999999999929e+01,1.222142399999999983e-02,1.077455759402845964e-01,1.891409610899015548e-01,1.636470512765124674e+00,4.150552160108845201e-01,6.792256221711717723e-01
1.571666666666666679e+01,1.222077674074074048e-02,1.075738043868442184e-01,1.889156675433495691e-01,1.636557186526896412e+00,4.144918749960833093e-01,6.783396567818481548e-01
1.573333333333333250e+01,1.222013570370370644e-02,1.074026486702293753e-01,1.886907938429052134e-01,1.636643036127524820e+00,4.139298909808464821e-01,6.774554735188279553e-01
1.575000000000000000e+01,1.221950000000000119e-02,1.072321096959102799e-01,1.884663391537071131e-01,1.636728180367445384e+00,4.133692847187979691e-01,6.765731571975907022e-01
1.576666666666666750e+01,1.221886874074074036e-02,1.070621883418823306e-01,1.882423026429991542e-01,1.636812738098661901e+00,4.128100768548347843e-01,6.756927922114811524e-01
1.578333333333333321e+01,1.221824103703703611e-02,1.068928855318616589e-01,1.880186834800762485e-01,1.636896828223816547e+00,4.122522884541999222e-01,6.748144633986897789e-01
1.580000000000000071e+01,1.221761600000000059e-02,1.067242021588052925e-01,1.877954808362751471e-01,1.636980569695429821e+00,4.116959404504286768e-01,6.739382551398385157e-01
1.581666666666666643e+01,1.221699274074074075e-02,1.065561391034576533e-01,1.875726938849824332e-01,1.637064081515314129e+00,4.111410537785503139e-01,6.730642515772208290e-01
1.583333333333333393e+01,1.221637037037037223e-02,1.063886972712449752e-01,1.873503218015831195e-01,1.637147482734157444e+00,4.105876496433458755e-01,6.721925370553378798e-01
1.584999999999999964e+01,1.221574800000000023e-02,1.062218774965069390e-01,1.871283637634830743e-01,1.637230892451285058e+00,4.100357488226222258e-01,6.713231949817927147e-01
1.586666666666666714e+01,1.221512474074074213e-02,1.060556806194582202e-01,1.869068189500905919e-01,1.637314429814588523e+00,4.094853722254080397e-01,6.704563087426584911e-01
1.588333333333333286e+01,1.221449970370370314e-02,1.058901074928456643e-01,1.866856865428083434e-01,1.637398214020633569e+00,4.089365409412425434e-01,6.695919617849662719e-01
1.590000000000000036e+01,1.221387200000000062e-02,1.057251588708256751e-01,1.864649657250687931e-01,1.637482364314936323e+00,4.083892754267919312e-01,6.687302362867270089e-01
1.591666666666666607e+01,1.221324074074073979e-02,1.055608355453238750e-01,1.862446556822205113e-01,1.637566999992418726e+00,4.078435965013439413e-01,6.678712147888242745e-01
1.593333333333333357e+01,1.221260503703703801e-02,1.053971382766331205e-01,1.860247556015993398e-01,1.637652240398032477e+00,4.072995248388596723e-01,6.670149793654126524e-01
1.594999999999999929e+01,1.221196400000000050e-02,1.052340677639073824e-01,1.858052646724975276e-01,1.637738204927561059e+00,4.067570807491458496e-01,6.661616112676811419e-01
1.596666666666666679e+01,1.221131674074074115e-02,1.050716247340231779e-01,1.855861820861597344e-01,1.637825013028594734e+00,4.062162848297776185e-01,6.653111919937578778e-01
1.598333333333333250e+01,1.221066237037036865e-02,1.049098098758226155e-01,1.853675070359139532e-01,1.637912784201678740e+00,4.056771574818218151e-01,6.644638024980736857e-01
1.600000000000000000e+01,1.221000000000000037e-02,1.047486239890891568e-01,1.851492387168398868e-01,1.638001638001638005e+00,4.051397200109907448e-01,6.636195249975278543e-01
1.601666666666666572e+01,1.220932617283950611e-02,1.045880708082472799e-01,1.849313763260108379e-01,1.638092038567319886e+00,4.046040155591848486e-01,6.627786166598687023e-01
1.603333333333333499e+01,1.220863901234567860e-02,1.044281532147775526e-01,1.847139190624185745e-01,1.638184238208329813e+00,4.040700811666800285e-01,6.619412380988156652e-01
1.605000000000000071e+01,1.220794000000000046e-02,1.042688727565684315e-01,1.844968661269652532e-01,1.638278038719063190e+00,4.035379441483420426e-01,6.611073516880686674e-01
1.606666666666666643e+01,1.220723061728395085e-02,1.041102248699068977e-01,1.842802167224640297e-01,1.638373241813129821e+00,4.030075864343640735e-01,6.602768458617541691e-01
1.608333333333333215e+01,1.220651234567901415e-02,1.039522051402846370e-01,1.840639700536084999e-01,1.638469649119701721e+00,4.024789909004800048e-01,6.594496109987610932e-01
1.610000000000000142e+01,1.220578666666666603e-02,1.037948072636769442e-01,1.838481253269809157e-01,1.638567062180342981e+00,4.019521261457394412e-01,6.586255144757668933e-01
1.611666666666666714e+01,1.220505506172839434e-02,1.036380258736135512e-01,1.836326817510391674e-01,1.638665282446316152e+00,4.014269675321463504e-01,6.578044351326327588e-01
1.613333333333333286e+01,1.220431901234567997e-02,1.034818546179390175e-01,1.834176385361055150e-01,1.638764111276372226e+00,4.009034828261265893e-01,6.569862397411596611e-01
1.614999999999999858e+01,1.220358000000000033e-02,1.033262873146764266e-01,1.832029948942975606e-01,1.638863349935019142e+00,4.003816408152579553e-01,6.561707971189731925e-01
1.616666666666666785e+01,1.220283950617283980e-02,1.031713173334817268e-01,1.829887500396579769e-01,1.638962799591271002e+00,3.998614066664296085e-01,6.553579705185151871e-01
1.618333333333333357e+01,1.220209901234568101e-02,1.030169380536152396e-01,1.827749031880376851e-01,1.639062261317881575e+00,3.993427453470945188e-01,6.545476232294996644e-01
1.619999999999999929e+01,1.220136000000000137e-02,1.028631426802600057e-01,1.825614535571153663e-01,1.639161536091058524e+00,3.988256202392473915e-01,6.537396163038339258e-01
1.621666666666666501e+01,1.220062395061728353e-02,1.027099242697923215e-01,1.823484003663972119e-01,1.639260424790661030e+00,3.983099933187708164e-01,6.529338088460936440e-01
1.623333333333333428e+01,1.219989234567901357e-02,1.025572759435914583e-01,1.821357428374245913e-01,1.639358728200880133e+00,3.977958267627113020e-01,6.521300606453360738e-01
1.625000000000000000e+01,1.219916666666666892e-02,1.024051907582567422e-01,1.819234801932679557e-01,1.639456247011407575e+00,3.972830819699857963e-01,6.513282305676383332e-01
1.626666666666666572e+01,1.219844839506172701e-02,1.022536615725154752e-01,1.817116116589059249e-01,1.639552781819084482e+00,3.967717185448252915e-01,6.505281748873071868e-01
1.628333333333333499e+01,1.219773901234568088e-02,1.021026815682968131e-01,1.815001364611153467e-01,1.639648133130035657e+00,3.962616982462000559e-01,6.497297537603194950e-01
1.630000000000000071e+01,1.219704000000000274e-02,1.019522436316685904e-01,1.812890538284693820e-01,1.639742101362297477e+00,3.957529802915472072e-01,6.489328235236535569e-01
1.631666666666666643e+01,1.219635283950617523e-02,1.018023407214504183e-01,1.810783629914695103e-01,1.639834486848921857e+00,3.952455241491607540e-01,6.481372412724721865e-01
1.633333333333333215e+01,1.219567901234567923e-02,1.016529660561736187e-01,1.808680631822171259e-01,1.639925089841575145e+00,3.947392909710412678e-01,6.473428672096844805e-01
1.635000000000000142e+01,1.219502000000000086e-02,1.015041125897655216e-01,1.806581536346562045e-01,1.640013710514619749e+00,3.942342395944185562e-01,6.465495580891520433e-01
1.636666666666666714e+01,1.219437728395061926e-02,1.013557734654355197e-01,1.804486335845005285e-01,1.640100148969688920e+00,3.937303300038214604e-01,6.457571728931523758e-01
1.638333333333333286e+01,1.219375234567901187e-02,1.012079418676009035e-01,1.802395022692080129e-01,1.640184205240744930e+00,3.932275222048462471e-01,6.449655709863431063e-01
1.639999999999999858e+01,1.219314666666666824e-02,1.010606109390687624e-01,1.800307589275194353e-01,1.640265679299628188e+00,3.927257755901510938e-01,6.441746110768524769e-01
1.641666666666666785e+01,1.219256172839506408e-02,1.009137739451718419e-01,1.798224028004938302e-01,1.640344371062097295e+00,3.922250501969122283e-01,6.433841532800534946e-01
1.643333333333333357e+01,1.219199901234568201e-02,1.007674241330693554e-01,1.796144331306877839e-01,1.640420080394354940e+00,3.917253056303539038e-01,6.425940573546483625e-01
1.644999999999999929e+01,1.219146000000000118e-02,1.006215548441632412e-01,1.794068491623599382e-01,1.640492607120065838e+00,3.912265019295866897e-01,6.418041841249311208e-01
1.646666666666666501e+01,1.219094617283950771e-02,1.004761595357550608e-01,1.791996501414896137e-01,1.640561751027862503e+00,3.907285997399388422e-01,6.410143957660189296e-01
1.648333333333333428e+01,1.219045901234568074e-02,1.003312315868464949e-01,1.789928353164536856e-01,1.640627311879342631e+00,3.902315588116529455e-01,6.402245533436478064e-01
1.650000000000000000e+01,1.219000000000000118e-02,1.001867644668468782e-01,1.787864039364422675e-01,1.640689089417555202e+00,3.897353393086628870e-01,6.394345189641720273e-01
1.651666666666666572e+01,1.218956641975308709e-02,1.000427556711214333e-01,1.785803552526785132e-01,1.640747448374387796e+00,3.892399324148951290e-01,6.386444259151583536e-01
1.653333333333333499e+01,1.218915358024691420e-02,9.989921098662855881e-02,1.783746885180896857e-01,1.640803019531308804e+00,3.887453938105479567e-01,6.378546159932348969e-01
1.655000000000000071e+01,1.218875999999999987e-02,9.975613438612836170e-02,1.781694029872867291e-01,1.640856001758997706e+00,3.882517653477176589e-01,6.370652393643285727e-01
1.656666666666666643e+01,1.218838419753086669e-02,9.961352789175356715e-02,1.779644979161983387e-01,1.640906594005431707e+00,3.877590738731597209e-01,6.362764212039071499e-01
1.658333333333333215e+01,1.218802469135802508e-02,9.947139349773923001e-02,1.777599725628923599e-01,1.640954995289851448e+00,3.872673461529518857e-01,6.354882861823304419e-01
1.660000000000000142e+01,1.218768000000000108e-02,9.932973377532902659e-02,1.775558261869246424e-01,1.641001404697202348e+00,3.867766136150494471e-01,6.347009662463232171e-01
1.661666666666666714e+01,1.218734864197530861e-02,9.918855107141373584e-02,1.773520580495013543e-01,1.641046021373064434e+00,3.862869060933585841e-01,6.339145903530166715e-01
1.663333333333333286e+01,1.218702913580247023e-02,9.904784796466015173e-02,1.771486674134764572e-01,1.641089044519058238e+00,3.857982554012466259e-01,6.331292903335514755e-01
1.664999999999999858e+01,1.218671999999999984e-02,9.890762701998481732e-02,1.769456535434729971e-01,1.641130673388737859e+00,3.853106934122457194e-01,6.323451977435203819e-01
1.666666666666666785e+01,1.218641975308642177e-02,9.876789094382733281e-02,1.767430157055799589e-01,1.641171107283962982e+00,3.848242532856142595e-01,6.315624458744757419e-01
1.668333333333333357e+01,1.218612691358024816e-02,9.862864239129981447e-02,1.765407531675751707e-01,1.641210545551758049e+00,3.843389679511754475e-01,6.307811672679483062e-01
1.669999999999999929e+01,1.218584000000000160e-02,9.848988407631434350e-02,1.763388651988578026e-01,1.641249187581651947e+00,3.838548709784193602e-01,6.300014951425906284e-01
1.671666666666666501e+01,1.218555753086419773e-02,9.835161873361435159e-02,1.761373510704448697e-01,1.641287232803504192e+00,3.833719962797544345e-01,6.292235629083534620e-01
1.673333333333333428e+01,1.218527802469135737e-02,9.821384900869295498e-02,1.759362100550466435e-01,1.641324880685812948e+00,3.828903772380816140e-01,6.284475027360402200e-01
1.675000000000000000e+01,1.218499999999999965e-02,9.807657765921562465e-02,1.757354414268709475e-01,1.641362330734509767e+00,3.824100483040920317e-01,6.276734481807009214e-01
1.676666666666666572e+01,1.218472197530864193e-02,9.793980742356853120e-02,1.755350444617637118e-01,1.641399782492238169e+00,3.819310439564220783e-01,6.269015324771046727e-01
1.678333333333333499e+01,1.218444246913580331e-02,9.780354092016996237e-02,1.753350184371637310e-01,1.641437435538117384e+00,3.814533978978048023e-01,6.261318872226737664e-01
1.680000000000000071e+01,1.218415999999999944e-02,9.766778089471429836e-02,1.751353626320966417e-01,1.641475489487991046e+00,3.809771450236434376e-01,6.253646456114224650e-01
1.681666666666666643e+01,1.218387308641975461e-02,9.753253001236431019e-02,1.749360763271749775e-01,1.641514143995160824e+00,3.805023197674494706e-01,6.245999397212377291e-01
1.683333333333333215e+01,1.218358024691358100e-02,9.739779083955713013e-02,1.747371588045768531e-01,1.641553598751608556e+00,3.800289559504536063e-01,6.238379002702836296e-01
1.685000000000000142e+01,1.218328000000000119e-02,9.726356603680892665e-02,1.745386093480512102e-01,1.641594053489700444e+00,3.795570883238347792e-01,6.230786591522722295e-01
1.686666666666666714e+01,1.218297086419753081e-02,9.712985815558798641e-02,1.743404272429085189e-01,1.641635707984381076e+00,3.790867509417624737e-01,6.223223467697789335e-01
1.688333333333333286e+01,1.218265135802469243e-02,9.699666969810182005e-02,1.741426117760158654e-01,1.641678762055850394e+00,3.786179776365096172e-01,6.215690928183947861e-01
1.689999999999999858e+01,1.218231999999999995e-02,9.686400319515917068e-02,1.739451622358297311e-01,1.641723415572731604e+00,3.781508026438442083e-01,6.208190273180218544e-01
1.691666666666666785e+01,1.218197530864197596e-02,9.673186108403568351e-02,1.737480779123000973e-01,1.641769868455722925e+00,3.776852596187713629e-01,6.200722790019758124e-01
1.693333333333333357e+01,1.218161580246913435e-02,9.660024578428322295e-02,1.735513580969340608e-01,1.641818320681738275e+00,3.772213822433619912e-01,6.193289763200406917e-01
1.694999999999999929e+01,1.218123999999999769e-02,9.646915969038619143e-02,1.733550020827712146e-01,1.641868972288535788e+00,3.767592041666439906e-01,6.185892473453343809e-01
1.696666666666666501e+01,1.218084641975308684e-02,9.633860556895972038e-02,1.731590091643791518e-01,1.641922023379834394e+00,3.762987622283159861e-01,6.178532250732438058e-01
1.698333333333333428e+01,1.218043358024691394e-02,9.620858570095171258e-02,1.729633786378844129e-01,1.641977674130921550e+00,3.758400895076640658e-01,6.171210360149516072e-01
1.700000000000000000e+01,1.217999999999999985e-02,9.607910250107626338e-02,1.727681098008812532e-01,1.642036124794745477e+00,3.753832203381415322e-01,6.163928084370140503e-01
1.701666666666666572e+01,1.217954098765432029e-02,9.595015856406792498e-02,1.725732019524920668e-01,1.642098008477726356e+00,3.749281906936382525e-01,6.156688352601805692e-01
1.703333333333333499e+01,1.217905382716049333e-02,9.582176211181056558e-02,1.723786543933439608e-01,1.642163692174348100e+00,3.744750827076736566e-01,6.149493844465278025e-01
1.705000000000000071e+01,1.217853999999999985e-02,9.569391648305905496e-02,1.721844664255641200e-01,1.642232977023518448e+00,3.740239390262497521e-01,6.142344468651410594e-01
1.706666666666666643e+01,1.217800098765432076e-02,9.556661701352413274e-02,1.719906373528062027e-01,1.642305664145977673e+00,3.735747369187782940e-01,6.135239064235530337e-01
1.708333333333333215e+01,1.217743827160493696e-02,9.543985999585014035e-02,1.717971664801706266e-01,1.642381554635799601e+00,3.731274613169653365e-01,6.128176599950666548e-01
1.710000000000000142e+01,1.217685333333333279e-02,9.531363976129011983e-02,1.716040531142563330e-01,1.642460449552374913e+00,3.726820808796046935e-01,6.121155781016300867e-01
1.711666666666666714e+01,1.217624765432098743e-02,9.518795117350699331e-02,1.714112965631398033e-01,1.642542149912875393e+00,3.722385684025434349e-01,6.114175384244046052e-01
1.713333333333333286e+01,1.217562271604938177e-02,9.506278903737448716e-02,1.712188961363708961e-01,1.642626456685197800e+00,3.717968959758478076e-01,6.107234178433619265e-01
1.714999999999999858e+01,1.217498000000000018e-02,9.493814755766483149e-02,1.710268511450000750e-01,1.642713170781389342e+00,3.713570305067455668e-01,6.100330850756970902e-01
1.716666666666666785e+01,1.217432098765432180e-02,9.481402109846487347e-02,1.708351609014970574e-01,1.642802093051555445e+00,3.709189399639521989e-01,6.093464109252448857e-01
1.718333333333333357e+01,1.217364716049382754e-02,9.469040332141757943e-02,1.706438247198041325e-01,1.642893024278247127e+00,3.704825862445958462e-01,6.086632565578106169e-01
1.719999999999999929e+01,1.217295999999999830e-02,9.456728830471834713e-02,1.704528419153152063e-01,1.642985765171330881e+00,3.700479344163942197e-01,6.079834886771898761e-01
1.721666666666666501e+01,1.217226098765432016e-02,9.444466957254421535e-02,1.702622118048715549e-01,1.643080116363339727e+00,3.696149446742268974e-01,6.073069663049580624e-01
1.723333333333333428e+01,1.217155160493827055e-02,9.432254092936542822e-02,1.700719337067863601e-01,1.643175878405309653e+00,3.691835792504788993e-01,6.066335521277219645e-01
1.725000000000000000e+01,1.217083333333333385e-02,9.420089593696823194e-02,1.698820069407702693e-01,1.643272851763094788e+00,3.687537980706138141e-01,6.059631053539699108e-01
1.726666666666666572e+01,1.217010765432098747e-02,9.407972829582121610e-02,1.696924308279797455e-01,1.643370836814168623e+00,3.683255619219474863e-01,6.052954869157197715e-01
1.728333333333333499e+01,1.216937604938271578e-02,9.395903161891791533e-02,1.695032046909976386e-01,1.643469633844907518e+00,3.678988305694945171e-01,6.046305563680167694e-01
1.730000000000000071e+01,1.216863999999999967e-02,9.383879947607849659e-02,1.693143278538289942e-01,1.643569043048360490e+00,3.674735631204262831e-01,6.039681724834102816e-01
1.731666666666666643e+01,1.216790098765432003e-02,9.371902557928225852e-02,1.691257996419248955e-01,1.643668864522501494e+00,3.670497195757288500e-01,6.033081957983408294e-01
1.733333333333333215e+01,1.216716049382715950e-02,9.359970348727152112e-02,1.689376193821103822e-01,1.643768898268969547e+00,3.666272583553809583e-01,6.026504845421973844e-01
1.735000000000000142e+01,1.216641999999999897e-02,9.348082691323303384e-02,1.687497864026313299e-01,1.643868944192293347e+00,3.662061388777805848e-01,6.019948988737535700e-01
1.736666666666666714e+01,1.216568098765431934e-02,9.336238955995160294e-02,1.685623000331354926e-01,1.643968802099604165e+00,3.657863201787531215e-01,6.013412986086870138e-01
1.738333333333333286e+01,1.216494493827160323e-02,9.324438511960114750e-02,1.683751596046686727e-01,1.644068271700833694e+00,3.653677609080635547e-01,6.006895432113235067e-01
1.739999999999999858e+01,1.216421333333333327e-02,9.312680741290246811e-02,1.681883644496981745e-01,1.644167152609402827e+00,3.649504205049189931e-01,6.000394937251768424e-01
1.741666666666666785e+01,1.216348765432098689e-02,9.300965020815862849e-02,1.680019139020419439e-01,1.644265244343397825e+00,3.645342576722809813e-01,5.993910102630521930e-01
1.743333333333333357e+01,1.216276938271604845e-02,9.289290736023632367e-02,1.678158072969147541e-01,1.644362346327233659e+00,3.641192315517411959e-01,5.987439539372904074e-01
1.744999999999999929e+01,1.216205999999999884e-02,9.277657275488165878e-02,1.676300439709098311e-01,1.644458257893810949e+00,3.637053012549941733e-01,5.980981860885313806e-01
1.746666666666666501e+01,1.216136098765432071e-02,9.266064030455990752e-02,1.674446232619948571e-01,1.644552778287160510e+00,3.632924258294762399e-01,5.974535682285473381e-01
1.748333333333333428e+01,1.216067382716049319e-02,9.254510398937912385e-02,1.672595445095343136e-01,1.644645706665580631e+00,3.628805646080419112e-01,5.968099626149979686e-01
1.750000000000000000e+01,1.215999999999999893e-02,9.242995858882693816e-02,1.670748070542222297e-01,1.644736842105263275e+00,3.624696834623568065e-01,5.961672425367711137e-01
1.751666666666666572e+01,1.215932617283950468e-02,9.231521109980600492e-02,1.668904102381257026e-01,1.644827987645758105e+00,3.620598525291354730e-01,5.955261786428178716e-01
1.753333333333333499e+01,1.215863901234567716e-02,9.220088773758061684e-02,1.667063534046674955e-01,1.644920947130047884e+00,3.616513070161643251e-01,5.948878104678487766e-01
1.755000000000000071e+01,1.215793999999999903e-02,9.208699802327879880e-02,1.665226358986222621e-01,1.645015520721438085e+00,3.612441403249991856e-01,5.942522176042968063e-01
1.756666666666666643e+01,1.215723061728394942e-02,9.197354047283817780e-02,1.663392570661377523e-01,1.645111508501448938e+00,3.608383518222186281e-01,5.936193252914266916e-01
1.758333333333333215e+01,1.215651234567901272e-02,9.186051218333682322e-02,1.661562162546703081e-01,1.645208710466117052e+00,3.604339286189879310e-01,5.929890389114815807e-01
1.760000000000000142e+01,1.215578666666666460e-02,9.174791043450993000e-02,1.659735128130267190e-01,1.645306926522786650e+00,3.600308592827107246e-01,5.923612665397947064e-01
1.761666666666666714e+01,1.215505506172839464e-02,9.163573152236434427e-02,1.657911460913473189e-01,1.645405956487381749e+00,3.596291237766745530e-01,5.917359023884781744e-01
1.763333333333333286e+01,1.215431901234567853e-02,9.152397114896067276e-02,1.656091154411024058e-01,1.645505600082169728e+00,3.592286967640343498e-01,5.911128322354380904e-01
1.764999999999999858e+01,1.215357999999999890e-02,9.141262458316309902e-02,1.654274202151126971e-01,1.645605656934006511e+00,3.588295489592517873e-01,5.904919356424227495e-01
1.766666666666666785e+01,1.215283950617283837e-02,9.130168683162125098e-02,1.652460597674870746e-01,1.645705926573071576e+00,3.584316485815567388e-01,5.898730883420244542e-01
1.768333333333333357e+01,1.215209901234567784e-02,9.119115275183928282e-02,1.650650334536629960e-01,1.645806208432091244e+00,3.580349623187134567e-01,5.892561638198884344e-01
1.769999999999999929e+01,1.215135999999999994e-02,9.108101702610080230e-02,1.648843406303900638e-01,1.645906301846048470e+00,3.576394550890966695e-01,5.886410329199310842e-01
1.771666666666666501e+01,1.215062395061728209e-02,9.097127426846955689e-02,1.647039806557266950e-01,1.646006006052384674e+00,3.572450909616158854e-01,5.880275653555502302e-01
1.773333333333333428e+01,1.214989234567901213e-02,9.086191910024363216e-02,1.645239528890594938e-01,1.646105120191686311e+00,3.568518338088826902e-01,5.874156307825945111e-01
1.775000000000000000e+01,1.214916666666666749e-02,9.075294608949455166e-02,1.643442566910437996e-01,1.646203443308868808e+00,3.564596467782666922e-01,5.868050979270457157e-01
1.776666666666666572e+01,1.214844839506172731e-02,9.064434983686786573e-02,1.641648914236421564e-01,1.646300774354845453e+00,3.560684930386986413e-01,5.861958358129725211e-01
1.778333333333333499e+01,1.214773901234567771e-02,9.053612489006906960e-02,1.639858564501087135e-01,1.646396912188689221e+00,3.556783350318870607e-01,5.855877125289129514e-01
1.780000000000000071e+01,1.214703999999999957e-02,9.042826580143527304e-02,1.638071511349857845e-01,1.646491655580289537e+00,3.552891349735963766e-01,5.849805960523656312e-01
1.781666666666666643e+01,1.214635283950617380e-02,9.032076712064907031e-02,1.636287748441226375e-01,1.646584803213499093e+00,3.549008547888656828e-01,5.843743541428270127e-01
1.783333333333333215e+01,1.214567901234567780e-02,9.021362347163217055e-02,1.634507269446182354e-01,1.646676153689774491e+00,3.545134567887919252e-01,5.837688554562339149e-01
1.785000000000000142e+01,1.214501999999999943e-02,9.010682937697296613e-02,1.632730068048581507e-01,1.646765505532308937e+00,3.541269021247570592e-01,5.831639670000660081e-01
1.786666666666666714e+01,1.214437728395061783e-02,9.000037938622712508e-02,1.630956137944995776e-01,1.646852657190662983e+00,3.537411519148912498e-01,5.825595559887246644e-01
1.788333333333333286e+01,1.214375234567901217e-02,8.989426831184890720e-02,1.629185472844680294e-01,1.646937407045887092e+00,3.533561693342333609e-01,5.819554932869897002e-01
1.789999999999999858e+01,1.214314666666666508e-02,8.978849075587251594e-02,1.627418066469754343e-01,1.647019553416138482e+00,3.529719154340917875e-01,5.813516465266969080e-01
1.791666666666666785e+01,1.214256172839506091e-02,8.968304136954426131e-02,1.625653912554647917e-01,1.647098894562794458e+00,3.525883514330124258e-01,5.807478838810328226e-01
1.793333333333333357e+01,1.214199901234567884e-02,8.957791498605213731e-02,1.623893004846459764e-01,1.647175228697062455e+00,3.522054399000452141e-01,5.801440760157065002e-01
1.794999999999999929e+01,1.214145999999999802e-02,8.947310647058069610e-02,1.622135337104810837e-01,1.647248353987082581e+00,3.518231434304137650e-01,5.795400939103103610e-01
1.796666666666666501e+01,1.214094617283950454e-02,8.936861060535669643e-02,1.620380903101805992e-01,1.647318068565527094e+00,3.514414236209312259e-01,5.789358071731516286e-01
1.798333333333333428e+01,1.214045901234567931e-02,8.926442227573538890e-02,1.618629696622076175e-01,1.647384170537697479e+00,3.510602427266866776e-01,5.783310867730654392e-01
1.800000000000000000e+01,1.213999999999999975e-02,8.916053649445787599e-02,1.616881711462654359e-01,1.647446457990115354e+00,3.506795638845676688e-01,5.777258054111493735e-01
1.801666666666666572e+01,1.213956283950617249e-02,8.905695612731236166e-02,1.615136942736120351e-01,1.647505784550441277e+00,3.502994199859558178e-01,5.771203207515266387e-01
1.803333333333333499e+01,1.213913975308641979e-02,8.895369343882592039e-02,1.613395377797581243e-01,1.647563205202817516e+00,3.499199309582902151e-01,5.765152030139892858e-01
1.805000000000000071e+01,1.213872999999999862e-02,8.885075269245507057e-02,1.611657017241567014e-01,1.647618820090734681e+00,3.495411413219518537e-01,5.759105628380430941e-01
1.806666666666666643e+01,1.213833283950617285e-02,8.874813658573042774e-02,1.609921853906049471e-01,1.647672729397134050e+00,3.491630841978232147e-01,5.753064919449486503e-01
1.808333333333333215e+01,1.213794753086419598e-02,8.864584711034510789e-02,1.608189880164845875e-01,1.647725033342275713e+00,3.487857866692779529e-01,5.747030719689478762e-01
1.810000000000000142e+01,1.213757333333333362e-02,8.854388554634225195e-02,1.606461092188849749e-01,1.647775832181721078e+00,3.484092683391073475e-01,5.741003720772971386e-01
1.811666666666666714e+01,1.213720950617283925e-02,8.844225287177207018e-02,1.604735482124327872e-01,1.647825226204445048e+00,3.480335474486189740e-01,5.734984590512560709e-01
1.813333333333333286e+01,1.213685530864197504e-02,8.834095012274091607e-02,1.603013044844013302e-01,1.647873315731062549e+00,3.476586419958868635e-01,5.728973991283204947e-01
1.814999999999999858e+01,1.213650999999999966e-02,8.823997814759886038e-02,1.601293773880729798e-01,1.647920201112181404e+00,3.472845687883643895e-01,5.722972564408785878e-01
1.816666666666666785e+01,1.213617283950617180e-02,8.813933782278614293e-02,1.599577663089429558e-01,1.647965982726875334e+00,3.469113448693443291e-01,5.716980953667110121e-01
1.818333333333333357e+01,1.213584308641975362e-02,8.803903008547811493e-02,1.597864706325065609e-01,1.648010760981277967e+00,3.465389879189033628e-01,5.710999811899137857e-01
1.819999999999999929e+01,1.213552000000000033e-02,8.793905564126290597e-02,1.596154897617239887e-01,1.648054636307302756e+00,3.461675135367114908e-01,5.705029756231483340e-01
1.821666666666666501e+01,1.213520283950617236e-02,8.783941538655455628e-02,1.594448231000658023e-01,1.648097709161479241e+00,3.457969391384737579e-01,5.699071432291700212e-01
1.823333333333333428e+01,1.213489086419753185e-02,8.774011006036802618e-02,1.592744700227050614e-01,1.648140080023915433e+00,3.454272808743283907e-01,5.693125463426591537e-01
1.825000000000000000e+01,1.213458333333333403e-02,8.764114035560287286e-02,1.591044299190403633e-01,1.648181849397383436e+00,3.450585545034670076e-01,5.687192465119120799e-01
1.826666666666666572e+01,1.213427950617283931e-02,8.754250707889149608e-02,1.589347021784703329e-01,1.648223117806523641e+00,3.446907769031742341e-01,5.681273069865027114e-01
1.828333333333333499e+01,1.213397864197530811e-02,8.744421084639085462e-02,1.587652862216907268e-01,1.648263985797173925e+00,3.443239631813861945e-01,5.675367879588310016e-01
1.830000000000000071e+01,1.213367999999999912e-02,8.734625236579701690e-02,1.585961814634663236e-01,1.648304553935821870e+00,3.439581293775957893e-01,5.669477510163377643e-01
1.831666666666666643e+01,1.213338283950617276e-02,8.724863233784299621e-02,1.584273872778252934e-01,1.648344922809177326e+00,3.435932916715243035e-01,5.663602578380498853e-01
1.833333333333333215e+01,1.213308641975308771e-02,8.715135141262896068e-02,1.582589030605433544e-01,1.648385193023870876e+00,3.432294657816884476e-01,5.657743692040285710e-01
1.835000000000000142e+01,1.213278999999999920e-02,8.705441020543998321e-02,1.580907282073961972e-01,1.648425465206271756e+00,3.428666671770739804e-01,5.651901453450921542e-01
1.836666666666666714e+01,1.213249283950617284e-02,8.695780932320709700e-02,1.579228621455607273e-01,1.648465840002429239e+00,3.425049112203181201e-01,5.646076461797591151e-01
1.838333333333333286e+01,1.213219419753086385e-02,8.686154939740795000e-02,1.577553042977536679e-01,1.648506418078140134e+00,3.421442135861796907e-01,5.640269320051152224e-01
1.839999999999999858e+01,1.213189333333333439e-02,8.676563102591990095e-02,1.575880540552783982e-01,1.648547300119134862e+00,3.417845898087124024e-01,5.634480627514788509e-01
1.841666666666666785e+01,1.213158950617283967e-02,8.667005476188771596e-02,1.574211108283535276e-01,1.648588586831389868e+00,3.414260550156824614e-01,5.628710975457202892e-01
1.843333333333333357e+01,1.213128197530864184e-02,8.657482115708854675e-02,1.572544740287186993e-01,1.648630378941559727e+00,3.410686243849353483e-01,5.622960954648124066e-01
1.844999999999999929e+01,1.213096999999999960e-02,8.647993068797113492e-02,1.570881430651185351e-01,1.648672777197536687e+00,3.407123124682125970e-01,5.617231144223630013e-01
1.846666666666666501e+01,1.213065283950617336e-02,8.638538381164802271e-02,1.569221173492797439e-01,1.648715882369129027e+00,3.403571336904690492e-01,5.611522119931092734e-01
1.848333333333333428e+01,1.213032975308641834e-02,8.629118102307192784e-02,1.567563962979466596e-01,1.648759795248866844e+00,3.400031028776320796e-01,5.605834462845040722e-01
1.850000000000000000e+01,1.213000000000000016e-02,8.619732276678011840e-02,1.565909793270554573e-01,1.648804616652926658e+00,3.396502344500983428e-01,5.600168746085710803e-01
1.851666666666666572e+01,1.212966666666666707e-02,8.610380745547650816e-02,1.564258658538666136e-01,1.648849927175794816e+00,3.392985237962699574e-01,5.594523462523344204e-01
1.853333333333333499e+01,1.212933333333333398e-02,8.601062583165799968e-02,1.562610552951606280e-01,1.648895240189073297e+00,3.389478940736634360e-01,5.588895692101738533e-01
1.855000000000000071e+01,1.212900000000000089e-02,8.591777437263932449e-02,1.560965470696260571e-01,1.648940555692967269e+00,3.385983219775453579e-01,5.583285051983598590e-01
1.856666666666666643e+01,1.212866666666666607e-02,8.582525087771340766e-02,1.559323405986727529e-01,1.648985873687682124e+00,3.382497965021445951e-01,5.577691362097696448e-01
1.858333333333333215e+01,1.212833333333333298e-02,8.573305372714594419e-02,1.557684353041043912e-01,1.649031194173423254e+00,3.379023120388547907e-01,5.572114531353934419e-01
1.860000000000000142e+01,1.212799999999999989e-02,8.564118151210738106e-02,1.556048306089702904e-01,1.649076517150395826e+00,3.375558649117389454e-01,5.566554500523399618e-01
1.861666666666666714e+01,1.212766666666666680e-02,8.554963251482854136e-02,1.554415259349249678e-01,1.649121842618805456e+00,3.372104484714558703e-01,5.561011161335610575e-01
1.863333333333333286e+01,1.212733333333333371e-02,8.545840517370428824e-02,1.552785207057228722e-01,1.649167170578857755e+00,3.368660574786389583e-01,5.555484428761018334e-01
1.864999999999999858e+01,1.212700000000000063e-02,8.536749807660305722e-02,1.551158143484087648e-01,1.649212501030757672e+00,3.365226880476342997e-01,5.549974240086323896e-01
1.866666666666666785e+01,1.212666666666666580e-02,8.527690979113274061e-02,1.549534062899111386e-01,1.649257833974711485e+00,3.361803360510583483e-01,5.544480528604590619e-01
1.868333333333333357e+01,1.212633333333333271e-02,8.518663892337728638e-02,1.547912959582892767e-01,1.649303169410923919e+00,3.358389976745555505e-01,5.539003232764323492e-01
1.869999999999999929e+01,1.212599999999999963e-02,8.509668413523031882e-02,1.546294827813716188e-01,1.649348507339601033e+00,3.354986695894274784e-01,5.533542299017442101e-01
1.871666666666666501e+01,1.212566666666666654e-02,8.500704405227860194e-02,1.544679661885577648e-01,1.649393847760947995e+00,3.351593480690789884e-01,5.528097667247090508e-01
1.873333333333333428e+01,1.212533333333333345e-02,8.491771739389351870e-02,1.543067456114322333e-01,1.649439190675170419e+00,3.348210302312354392e-01,5.522669291256357971e-01
1.875000000000000000e+01,1.212500000000000036e-02,8.482870280696647169e-02,1.541458204820079780e-01,1.649484536082474140e+00,3.344837124539897233e-01,5.517257112643129124e-01
1.876666666666666572e+01,1.212466666666666554e-02,8.473999896530329257e-02,1.539851902333693456e-01,1.649529883983064993e+00,3.341473913239313420e-01,5.511861076438082652e-01
1.878333333333333499e+01,1.212433333333333071e-02,8.465160462251042350e-02,1.538248542997121826e-01,1.649575234377148369e+00,3.338120641471338801e-01,5.506481139534280533e-01
1.880000000000000071e+01,1.212399999999999763e-02,8.456351852674703906e-02,1.536648121162907388e-01,1.649620587264929439e+00,3.334777281327830356e-01,5.501117257221760370e-01
1.881666666666666643e+01,1.212366666666666454e-02,8.447573931619882515e-02,1.535050631193996262e-01,1.649665942646614480e+00,3.331443793828626210e-01,5.495769366520514287e-01
1.883333333333333215e+01,1.212333333333333145e-02,8.438826573025259847e-02,1.533456067464255834e-01,1.649711300522408886e+00,3.328120149267899119e-01,5.490437419743579017e-01
1.885000000000000142e+01,1.212300000000000010e-02,8.430109654073367209e-02,1.531864424358284904e-01,1.649756660892518267e+00,3.324806320624810740e-01,5.485121373628327746e-01
1.886666666666666714e+01,1.212266666666666701e-02,8.421423050622800499e-02,1.530275696274263353e-01,1.649802023757149128e+00,3.321502279143429548e-01,5.479821182044812833e-01
1.888333333333333286e+01,1.212233333333333392e-02,8.412766626737468167e-02,1.528689877620180715e-01,1.649847389116506635e+00,3.318207984155265855e-01,5.474536779204112191e-01
1.889999999999999858e+01,1.212199999999999910e-02,8.404140261727843786e-02,1.527106962812550817e-01,1.649892756970797070e+00,3.314923409318273340e-01,5.469268122947159583e-01
1.891666666666666785e+01,1.212166666666666601e-02,8.395543830547161357e-02,1.525526946280089946e-01,1.649938127320225600e+00,3.311648523603094585e-01,5.464015163376479967e-01
1.893333333333333357e+01,1.212133333333333118e-02,8.386977208581462839e-02,1.523949822462368764e-01,1.649983500164998729e+00,3.308383295940364177e-01,5.458777850523096609e-01
1.894999999999999929e+01,1.212099999999999810e-02,8.378440271412448959e-02,1.522375585808582177e-01,1.650028875505321624e+00,3.305127694994018928e-01,5.453556133972476960e-01
1.896666666666666501e+01,1.212066666666666501e-02,8.369932895589266009e-02,1.520804230779178035e-01,1.650074253341400565e+00,3.301881689911521645e-01,5.448349964102395804e-01
1.898333333333333428e+01,1.212033333333333192e-02,8.361454958000022475e-02,1.519235751846415017e-01,1.650119633673441610e+00,3.298645249710799310e-01,5.443159291071422157e-01
1.900000000000000000e+01,1.211999999999999883e-02,8.353006337062304776e-02,1.517670143492771961e-01,1.650165016501650372e+00,3.295418344455716131e-01,5.437984066758607682e-01
1.901666666666666572e+01,1.211966666666666574e-02,8.344586912237218768e-02,1.516107400211528511e-01,1.650210401826232909e+00,3.292200944785577121e-01,5.432824243987310897e-01
1.903333333333333499e+01,1.211933333333333265e-02,8.336196562110370634e-02,1.514547516502501856e-01,1.650255789647395499e+00,3.288993020043585735e-01,5.427679773436799859e-01
1.905000000000000071e+01,1.211899999999999956e-02,8.327835166525079935e-02,1.512990486877690277e-01,1.650301179965343756e+00,3.285794540355685966e-01,5.422550607072672557e-01
1.906666666666666643e+01,1.211866666666666474e-02,8.319502604837955562e-02,1.511436305863196605e-01,1.650346572780284182e+00,3.282605474907366316e-01,5.417436695303169403e-01
1.908333333333333215e+01,1.211833333333333165e-02,8.311198757910805146e-02,1.509884967993725680e-01,1.650391968092422168e+00,3.279425793928109623e-01,5.412337990254066922e-01
1.910000000000000142e+01,1.211799999999999856e-02,8.302923507418917548e-02,1.508336467814598847e-01,1.650437365901964215e+00,3.276255468008444360e-01,5.407254444641763635e-01
1.911666666666666714e+01,1.211766666666666548e-02,8.294676735351926011e-02,1.506790799877579523e-01,1.650482766209116381e+00,3.273094467622078563e-01,5.402186010984643127e-01
1.913333333333333286e+01,1.211733333333333239e-02,8.286458324289548705e-02,1.505247958746397663e-01,1.650528169014084723e+00,3.269942763382743811e-01,5.397132642026977178e-01
1.914999999999999858e+01,1.211699999999999930e-02,8.278268155090744151e-02,1.503707938998630478e-01,1.650573574317075298e+00,3.266800323738590639e-01,5.392094286933384328e-01
1.916666666666666785e+01,1.211666666666666621e-02,8.270106111025342377e-02,1.502170735220318964e-01,1.650618982118294387e+00,3.263667119096941849e-01,5.387070898096740779e-01
1.918333333333333357e+01,1.211633333333333312e-02,8.261972076339280102e-02,1.500636342007937996e-01,1.650664392417948267e+00,3.260543120400704598e-01,5.382062428788749742e-01
1.919999999999999929e+01,1.211599999999999830e-02,8.253865935219291405e-02,1.499104753965487258e-01,1.650709805216243220e+00,3.257428298107313269e-01,5.377068831474601796e-01
1.921666666666666501e+01,1.211566666666666695e-02,8.245787572364844664e-02,1.497575965708342061e-01,1.650755220513384858e+00,3.254322622747155558e-01,5.372090058734677598e-01
1.923333333333333428e+01,1.211533333333333386e-02,8.237736872364224971e-02,1.496049971864564510e-01,1.650800638309580126e+00,3.251226064295023588e-01,5.367126062226968974e-01
1.925000000000000000e+01,1.211500000000000077e-02,8.229713720810051536e-02,1.494526767071150952e-01,1.650846058605035083e+00,3.248138593301181931e-01,5.362176794554158743e-01
1.926666666666666572e+01,1.211466666666666768e-02,8.221718003911909767e-02,1.493006345975404492e-01,1.650891481399955785e+00,3.245060180502705727e-01,5.357242208622119417e-01
1.928333333333333499e+01,1.211433333333333459e-02,8.213749608216810993e-02,1.491488703232600466e-01,1.650936906694548956e+00,3.241990796552108312e-01,5.352322257191934884e-01
1.930000000000000071e+01,1.211400000000000150e-02,8.205808420763614774e-02,1.489973833509076195e-01,1.650982334489020875e+00,3.238930412163988914e-01,5.347416893121988979e-01
1.931666666666666643e+01,1.211366666666666495e-02,8.197894329431110183e-02,1.488461731483286810e-01,1.651027764783578045e+00,3.235878998465647194e-01,5.342526069946860190e-01
1.933333333333333215e+01,1.211333333333333186e-02,8.190007222315673352e-02,1.486952391842788768e-01,1.651073197578426299e+00,3.232836526381102638e-01,5.337649740860379577e-01
1.935000000000000142e+01,1.211299999999999877e-02,8.182146987947387651e-02,1.485445809285345642e-01,1.651118632873772141e+00,3.229802966846641032e-01,5.332787859071479453e-01
1.936666666666666714e+01,1.211266666666666741e-02,8.174313515445982836e-02,1.483941978516399585e-01,1.651164070669822070e+00,3.226778290979122610e-01,5.327940378082099970e-01
1.938333333333333286e+01,1.211233333333333433e-02,8.166506694434692848e-02,1.482440894252417263e-01,1.651209510966783034e+00,3.223762469980122614e-01,5.323107251528946815e-01
1.939999999999999858e+01,1.211200000000000124e-02,8.158726415004509402e-02,1.480942551222025338e-01,1.651254953764861089e+00,3.220755475097871745e-01,5.318288433120659242e-01
1.941666666666666785e+01,1.211166666666666815e-02,8.150972567772551969e-02,1.479446944162754185e-01,1.651300399064262958e+00,3.217757277699365148e-01,5.313483876756898150e-01
1.943333333333333357e+01,1.211133333333333506e-02,8.143245043864524857e-02,1.477954067822229711e-01,1.651345846865194922e+00,3.214767849250832477e-01,5.308693536496117416e-01
1.944999999999999929e+01,1.211100000000000024e-02,8.135543734897829338e-02,1.476463916955414457e-01,1.651391297167863925e+00,3.211787161311703276e-01,5.303917366545625178e-01
1.946666666666666501e+01,1.211066666666666715e-02,8.127868532989691863e-02,1.474976486328260505e-01,1.651436749972476026e+00,3.208815185533016034e-01,5.299155321258971485e-01
1.948333333333333428e+01,1.211033333333333406e-02,8.120219330481430464e-02,1.473491770718949878e-01,1.651482205279237947e+00,3.205851893372249628e-01,5.294407354665022769e-01
1.950000000000000000e+01,1.211000000000000097e-02,8.112596020387988216e-02,1.472009764914339047e-01,1.651527663088356634e+00,3.202897256567441842e-01,5.289673421250935537e-01
1.951666666666666572e+01,1.210966666666666788e-02,8.104998496262449947e-02,1.470530463711259006e-01,1.651573123400038368e+00,3.199951246996855514e-01,5.284953475730443939e-01
1.953333333333333499e+01,1.210933333333333480e-02,8.097426652065593811e-02,1.469053861913803549e-01,1.651618586214490092e+00,3.197013836555793742e-01,5.280247472840442491e-01
1.955000000000000071e+01,1.210900000000000171e-02,8.089880382228267774e-02,1.467579954336918902e-01,1.651664051531918309e+00,3.194084997210702159e-01,5.275555367430344589e-01
1.956666666666666643e+01,1.210866666666666688e-02,8.082359581667683535e-02,1.466108735807628849e-01,1.651709519352529965e+00,3.191164701013935456e-01,5.270877114486487436e-01
1.958333333333333215e+01,1.210833333333333380e-02,8.074864145754188927e-02,1.464640201161532540e-01,1.651754989676531338e+00,3.188252920082971786e-01,5.266212669097819488e-01
1.960000000000000142e+01,1.210800000000000071e-02,8.067393970317994489e-02,1.463174345244087071e-01,1.651800462504129374e+00,3.185349626605010753e-01,5.261561986463512142e-01
1.961666666666666714e+01,1.210766666666666762e-02,8.059948951655543370e-02,1.461711162908513328e-01,1.651845937835531020e+00,3.182454792852443259e-01,5.256925021918524843e-01
1.963333333333333286e+01,1.210733333333333453e-02,8.052528986522725085e-02,1.460250649018193236e-01,1.651891415670942997e+00,3.179568391169840247e-01,5.252301730912130040e-01
1.964999999999999858e+01,1.210700000000000144e-02,8.045133972271036049e-02,1.458792798447868799e-01,1.651936896010572253e+00,3.176690394113904636e-01,5.247692069239124901e-01
1.966666666666666785e+01,1.210666666666666835e-02,8.037763806619006857e-02,1.457337606080942871e-01,1.651982378854625289e+00,3.173820774226689956e-01,5.243095992665235405e-01
1.968333333333333357e+01,1.210633333333333526e-02,8.030418387717831730e-02,1.455885066810396755e-01,1.652027864203309271e+00,3.170959504102438542e-01,5.238513457037535792e-01
1.969999999999999929e+01,1.210600000000000044e-02,8.023097614214462492e-02,1.454435175538948688e-01,1.652073352056831368e+00,3.168106556454909351e-01,5.233944418395687359e-01
1.971666666666666501e+01,1.210566666666666735e-02,8.015801385217742603e-02,1.452987927178825411e-01,1.652118842415397637e+00,3.165261904084862299e-01,5.229388832918240304e-01
1.973333333333333428e+01,1.210533333333333253e-02,8.008529600283076366e-02,1.451543316651636162e-01,1.652164335279215912e+00,3.162425519866372547e-01,5.224846656900054009e-01
1.975000000000000000e+01,1.210499999999999944e-02,8.001282159434190688e-02,1.450101338888583058e-01,1.652209830648492472e+00,3.159597376770931776e-01,5.220317846792121852e-01
1.976666666666666572e+01,1.210466666666666635e-02,7.994058963154979103e-02,1.448661988830360625e-01,1.652255328523434486e+00,3.156777447861259800e-01,5.215802359191374915e-01
1.978333333333333499e+01,1.210433333333333326e-02,7.986859912381603921e-02,1.447225261426948739e-01,1.652300828904249119e+00,3.153965706285680737e-01,5.211300150831406075e-01
1.980000000000000071e+01,1.210400000000000018e-02,7.979684908504462715e-02,1.445791151637806637e-01,1.652346331791143541e+00,3.151162125281530280e-01,5.206811178588119926e-01
1.981666666666666643e+01,1.210366666666666535e-02,7.972533853299790252e-02,1.444359654431957574e-01,1.652391837184324475e+00,3.148366678104446703e-01,5.202335399362915114e-01
1.983333333333333215e+01,1.210333333333333226e-02,7.965406649037780340e-02,1.442930764787730413e-01,1.652437345083999087e+00,3.145579338145347292e-01,5.197872770275980825e-01
1.985000000000000142e+01,1.210300000000000091e-02,7.958303198448332672e-02,1.441504477692819031e-01,1.652482855490374103e+00,3.142800078896187399e-01,5.193423248609744247e-01
1.986666666666666714e+01,1.210266666666666782e-02,7.951223404688016749e-02,1.440080788144375012e-01,1.652528368403657577e+00,3.140028873916587693e-01,5.188986791753752437e-01
1.988333333333333286e+01,1.210233333333333473e-02,7.944167171353963552e-02,1.438659691148854447e-01,1.652573883824055789e+00,3.137265696850957686e-01,5.184563357232969683e-01
1.989999999999999858e+01,1.210199999999999991e-02,7.937134402469257777e-02,1.437241181721932992e-01,1.652619401751776573e+00,3.134510521415137529e-01,5.180152902685734029e-01
1.991666666666666785e+01,1.210166666666666682e-02,7.930125002501806075e-02,1.435825254888627167e-01,1.652664922187026653e+00,3.131763321417982415e-01,5.175755385899434291e-01
1.993333333333333357e+01,1.210133333333333373e-02,7.923138876356200511e-02,1.434411905683224409e-01,1.652710445130013195e+00,3.129024070754886089e-01,5.171370764799834152e-01
1.994999999999999929e+01,1.210099999999999891e-02,7.916175929365810993e-02,1.433001129149452380e-01,1.652755970580943812e+00,3.126292743400674867e-01,5.166998997439343766e-01
1.996666666666666501e+01,1.210066666666666582e-02,7.909236067293784478e-02,1.431592920340239994e-01,1.652801498540025449e+00,3.123569313413365744e-01,5.162640042003249219e-01
1.998333333333333428e+01,1.210033333333333273e-02,7.902319196345961028e-02,1.430187274317585022e-01,1.652847029007465496e+00,3.120853754950398962e-01,5.158293856836559943e-01
2.000000000000000000e+01,1.209999999999999964e-02,7.895425223144518501e-02,1.428784186152780855e-01,1.652892561983471120e+00,3.118146042241519145e-01,5.153960400399205666e-01
2.001666666666666572e+01,1.209966666666666656e-02,7.888554054733289134e-02,1.427383650926312419e-01,1.652938097468249934e+00,3.115446149596674541e-01,5.149639631279111507e-01
2.003333333333333499e+01,1.209933333333333347e-02,7.881705598582813832e-02,1.425985663727860620e-01,1.652983635462008882e+00,3.112754051413323397e-01,5.145331508204292748e-01
2.005000000000000071e+01,1.209900000000000038e-02,7.874879762584950649e-02,1.424590219656256262e-01,1.653029175964955799e+00,3.110069722172679185e-01,5.141035990036663117e-01
2.006666666666666643e+01,1.209866666666666556e-02,7.868076455061896735e-02,1.423197313819445087e-01,1.653074718977297852e+00,3.107393136451480631e-01,5.136753035791515876e-01
2.008333333333333215e+01,1.209833333333333247e-02,7.861295584746506859e-02,1.421806941334502750e-01,1.653120264499242431e+00,3.104724268902561701e-01,5.132482604605419496e-01
2.010000000000000142e+01,1.209799999999999938e-02,7.854537060785762859e-02,1.420419097327603741e-01,1.653165812530996925e+00,3.102063094260543719e-01,5.128224655745650118e-01
2.011666666666666714e+01,1.209766666666666629e-02,7.847800792744048792e-02,1.419033776933933400e-01,1.653211363072768947e+00,3.099409587347548567e-01,5.123979148619649537e-01
2.013333333333333286e+01,1.209733333333333320e-02,7.841086690598797482e-02,1.417650975297748972e-01,1.653256916124765885e+00,3.096763723070141694e-01,5.119746042769991456e-01
2.014999999999999858e+01,1.209700000000000011e-02,7.834394664735697122e-02,1.416270687572400711e-01,1.653302471687195130e+00,3.094125476415895415e-01,5.115525297868720456e-01
2.016666666666666785e+01,1.209666666666666529e-02,7.827724625951797133e-02,1.414892908920223347e-01,1.653348029760264737e+00,3.091494822458986658e-01,5.111316873726624577e-01
2.018333333333333357e+01,1.209633333333333220e-02,7.821076485452245486e-02,1.413517634512548582e-01,1.653393590344181652e+00,3.088871736358455578e-01,5.107120730290373167e-01
2.019999999999999929e+01,1.209599999999999911e-02,7.814450154847080166e-02,1.412144859529733953e-01,1.653439153439153486e+00,3.086256193356442523e-01,5.102936827639620310e-01
2.021666666666666501e+01,1.209566666666666603e-02,7.807845546150130045e-02,1.410774579161088171e-01,1.653484719045388296e+00,3.083648168779075105e-01,5.098765125988494740e-01
2.023333333333333428e+01,1.209533333333333294e-02,7.801262571766545695e-02,1.409406788604821714e-01,1.653530287163093249e+00,3.081047638024760338e-01,5.094605585666251990e-01
2.025000000000000000e+01,1.209499999999999985e-02,7.794701144508371649e-02,1.408041483068092348e-01,1.653575857792476178e+00,3.078454576582925761e-01,5.090458167148285140e-01
2.026666666666666572e+01,1.209466666666666676e-02,7.788161177587508976e-02,1.406678657766963214e-01,1.653621430933744918e+00,3.075868960028280696e-01,5.086322831046655724e-01
2.028333333333333499e+01,1.209433333333333194e-02,7.781642584608865210e-02,1.405318307926462507e-01,1.653667006587107080e+00,3.073290764014884879e-01,5.082199538100298231e-01
2.030000000000000071e+01,1.209399999999999885e-02,7.775145279570967738e-02,1.403960428780475223e-01,1.653712584752770054e+00,3.070719964278978975e-01,5.078088249179724123e-01
2.031666666666666643e+01,1.209366666666666576e-02,7.768669176869003046e-02,1.402605015571679048e-01,1.653758165430941895e+00,3.068156536644371379e-01,5.073988925295948027e-01
2.033333333333333215e+01,1.209333333333333267e-02,7.762214191284844134e-02,1.401252063551626792e-01,1.653803748621830438e+00,3.065600457012930824e-01,5.069901527584781409e-01
2.035000000000000142e+01,1.209299999999999958e-02,7.755780237987575099e-02,1.399901567980692541e-01,1.653849334325643072e+00,3.063051701367114354e-01,5.065826017311030327e-01
2.036666666666666714e+01,1.209266666666666823e-02,7.749367232533931060e-02,1.398553524128078873e-01,1.653894922542587631e+00,3.060510245772209426e-01,5.061762355872224672e-01
2.038333333333333286e+01,1.209233333333333514e-02,7.742975090865267251e-02,1.397207927271769401e-01,1.653940513272872392e+00,3.057976066374904489e-01,5.057710504796268935e-01
2.039999999999999858e+01,1.209200000000000032e-02,7.736603729316882117e-02,1.395864772698498235e-01,1.653986106516705190e+00,3.055449139415573612e-01,5.053670425761782603e-01
2.041666666666666785e+01,1.209166666666666723e-02,7.730253064597898682e-02,1.394524055703762200e-01,1.654031702274293636e+00,3.052929441207608008e-01,5.049642080563927493e-01
2.043333333333333357e+01,1.209133333333333414e-02,7.723923013794889436e-02,1.393185771591792521e-01,1.654077300545845342e+00,3.050416948143268026e-01,5.045625431124112215e-01
2.044999999999999929e+01,1.209100000000000105e-02,7.717613494375301364e-02,1.391849915675600347e-01,1.654122901331568807e+00,3.047911636699112692e-01,5.041620439498987194e-01
2.046666666666666501e+01,1.209066666666666796e-02,7.711324424183048365e-02,1.390516483276886539e-01,1.654168504631671643e+00,3.045413483433133117e-01,5.037627067875716236e-01
2.048333333333333428e+01,1.209033333333333488e-02,7.705055721431858240e-02,1.389185469725986721e-01,1.654214110446361907e+00,3.042922464979211927e-01,5.033645278562838277e-01
2.050000000000000000e+01,1.209000000000000005e-02,7.698807304711480226e-02,1.387856870361936779e-01,1.654259718775847876e+00,3.040438558055594820e-01,5.029675034004292833e-01
2.051666666666666572e+01,1.208966666666666696e-02,7.692579092983514721e-02,1.386530680532425397e-01,1.654305329620336940e+00,3.037961739462111677e-01,5.025716296774840330e-01
2.053333333333333499e+01,1.208933333333333388e-02,7.686371005577340154e-02,1.385206895593814602e-01,1.654350942980037376e+00,3.035491986077245574e-01,5.021769029575238186e-01
2.055000000000000071e+01,1.208900000000000079e-02,7.680182962189444074e-02,1.383885510911080918e-01,1.654396558855157462e+00,3.033029274859291857e-01,5.017833195234165933e-01
2.056666666666666643e+01,1.208866666666666596e-02,7.674014882882833344e-02,1.382566521857775677e-01,1.654442177245905476e+00,3.030573582847539971e-01,5.013908756710208081e-01
2.058333333333333215e+01,1.208833333333333288e-02,7.667866688083244120e-02,1.381249923816057490e-01,1.654487798152488809e+00,3.028124887159584500e-01,5.009995677087414334e-01
2.060000000000000142e+01,1.208799999999999979e-02,7.661738298577921991e-02,1.379935712176656171e-01,1.654533421575115959e+00,3.025683164991760377e-01,5.006093919576043438e-01
2.061666666666666714e+01,1.208766666666666670e-02,7.655629635514391018e-02,1.378623882338835260e-01,1.654579047513994983e+00,3.023248393619565322e-01,5.002203447513275947e-01
2.063333333333333286e+01,1.208733333333333361e-02,7.649540620398363744e-02,1.377314429710399524e-01,1.654624675969334380e+00,3.020820550396944859e-01,4.998324224362051260e-01
2.064999999999999858e+01,1.208700000000000052e-02,7.643471175107385829e-02,1.376007349707693839e-01,1.654670306941341984e+00,3.018399612773559615e-01,4.994456213739653649e-01
2.066666666666666785e+01,1.208666666666666743e-02,7.637421221863816001e-02,1.374702637755555179e-01,1.654715940430226073e+00,3.015985558265868449e-01,4.990599379369887179e-01
2.068333333333333357e+01,1.208633333333333434e-02,7.631390683240606154e-02,1.373400289287306231e-01,1.654761576436195147e+00,3.013578364465359094e-01,4.986753685096708133e-01
2.069999999999999929e+01,1.208599999999999952e-02,7.625379482166801115e-02,1.372100299744800911e-01,1.654807214959457262e+00,3.011178009046341919e-01,4.982919094897140244e-01
2.071666666666666501e+01,1.208566666666666643e-02,7.619387541922220675e-02,1.370802664578336383e-01,1.654852856000220696e+00,3.008784469761849323e-01,4.979095572874506215e-01
2.073333333333333428e+01,1.208533333333333334e-02,7.613414786131321443e-02,1.369507379246598655e-01,1.654898499558693725e+00,3.006397724438429342e-01,4.975283083249827931e-01
2.075000000000000000e+01,1.208500000000000026e-02,7.607461138768814579e-02,1.368214439216726974e-01,1.654944145635084851e+00,3.004017750984013801e-01,4.971481590374867698e-01
2.076666666666666572e+01,1.208466666666666717e-02,7.601526524155796660e-02,1.366923839964270804e-01,1.654989794229602129e+00,3.001644527385283756e-01,4.967691058727782272e-01
2.078333333333333499e+01,1.208433333333333408e-02,7.595610866955965212e-02,1.365635576973246446e-01,1.655035445342454281e+00,2.999278031704753489e-01,4.963911452908316146e-01
2.080000000000000071e+01,1.208400000000000099e-02,7.589714092174958127e-02,1.364349645736036842e-01,1.655081098973849585e+00,2.996918242081980099e-01,4.960142737639821053e-01
2.081666666666666643e+01,1.208366666666666617e-02,7.583836125150113239e-02,1.363066041753329960e-01,1.655126755123996762e+00,2.994565136723547072e-01,4.956384877752691986e-01
2.083333333333333215e+01,1.208333333333333308e-02,7.577976891562683559e-02,1.361784760534200112e-01,1.655172413793103425e+00,2.992218693918505812e-01,4.952637838209940635e-01
2.085000000000000142e+01,1.208299999999999999e-02,7.572136317431946151e-02,1.360505797596059385e-01,1.655218074981378740e+00,2.989878892033365210e-01,4.948901584098924222e-01
2.086666666666666714e+01,1.208266666666666690e-02,7.566314329109452563e-02,1.359229148464602965e-01,1.655263738689031205e+00,2.987545709507210545e-01,4.945176080623279735e-01
2.088333333333333286e+01,1.208233333333333381e-02,7.560510853279266141e-02,1.357954808673837721e-01,1.655309404916268878e+00,2.985219124853463746e-01,4.941461293105852137e-01
2.089999999999999858e+01,1.208200000000000073e-02,7.554725816992007015e-02,1.356682773766088868e-01,1.655355073663300702e+00,2.982899116701188125e-01,4.937757187057089658e-01
2.091666666666666785e+01,1.208166666666666764e-02,7.548959147604560049e-02,1.355413039291934463e-01,1.655400744930335177e+00,2.980585663726734169e-01,4.934063728061913179e-01
2.093333333333333357e+01,1.208133333333333455e-02,7.543210772795873320e-02,1.354145600810207350e-01,1.655446418717580803e+00,2.978278744673608092e-01,4.930380881812616578e-01
2.094999999999999929e+01,1.208099999999999972e-02,7.537480620582120983e-02,1.352880453888012369e-01,1.655492095025246302e+00,2.975978338371714216e-01,4.926708614140740683e-01
2.096666666666666501e+01,1.208066666666666664e-02,7.531768619306764001e-02,1.351617594100672781e-01,1.655537773853540173e+00,2.973684423727536719e-01,4.923046891000833480e-01
2.098333333333333428e+01,1.208033333333333355e-02,7.526074697611694064e-02,1.350357017031692530e-01,1.655583455202670917e+00,2.971396979691926510e-01,4.919395678417140538e-01
2.100000000000000000e+01,1.208000000000000046e-02,7.520398784480437915e-02,1.349098718272786213e-01,1.655629139072847700e+00,2.969115985312218986e-01,4.915754942569899311e-01
2.101666666666666572e+01,1.207966666666666737e-02,7.514740809223226237e-02,1.347842693423848270e-01,1.655674825464278799e+00,2.966841419716459427e-01,4.912124649769242235e-01
2.103333333333333499e+01,1.207933333333333428e-02,7.509100701462577410e-02,1.346588938093041254e-01,1.655720514377172936e+00,2.964573262097674466e-01,4.908504766429175326e-01
2.105000000000000071e+01,1.207900000000000119e-02,7.503478391138033998e-02,1.345337447896661209e-01,1.655766205811739278e+00,2.962311491721429380e-01,4.904895259080104819e-01
2.106666666666666643e+01,1.207866666666666637e-02,7.497873808524550820e-02,1.344088218459060513e-01,1.655811899768186324e+00,2.960056087949420878e-01,4.901296094407916470e-01
2.108333333333333215e+01,1.207833333333333328e-02,7.492286884197954522e-02,1.342841245412768336e-01,1.655857596246722796e+00,2.957807030199783860e-01,4.897707239188271999e-01
2.110000000000000142e+01,1.207800000000000019e-02,7.486717549043088449e-02,1.341596524398428747e-01,1.655903295247557638e+00,2.955564297958395703e-01,4.894128660305341882e-01
2.111666666666666714e+01,1.207766666666666711e-02,7.481165734261616129e-02,1.340354051064728824e-01,1.655948996770899351e+00,2.953327870789904108e-01,4.890560324770077960e-01
2.113333333333333286e+01,1.207733333333333402e-02,7.475631371365726308e-02,1.339113821068450005e-01,1.655994700816957321e+00,2.951097728331611991e-01,4.887002199710110406e-01
2.114999999999999858e+01,1.207700000000000093e-02,7.470114392178520135e-02,1.337875830074486960e-01,1.656040407385940050e+00,2.948873850295392618e-01,4.883454252372927407e-01
2.116666666666666785e+01,1.207666666666666784e-02,7.464614728829301049e-02,1.336640073755759328e-01,1.656086116478056702e+00,2.946656216463899303e-01,4.879916450119622939e-01
2.118333333333333357e+01,1.207633333333333475e-02,7.459132313752980803e-02,1.335406547793220877e-01,1.656131828093516001e+00,2.944444806691319805e-01,4.876388760426154656e-01
2.119999999999999929e+01,1.207599999999999993e-02,7.453667079689434150e-02,1.334175247875834247e-01,1.656177542232527333e+00,2.942239600904189567e-01,4.872871150884712788e-01
2.121666666666666501e+01,1.207566666666666684e-02,7.448218959681515705e-02,1.332946169700567896e-01,1.656223258895299200e+00,2.940040579100521301e-01,4.869363589202287956e-01
2.123333333333333428e+01,1.207533333333333375e-02,7.442787887075293096e-02,1.331719308972388882e-01,1.656268978082040544e+00,2.937847721351604657e-01,4.865866043203673774e-01
2.125000000000000000e+01,1.207500000000000066e-02,7.437373795515625496e-02,1.330494661404232337e-01,1.656314699792960532e+00,2.935661007798286426e-01,4.862378480825318983e-01
2.126666666666666572e+01,1.207466666666666757e-02,7.431976618945493329e-02,1.329272222716990637e-01,1.656360424028268552e+00,2.933480418651671084e-01,4.858900870116504844e-01
2.128333333333333499e+01,1.207433333333333449e-02,7.426596291605304379e-02,1.328051988639681324e-01,1.656406150788173104e+00,2.931305934193159657e-01,4.855433179239421193e-01
2.130000000000000071e+01,1.207400000000000140e-02,7.421232748030955062e-02,1.326833954909223678e-01,1.656451880072883798e+00,2.929137534774362006e-01,4.851975376469043755e-01
2.131666666666666643e+01,1.207366666666666657e-02,7.415885923058002094e-02,1.325618117270317420e-01,1.656497611882609577e+00,2.926975200824044610e-01,4.848527430204651600e-01
2.133333333333333215e+01,1.207333333333333349e-02,7.410555751810847525e-02,1.324404471475664202e-01,1.656543346217559387e+00,2.924818912835731033e-01,4.845089308949305784e-01
2.135000000000000142e+01,1.207300000000000040e-02,7.405242169704015498e-02,1.323193013285871300e-01,1.656589083077942393e+00,2.922668651371014836e-01,4.841660981315356049e-01
2.136666666666666714e+01,1.207266666666666731e-02,7.399945112443319373e-02,1.321983738469379166e-01,1.656634822463968204e+00,2.920524397062667643e-01,4.838242416029600035e-01
2.138333333333333286e+01,1.207233333333333422e-02,7.394664516023048695e-02,1.320776642802515832e-01,1.656680564375845544e+00,2.918386130612475315e-01,4.834833581929715574e-01
2.139999999999999858e+01,1.207200000000000113e-02,7.389400316728438056e-02,1.319571722069519393e-01,1.656726308813783799e+00,2.916253832795603351e-01,4.831434447971509338e-01
2.141666666666666785e+01,1.207166666666666804e-02,7.384152451127752592e-02,1.318368972062445577e-01,1.656772055777992358e+00,2.914127484452719852e-01,4.828044983215882269e-01
2.143333333333333357e+01,1.207133333333333496e-02,7.378920856072748724e-02,1.317168388581182181e-01,1.656817805268680388e+00,2.912007066491910656e-01,4.824665156832015911e-01
2.144999999999999929e+01,1.207100000000000013e-02,7.373705468699066901e-02,1.315969967433281707e-01,1.656863557286057498e+00,2.909892559891166797e-01,4.821294938101510774e-01
2.146666666666666501e+01,1.207066666666666704e-02,7.368506226423855721e-02,1.314773704434121504e-01,1.656909311830332410e+00,2.907783945696323924e-01,4.817934296414984607e-01
2.148333333333333428e+01,1.207033333333333396e-02,7.363323066944821305e-02,1.313579595406979827e-01,1.656955068901714956e+00,2.905681205021028446e-01,4.814583201272036317e-01
2.150000000000000000e+01,1.207000000000000087e-02,7.358156009847846568e-02,1.312387636182822670e-01,1.657000828500414080e+00,2.903584419491097024e-01,4.811241788717641743e-01
2.151666666666666572e+01,1.206965592592592652e-02,7.353005713153898393e-02,1.311197822600357332e-01,1.657048065226076172e+00,2.901494457981597108e-01,4.807915777862588058e-01
2.153333333333333499e+01,1.206929185185185403e-02,7.347873209968905361e-02,1.310010150506315252e-01,1.657098050614402629e+00,2.899412657303817586e-01,4.804611062344881223e-01
2.155000000000000071e+01,1.206891000000000214e-02,7.342759643626577126e-02,1.308824615755094511e-01,1.657150480035065154e+00,2.897340498192431113e-01,4.801329197404621829e-01
2.156666666666666643e+01,1.206851259259259131e-02,7.337664104141899957e-02,1.307641214208574709e-01,1.657205048804075043e+00,2.895276927797345023e-01,4.798067542431711519e-01
2.158333333333333215e+01,1.206810185185185243e-02,7.332586539602083120e-02,1.306459941736484442e-01,1.657261452175347483e+00,2.893221950749058080e-01,4.794825211563975564e-01
2.160000000000000142e+01,1.206768000000000077e-02,7.327526590393645956e-02,1.305280794216256424e-01,1.657319385333386297e+00,2.891175189440926552e-01,4.791600687855372964e-01
2.161666666666666714e+01,1.206724925925926027e-02,7.322483892587519638e-02,1.304103767533087710e-01,1.657378543387085568e+00,2.889136258483148700e-01,4.788392443731615544e-01
2.163333333333333286e+01,1.206681185185185141e-02,7.317458096501579246e-02,1.302928857579843391e-01,1.657438621364653919e+00,2.887104787772435954e-01,4.785198979180838030e-01
2.164999999999999858e+01,1.206637000000000161e-02,7.312448793976535077e-02,1.301756060257001357e-01,1.657499314209658570e+00,2.885080331919482877e-01,4.782018671596316994e-01
2.166666666666666785e+01,1.206592592592592612e-02,7.307455578457301704e-02,1.300585371472736396e-01,1.657560316778193821e+00,2.883062444746343767e-01,4.778849899205063756e-01
2.168333333333333357e+01,1.206548185185185064e-02,7.302478039996213033e-02,1.299416787142873009e-01,1.657621323837168870e+00,2.881050673043250021e-01,4.775691030691918693e-01
2.169999999999999929e+01,1.206503999999999910e-02,7.297515769053762591e-02,1.298250303190363331e-01,1.657682030063721390e+00,2.879044561292083970e-01,4.772540433006577931e-01
2.171666666666666501e+01,1.206460259259259198e-02,7.292568349036337993e-02,1.297085915545860002e-01,1.657742130045756657e+00,2.877043642298988124e-01,4.769396455819326364e-01
2.173333333333333428e+01,1.206417185185185148e-02,7.287635364250398540e-02,1.295923620148002608e-01,1.657801318283608438e+00,2.875047447112914489e-01,4.766257447951712800e-01
2.175000000000000000e+01,1.206374999999999982e-02,7.282716393915249220e-02,1.294763412942740444e-01,1.657859289192829877e+00,2.873055497495474175e-01,4.763121744889399212e-01
2.176666666666666572e+01,1.206333925925926094e-02,7.277811029289260603e-02,1.293605289883547893e-01,1.657915737108108356e+00,2.871067327442742845e-01,4.759987704464241909e-01
2.178333333333333499e+01,1.206294185185185011e-02,7.272918847871918946e-02,1.292449246931909324e-01,1.657970356288311908e+00,2.869082450734852241e-01,4.756853653065405974e-01
2.180000000000000071e+01,1.206255999999999995e-02,7.268039431276591966e-02,1.291295280056727335e-01,1.658022840922656505e+00,2.867100383387275464e-01,4.753717922874208246e-01
2.181666666666666643e+01,1.206219592592592572e-02,7.263172382136860727e-02,1.290143385234016338e-01,1.658072885138014207e+00,2.865120665075204243e-01,4.750578887409789841e-01
2.183333333333333215e+01,1.206185185185185138e-02,7.258317282257331637e-02,1.288993558447534826e-01,1.658120183007338877e+00,2.863142806281789299e-01,4.747434873928106369e-01
2.185000000000000142e+01,1.206152999999999913e-02,7.253473723544719143e-02,1.287845795688548067e-01,1.658164428559229409e+00,2.861166327354239258e-01,4.744284228210250975e-01
2.186666666666666714e+01,1.206123259259259291e-02,7.248641313275010212e-02,1.286700092956108155e-01,1.658205315788620293e+00,2.859190765282095814e-01,4.741125325844504634e-01
2.188333333333333286e+01,1.206096185185185320e-02,7.243819646589813588e-02,1.285556446256708452e-01,1.658242538668603716e+00,2.857215638824959769e-01,4.737956514448737888e-01
2.189999999999999858e+01,1.206071999999999873e-02,7.239008327184735803e-02,1.284414851604102070e-01,1.658275791163380086e+00,2.855240474763841574e-01,4.734776157250714101e-01
2.191666666666666785e+01,1.206050925925925867e-02,7.234206965845343951e-02,1.283275305019669910e-01,1.658304767242338995e+00,2.853264806101991069e-01,4.731582630163719827e-01
2.193333333333333357e+01,1.206033185185185173e-02,7.229415171673034268e-02,1.282137802532278548e-01,1.658329160895271714e+00,2.851288160906375602e-01,4.728374303346492558e-01
2.194999999999999929e+01,1.206019000000000015e-02,7.224632559212931793e-02,1.281002340177253007e-01,1.658348666148709016e+00,2.849310071413323486e-01,4.725149556372367776e-01
2.196666666666666501e+01,1.206008592592592611e-02,7.219858747607896254e-02,1.279868913997534718e-01,1.658362977083389200e+00,2.847330072982310334e-01,4.721906776570007902e-01
2.198333333333333428e+01,1.206002185185185184e-02,7.215093357761426240e-02,1.278737520044259390e-01,1.658371787852850554e+00,2.845347700486033360e-01,4.718644353118020551e-01
2.200000000000000000e+01,1.205999999999999954e-02,7.210336124221451704e-02,1.277608154375430849e-01,1.658374792703150913e+00,2.843362632188115025e-01,4.715360915734850833e-01
2.201666666666666572e+01,1.205999999999999954e-02,7.205587981852386303e-02,1.276480813056359853e-01,1.658374792703150913e+00,2.841376090105154906e-01,4.712066484419825674e-01
2.203333333333333499e+01,1.205999999999999954e-02,7.200852207310885766e-02,1.275355492160618331e-01,1.658374792703150913e+00,2.839392323227633574e-01,4.708776655435544800e-01
2.205000000000000071e+01,1.205999999999999954e-02,7.196129801073176957e-02,1.274232187768904456e-01,1.658374792703150913e+00,2.837412665602630502e-01,4.705493641132057481e-01
2.206666666666666643e+01,1.205999999999999954e-02,7.191420881746733718e-02,1.273110895968468659e-01,1.658374792703150913e+00,2.835437318373786320e-01,4.702217775080905771e-01
2.208333333333333215e+01,1.205999999999999954e-02,7.186725636310248300e-02,1.271991612854346532e-01,1.658374792703150913e+00,2.833466572271914896e-01,4.698949539422744293e-01
2.210000000000000142e+01,1.205999999999999954e-02,7.182044158219222374e-02,1.270874334528913907e-01,1.658374792703150913e+00,2.831500598272957969e-01,4.695689217699764439e-01
2.211666666666666714e+01,1.205999999999999954e-02,7.177376539844530778e-02,1.269759057101791655e-01,1.658374792703150913e+00,2.829539566796362426e-01,4.692437092531280829e-01
2.213333333333333286e+01,1.205999999999999954e-02,7.172722819644576642e-02,1.268645776689934779e-01,1.658374792703150913e+00,2.827583578976709533e-01,4.689193331636334339e-01
2.214999999999999858e+01,1.205999999999999954e-02,7.168082994424028465e-02,1.267534489417672106e-01,1.658374792703150913e+00,2.825632682127552364e-01,4.685958013478527806e-01
2.216666666666666785e+01,1.205999999999999954e-02,7.163457058000341493e-02,1.266425191416585549e-01,1.658374792703150913e+00,2.823686919794308192e-01,4.682731210272484401e-01
2.218333333333333357e+01,1.205999999999999954e-02,7.158845003062862256e-02,1.265317878825541476e-01,1.658374792703150913e+00,2.821746334154895952e-01,4.679512991965001367e-01
2.219999999999999929e+01,1.205999999999999954e-02,7.154246805498815087e-02,1.264212547790091457e-01,1.658374792703150913e+00,2.819810945503833377e-01,4.676303392211995646e-01
2.221666666666666501e+01,1.205999999999999954e-02,7.149662441376988808e-02,1.263109194463135077e-01,1.658374792703150913e+00,2.817880774343968775e-01,4.673102445014873374e-01
2.223333333333333428e+01,1.205999999999999954e-02,7.145091877810330616e-02,1.262007815005245503e-01,1.658374792703150913e+00,2.815955829396897259e-01,4.669910164837308697e-01
2.225000000000000000e+01,1.205999999999999954e-02,7.140535080518593813e-02,1.260908405583902880e-01,1.658374792703150913e+00,2.814036117458246777e-01,4.666726562948999568e-01
2.226666666666666572e+01,1.205999999999999954e-02,7.135992012875312651e-02,1.259810962373741905e-01,1.658374792703150913e+00,2.812121642128841414e-01,4.663551645321461492e-01
2.228333333333333499e+01,1.205999999999999954e-02,7.131462631139454111e-02,1.258715481557001747e-01,1.658374792703150913e+00,2.810212397506183235e-01,4.660385402166141167e-01
2.230000000000000071e+01,1.205999999999999954e-02,7.126946899956337900e-02,1.257621959322976490e-01,1.658374792703150913e+00,2.808308388575559977e-01,4.657227841750514186e-01
2.231666666666666643e+01,1.205999999999999954e-02,7.122444784029857701e-02,1.256530391867729524e-01,1.658374792703150913e+00,2.806409620283683015e-01,4.654078972278081205e-01
2.233333333333333215e+01,1.205999999999999954e-02,7.117956233713021441e-02,1.255440775394681407e-01,1.658374792703150913e+00,2.804516078464626694e-01,4.650938770256429211e-01
2.235000000000000142e+01,1.205999999999999954e-02,7.113481207872783540e-02,1.254353106114387828e-01,1.658374792703150913e+00,2.802627760009774871e-01,4.647807230530306422e-01
2.236666666666666714e+01,1.205999999999999954e-02,7.109019668465224595e-02,1.253267380244831308e-01,1.658374792703150913e+00,2.800744665746330853e-01,4.644684354471527166e-01
2.238333333333333286e+01,1.205999999999999954e-02,7.104571565575247549e-02,1.252183594011063994e-01,1.658374792703150913e+00,2.798866780580799851e-01,4.641570117049419464e-01
2.239999999999999858e+01,1.205999999999999954e-02,7.100136853230631928e-02,1.251101743645020026e-01,1.658374792703150913e+00,2.796994094437169620e-01,4.638464501554178665e-01
2.241666666666666785e+01,1.205999999999999954e-02,7.095715490363799227e-02,1.250021825385898844e-01,1.658374792703150913e+00,2.795126603574485946e-01,4.635367501781900157e-01
2.243333333333333357e+01,1.205999999999999954e-02,7.091307429588702971e-02,1.248943835480017112e-01,1.658374792703150913e+00,2.793264295650272344e-01,4.632279097264133116e-01
2.244999999999999929e+01,1.205999999999999954e-02,7.086912622547199281e-02,1.247867770179998531e-01,1.658374792703150913e+00,2.791407156810028489e-01,4.629199265024923071e-01
2.246666666666666501e+01,1.205999999999999954e-02,7.082531023429756989e-02,1.246793625745685336e-01,1.658374792703150913e+00,2.789555176387438773e-01,4.626127987375520112e-01
2.248333333333333428e+01,1.205999999999999954e-02,7.078162585348601876e-02,1.245721398444593481e-01,1.658374792703150913e+00,2.787708342063368594e-01,4.623065243886183562e-01
2.250000000000000000e+01,1.205999999999999954e-02,7.073807462953896064e-02,1.244651084550865011e-01,1.658374792703150913e+00,2.785866911918979949e-01,4.620011462552205406e-01
2.251666666666666572e+01,1.205996740740740772e-02,7.069467310493671164e-02,1.243582680345612784e-01,1.658379274534001580e+00,2.784033161835881010e-01,4.616982895203990966e-01
2.253333333333333499e+01,1.205987259259259231e-02,7.065146935301228059e-02,1.242516182117525680e-01,1.658392312725126772e+00,2.782213626559995046e-01,4.614001690646192255e-01
2.255000000000000071e+01,1.205971999999999947e-02,7.060846949412254159e-02,1.241451586162140436e-01,1.658413296494446021e+00,2.780409220692018901e-01,4.611067621291404794e-01
2.256666666666666643e+01,1.205951407407407361e-02,7.056567171503673463e-02,1.240388888781469162e-01,1.658441615238597011e+00,2.778619792398653310e-01,4.608178696639557703e-01
2.258333333333333215e+01,1.205925925925925915e-02,7.052307308091278204e-02,1.239328086284783720e-01,1.658476658476658594e+00,2.776845036991826832e-01,4.605332678057698637e-01
2.260000000000000142e+01,1.205896000000000051e-02,7.048066881441139575e-02,1.238269174988327198e-01,1.658517815798377315e+00,2.775084398205714953e-01,4.602526914768296784e-01
2.261666666666666714e+01,1.205862074074074038e-02,7.043845367540309266e-02,1.237212151215411754e-01,1.658564476816893007e+00,2.773337253529303825e-01,4.599758650936628945e-01
2.263333333333333286e+01,1.205824592592592663e-02,7.039642155956880865e-02,1.236157011296284969e-01,1.658616031125957013e+00,2.771602859228021742e-01,4.597024934230136139e-01
2.264999999999999858e+01,1.205784000000000022e-02,7.035456578322671350e-02,1.235103751568056712e-01,1.658671868261645477e+00,2.769880388233819102e-01,4.594322678413080840e-01
2.266666666666666785e+01,1.205740740740740731e-02,7.031287964894197828e-02,1.234052368374829456e-01,1.658731377668561047e+00,2.768169006610720073e-01,4.591648789954811960e-01
2.268333333333333357e+01,1.205695259259259230e-02,7.027135636346625025e-02,1.233002858067641233e-01,1.658793948670525875e+00,2.766467862334070493e-01,4.589000149231241554e-01
2.269999999999999929e+01,1.205647999999999963e-02,7.022998901774234193e-02,1.231955217003879027e-01,1.658858970445768577e+00,2.764776082453882511e-01,4.586373605652532826e-01
2.271666666666666501e+01,1.205599407407407370e-02,7.018877065415607408e-02,1.230909441547930194e-01,1.658925832006602263e+00,2.763092782164972561e-01,4.583765992564464709e-01
2.273333333333333428e+01,1.205549925925925893e-02,7.014769419285851737e-02,1.229865528071505537e-01,1.658993922183599867e+00,2.761417054650453506e-01,4.581174110279240264e-01
2.275000000000000000e+01,1.205499999999999974e-02,7.010675263565842308e-02,1.228823472952884632e-01,1.659062629614268092e+00,2.759747998922237877e-01,4.578594772164642501e-01
2.276666666666666572e+01,1.205450074074074056e-02,7.006593891070173052e-02,1.227783272577160772e-01,1.659131342736224646e+00,2.758084698546590108e-01,4.576024769279839477e-01
2.278333333333333499e+01,1.205400592592592579e-02,7.002524601768971013e-02,1.226744923336679921e-01,1.659199449784881875e+00,2.756426241534896127e-01,4.573460903327309368e-01
2.280000000000000071e+01,1.205351999999999986e-02,6.998466694059959914e-02,1.225708421630505446e-01,1.659266338795638118e+00,2.754771708375985395e-01,4.570899966774826795e-01
2.281666666666666643e+01,1.205304740740740718e-02,6.994419469670798417e-02,1.224673763864143616e-01,1.659331397610587455e+00,2.753120178771039650e-01,4.568338754030059623e-01
2.283333333333333215e+01,1.205259259259259218e-02,6.990382237288962630e-02,1.223640946450113842e-01,1.659394013889742503e+00,2.751470736664972105e-01,4.565774069814654834e-01
2.285000000000000142e+01,1.205215999999999926e-02,6.986354301424768654e-02,1.222609965807734539e-01,1.659453575126782487e+00,2.749822454891067691e-01,4.563202703732887611e-01
2.286666666666666714e+01,1.205175407407407286e-02,6.982334970617243286e-02,1.221580818363225407e-01,1.659509468669321919e+00,2.748174406485421883e-01,4.560621449117251425e-01
2.288333333333333286e+01,1.205137925925925911e-02,6.978323572051897683e-02,1.220553500549568238e-01,1.659561081743709421e+00,2.746525684996810601e-01,4.558027136830189452e-01
2.289999999999999858e+01,1.205104000000000071e-02,6.974319421361685478e-02,1.219528008806432667e-01,1.659607801484353162e+00,2.744875362691747700e-01,4.555416566025418112e-01
2.291666666666666785e+01,1.205074074074074034e-02,6.970321841193637125e-02,1.218504339580310653e-01,1.659649014967575553e+00,2.743222516262690536e-01,4.552786546952248270e-01
2.293333333333333357e+01,1.205048592592592588e-02,6.966330174108310846e-02,1.217482489324456935e-01,1.659684109249997430e+00,2.741566244859706125e-01,4.550133931049841762e-01
2.294999999999999929e+01,1.205028000000000002e-02,6.962343756452767096e-02,1.216462454498415946e-01,1.659712471411452617e+00,2.739905633813689012e-01,4.547455550931080448e-01
2.296666666666666501e+01,1.205012740740740718e-02,6.958361929474218832e-02,1.215444231568544309e-01,1.659733488602425755e+00,2.738239770090630798e-01,4.544748246242427125e-01
2.298333333333333428e+01,1.205003259259259350e-02,6.954384045286592098e-02,1.214427817008267713e-01,1.659746548096012519e+00,2.736567750675728550e-01,4.542008877814909806e-01
2.300000000000000000e+01,1.204999999999999995e-02,6.950409576288775482e-02,1.213413207297473206e-01,1.659751037344398439e+00,2.734888836022208447e-01,4.539234582609474877e-01
2.301666666666666572e+01,1.204999999999999995e-02,6.946439857078194613e-02,1.212400398922704042e-01,1.659751037344398439e+00,2.733204896038980980e-01,4.536439661475487606e-01
2.303333333333333499e+01,1.204999999999999995e-02,6.942479236405695031e-02,1.211389388377493159e-01,1.659751037344398439e+00,2.731522047732584668e-01,4.533646552253252637e-01
2.305000000000000071e+01,1.204999999999999995e-02,6.938528893049303314e-02,1.210380172161951012e-01,1.659751037344398439e+00,2.729841981124456196e-01,4.530858059957603712e-01
2.306666666666666643e+01,1.204999999999999995e-02,6.934589038217083001e-02,1.209372746782552688e-01,1.659751037344398439e+00,2.728165031965559817e-01,4.528074741851551566e-01
2.308333333333333215e+01,1.204999999999999995e-02,6.930659928501728406e-02,1.208367108752572000e-01,1.659751037344398439e+00,2.726491601872440551e-01,4.525297264518574059e-01
2.310000000000000142e+01,1.204999999999999995e-02,6.926741744497777464e-02,1.207363254591915791e-01,1.659751037344398439e+00,2.724821987211215046e-01,4.522526119852639526e-01
2.311666666666666714e+01,1.204999999999999995e-02,6.922834567161045838e-02,1.206361180827248830e-01,1.659751037344398439e+00,2.723156344877183388e-01,4.519761568260885487e-01
2.313333333333333286e+01,1.204999999999999995e-02,6.918938438105798339e-02,1.205360883991827975e-01,1.659751037344398439e+00,2.721494776771977708e-01,4.517003778874651987e-01
2.314999999999999858e+01,1.204999999999999995e-02,6.915053376112494099e-02,1.204362360625415018e-01,1.659751037344398439e+00,2.719837352843716971e-01,4.514252867790402024e-01
2.316666666666666785e+01,1.204999999999999995e-02,6.911179384544595405e-02,1.203365607274440446e-01,1.659751037344398439e+00,2.718184121401008291e-01,4.511508915188395807e-01
2.318333333333333357e+01,1.204999999999999995e-02,6.907316476155674068e-02,1.202370620491934605e-01,1.659751037344398439e+00,2.716535144272773095e-01,4.508772023689250341e-01
2.319999999999999929e+01,1.204999999999999995e-02,6.903464633003376927e-02,1.201377396837091521e-01,1.659751037344398439e+00,2.714890439759227725e-01,4.506042223666768543e-01
2.321666666666666501e+01,1.204999999999999995e-02,6.899623851008993003e-02,1.200385932875748796e-01,1.659751037344398439e+00,2.713250045933436327e-01,4.503319578312757754e-01
2.323333333333333428e+01,1.204999999999999995e-02,6.895794103156613342e-02,1.199396225180623249e-01,1.659751037344398439e+00,2.711613968169306887e-01,4.500604096546567678e-01
2.325000000000000000e+01,1.204999999999999995e-02,6.891975371959818686e-02,1.198408270330752340e-01,1.659751037344398439e+00,2.709982225392156274e-01,4.497895809779512977e-01
2.326666666666666572e+01,1.204999999999999995e-02,6.888167627868729825e-02,1.197422064911671247e-01,1.659751037344398439e+00,2.708354819217132503e-01,4.495194720692336499e-01
2.328333333333333499e+01,1.204999999999999995e-02,6.884370841770472149e-02,1.196437605515685704e-01,1.659751037344398439e+00,2.706731751772323280e-01,4.492500832817134526e-01
2.330000000000000071e+01,1.204999999999999995e-02,6.880584985186553870e-02,1.195454888741531579e-01,1.659751037344398439e+00,2.705113025987728737e-01,4.489814151016977561e-01
2.331666666666666643e+01,1.204999999999999995e-02,6.876810035006254707e-02,1.194473911194198767e-01,1.659751037344398439e+00,2.703498652416690962e-01,4.487134692807785985e-01
2.333333333333333215e+01,1.204999999999999995e-02,6.873045955010140262e-02,1.193494669485285348e-01,1.659751037344398439e+00,2.701888622649647465e-01,4.484462444231780420e-01
2.335000000000000142e+01,1.204999999999999995e-02,6.869292711639757298e-02,1.192517160232858808e-01,1.659751037344398439e+00,2.700282931949288256e-01,4.481797397426204865e-01
2.336666666666666714e+01,1.204999999999999995e-02,6.865550278572467302e-02,1.191541380061637567e-01,1.659751037344398439e+00,2.698681585890752577e-01,4.479139561644402967e-01
2.338333333333333286e+01,1.204999999999999995e-02,6.861818618239864942e-02,1.190567325602761295e-01,1.659751037344398439e+00,2.697084573676467034e-01,4.476488918965090824e-01
2.339999999999999858e+01,1.204999999999999995e-02,6.858097693973354281e-02,1.189594993493671010e-01,1.659751037344398439e+00,2.695491885631525752e-01,4.473845453330333455e-01
2.341666666666666785e+01,1.204999999999999995e-02,6.854387475857449952e-02,1.188624380378345557e-01,1.659751037344398439e+00,2.693903521710040438e-01,4.471209164663967894e-01
2.343333333333333357e+01,1.204999999999999995e-02,6.850687927638698937e-02,1.187655482907207793e-01,1.659751037344398439e+00,2.692319472529252078e-01,4.468580037392949622e-01
2.344999999999999929e+01,1.204999999999999995e-02,6.846999011562231174e-02,1.186688297736670922e-01,1.659751037344398439e+00,2.690739726348164162e-01,4.465958052030148395e-01
2.346666666666666501e+01,1.204999999999999995e-02,6.843320692654521198e-02,1.185722821529640314e-01,1.659751037344398439e+00,2.689164275294234074e-01,4.463343195509102412e-01
2.348333333333333428e+01,1.204999999999999995e-02,6.839652934820497632e-02,1.184759050955758314e-01,1.659751037344398439e+00,2.687593109691352455e-01,4.460735451769879956e-01
2.350000000000000000e+01,1.204999999999999995e-02,6.835995894086496771e-02,1.183796982690824284e-01,1.659751037344398439e+00,2.686026500613134527e-01,4.458135270727194288e-01
2.351666666666666572e+01,1.204996740740740813e-02,6.832351101625569467e-02,1.182836613416979876e-01,1.659755526617068933e+00,2.684466734129530852e-01,4.455558497991162770e-01
2.353333333333333499e+01,1.204987259259259272e-02,6.828722949728166514e-02,1.181877939822924134e-01,1.659768586457468720e+00,2.682920304388705102e-01,4.453026841193282737e-01
2.355000000000000071e+01,1.204971999999999988e-02,6.825111951239398733e-02,1.180920958603640242e-01,1.659789605069661445e+00,2.681388045335790782e-01,4.450540004806403660e-01
2.356666666666666643e+01,1.204951407407407402e-02,6.821517914860916743e-02,1.179965666460252027e-01,1.659817970836875434e+00,2.679869759937027474e-01,4.448095987045781463e-01
2.358333333333333215e+01,1.204925925925925956e-02,6.817940555614852849e-02,1.179012060100304016e-01,1.659853072265084606e+00,2.678365111840553259e-01,4.445692559536159050e-01
2.360000000000000142e+01,1.204896000000000092e-02,6.814379420950762711e-02,1.178060136237649297e-01,1.659894297931107765e+00,2.676873515442946827e-01,4.443327084566546792e-01
2.361666666666666714e+01,1.204862074074074078e-02,6.810834056277569049e-02,1.177109891592749702e-01,1.659941036435213846e+00,2.675394378582165444e-01,4.440996917656624410e-01
2.363333333333333286e+01,1.204824592592592704e-02,6.807303898003293219e-02,1.176161322892309152e-01,1.659992676358236663e+00,2.673926944343159584e-01,4.438699144726603318e-01
2.364999999999999858e+01,1.204784000000000063e-02,6.803788345889279221e-02,1.175214426869084228e-01,1.660048606223190060e+00,2.672470397061134650e-01,4.436430757814072146e-01
2.366666666666666785e+01,1.204740740740740772e-02,6.800286811741801385e-02,1.174269200262275381e-01,1.660108214461387011e+00,2.671023934131309119e-01,4.434188774074356854e-01
2.368333333333333357e+01,1.204695259259259271e-02,6.796798675934682954e-02,1.173325639817379834e-01,1.660170889383059567e+00,2.669586701559893416e-01,4.431970128613876847e-01
2.369999999999999929e+01,1.204648000000000004e-02,6.793323331306132251e-02,1.172383742285577624e-01,1.660236019152482756e+00,2.668157858903170143e-01,4.429771782135811242e-01
2.371666666666666501e+01,1.204599407407407410e-02,6.789860151018098366e-02,1.171443504424418830e-01,1.660302991767602876e+00,2.666736531520128572e-01,4.427590641538829974e-01
2.373333333333333428e+01,1.204549925925925934e-02,6.786408511889117923e-02,1.170504922998163999e-01,1.660371195044173298e+00,2.665321845147016755e-01,4.425423617204093385e-01
2.375000000000000000e+01,1.204500000000000015e-02,6.782967787018426287e-02,1.169567994776993941e-01,1.660440016604400215e+00,2.663912914910879226e-01,4.423267604667296404e-01
2.376666666666666572e+01,1.204450074074074097e-02,6.779537349474744345e-02,1.168632716537269245e-01,1.660508843870102558e+00,2.662508850792447701e-01,4.421119493623282826e-01
2.378333333333333499e+01,1.204400592592592620e-02,6.776116577380113248e-02,1.167699085062001013e-01,1.660577064060388963e+00,2.661108765223366146e-01,4.418976180499984419e-01
2.380000000000000071e+01,1.204352000000000027e-02,6.772704846321725425e-02,1.166767097140282428e-01,1.660644064193856906e+00,2.659711761748966286e-01,4.416834549615006877e-01
2.381666666666666643e+01,1.204304740740740759e-02,6.769301537684199732e-02,1.165836749566996067e-01,1.660709231095316429e+00,2.658316947501710437e-01,4.414691493893214136e-01
2.383333333333333215e+01,1.204259259259259258e-02,6.765906034243691913e-02,1.164908039143426610e-01,1.660771951407042923e+00,2.656923426620756423e-01,4.412543903968040859e-01
2.385000000000000142e+01,1.204215999999999967e-02,6.762517724007581499e-02,1.163980962677034353e-01,1.660831611604562719e+00,2.655530306036146260e-01,4.410388677838770199e-01
2.386666666666666714e+01,1.204175407407407326e-02,6.759135993289375199e-02,1.163055516981315318e-01,1.660887598016974165e+00,2.654136685068330670e-01,4.408222703671874076e-01
2.388333333333333286e+01,1.204137925925925952e-02,6.755760233404568826e-02,1.162131698875943225e-01,1.660939296851806413e+00,2.652741665507718505e-01,4.406042876637880079e-01
2.389999999999999858e+01,1.204104000000000112e-02,6.752389850782582192e-02,1.161209505186835134e-01,1.660986094224419007e+00,2.651344366944713982e-01,4.403846124495415237e-01
2.391666666666666785e+01,1.204074074074074074e-02,6.749024241247689182e-02,1.160288932745974083e-01,1.661027376191940963e+00,2.649943887971005219e-01,4.401629343292349783e-01
2.393333333333333357e+01,1.204048592592592629e-02,6.745662808463845361e-02,1.159369978391458778e-01,1.661062528791750426e+00,2.648539334024002101e-01,4.399389443778327635e-01
2.394999999999999929e+01,1.204028000000000043e-02,6.742304973840088089e-02,1.158452638967435444e-01,1.661090938084496260e+00,2.647129832498112401e-01,4.397123376695745156e-01
2.396666666666666501e+01,1.204012740740740758e-02,6.738950151949886502e-02,1.157536911324125867e-01,1.661111990201654010e+00,2.645714495541862665e-01,4.394828071194908370e-01
2.398333333333333428e+01,1.204003259259259391e-02,6.735597762841044611e-02,1.156622792317871240e-01,1.661125071397616448e+00,2.644292438717423255e-01,4.392500466060657027e-01
2.400000000000000000e+01,1.204000000000000035e-02,6.732247235074505232e-02,1.155710278811047653e-01,1.661129568106312293e+00,2.642862785679953586e-01,4.390137517740786421e-01
2.401666666666666572e+01,1.204000000000000035e-02,6.728900163614438823e-02,1.154799368337762755e-01,1.661129568106312293e+00,2.641427960586201773e-01,4.387754087352494503e-01
2.403333333333333499e+01,1.204000000000000035e-02,6.725560213953238331e-02,1.153890053905620855e-01,1.661129568106312293e+00,2.639993585451385072e-01,4.385371404404294071e-01
2.405000000000000071e+01,1.204000000000000035e-02,6.722228422585278806e-02,1.152982336029669264e-01,1.661129568106312293e+00,2.638561257681250050e-01,4.382992122394103185e-01
2.406666666666666643e+01,1.204000000000000035e-02,6.718905101632230426e-02,1.152076211566713387e-01,1.661129568106312293e+00,2.637131487641660721e-01,4.380617089105748874e-01
2.408333333333333215e+01,1.204000000000000035e-02,6.715590451491763868e-02,1.151171677855359482e-01,1.661129568106312293e+00,2.635704614977729121e-01,4.378246868733769448e-01
2.410000000000000142e+01,1.204000000000000035e-02,6.712284601122885108e-02,1.150268730607487827e-01,1.661129568106312293e+00,2.634280877904830453e-01,4.375881856984767948e-01
2.411666666666666714e+01,1.204000000000000035e-02,6.708987618564567212e-02,1.149367367626195624e-01,1.661129568106312293e+00,2.632860413602487459e-01,4.373522281731706540e-01
2.413333333333333286e+01,1.204000000000000035e-02,6.705699542975696037e-02,1.148467584993474039e-01,1.661129568106312293e+00,2.631443322400053297e-01,4.371168309634639870e-01
2.414999999999999858e+01,1.204000000000000035e-02,6.702420385455304386e-02,1.147569380306633774e-01,1.661129568106312293e+00,2.630029655623183360e-01,4.368820025952132036e-01
2.416666666666666785e+01,1.204000000000000035e-02,6.699150165880549124e-02,1.146672750274821823e-01,1.661129568106312293e+00,2.628619481993723084e-01,4.366477544840071667e-01
2.418333333333333357e+01,1.204000000000000035e-02,6.695888881798946202e-02,1.145777691803332998e-01,1.661129568106312293e+00,2.627212835164947080e-01,4.364140922200908657e-01
2.419999999999999929e+01,1.204000000000000035e-02,6.692636537320731382e-02,1.144884201794888201e-01,1.661129568106312293e+00,2.625809759084061779e-01,4.361810231036647445e-01
2.421666666666666501e+01,1.204000000000000035e-02,6.689393114588505773e-02,1.143992277149840781e-01,1.661129568106312293e+00,2.624410263766229767e-01,4.359485487983770224e-01
2.423333333333333428e+01,1.204000000000000035e-02,6.686158606504939705e-02,1.143101914775083439e-01,1.661129568106312293e+00,2.623014375905269313e-01,4.357166737384168265e-01
2.425000000000000000e+01,1.204000000000000035e-02,6.682932989022419279e-02,1.142213111574797296e-01,1.661129568106312293e+00,2.621622095885025594e-01,4.354853979875457637e-01
2.426666666666666572e+01,1.204000000000000035e-02,6.679716248053904626e-02,1.141325864519042721e-01,1.661129568106312293e+00,2.620233439271721365e-01,4.352547241315151694e-01
2.428333333333333499e+01,1.204000000000000035e-02,6.676508353614080127e-02,1.140440170598383957e-01,1.661129568106312293e+00,2.618848396734675954e-01,4.350246506203780394e-01
2.430000000000000071e+01,1.204000000000000035e-02,6.673309291933619825e-02,1.139556026689351603e-01,1.661129568106312293e+00,2.617466984630634208e-01,4.347951801712017228e-01
2.431666666666666643e+01,1.204000000000000035e-02,6.670119044082417625e-02,1.138673429719243985e-01,1.661129568106312293e+00,2.616089211039893669e-01,4.345663141262282037e-01
2.433333333333333215e+01,1.204000000000000035e-02,6.666937576008015454e-02,1.137792376720966475e-01,1.661129568106312293e+00,2.614715059868202851e-01,4.343380498119938093e-01
2.435000000000000142e+01,1.204000000000000035e-02,6.663764869398695889e-02,1.136912864747508245e-01,1.661129568106312293e+00,2.613344539481881057e-01,4.341103886182526850e-01
2.436666666666666714e+01,1.204000000000000035e-02,6.660600902492104514e-02,1.136034890740744846e-01,1.661129568106312293e+00,2.611977653247177233e-01,4.338833311041822571e-01
2.438333333333333286e+01,1.204000000000000035e-02,6.657445641590195584e-02,1.135158451707625887e-01,1.661129568106312293e+00,2.610614385413552174e-01,4.336568746534139596e-01
2.439999999999999858e+01,1.204000000000000035e-02,6.654299063522185753e-02,1.134283544632500029e-01,1.661129568106312293e+00,2.609254736752601445e-01,4.334310193941198208e-01
2.441666666666666785e+01,1.204000000000000035e-02,6.651161144058966024e-02,1.133410166523926704e-01,1.661129568106312293e+00,2.607898706191497662e-01,4.332057651480893390e-01
2.443333333333333357e+01,1.204000000000000035e-02,6.648031853143442083e-02,1.132538314421080022e-01,1.661129568106312293e+00,2.606546283234948969e-01,4.329811101719184263e-01
2.444999999999999929e+01,1.204000000000000035e-02,6.644911163076505645e-02,1.131667985358160849e-01,1.661129568106312293e+00,2.605197461004897796e-01,4.327570533230727379e-01
2.446666666666666501e+01,1.204000000000000035e-02,6.641799046129547024e-02,1.130799176378071702e-01,1.661129568106312293e+00,2.603852232425074020e-01,4.325335934260920445e-01
2.448333333333333428e+01,1.204000000000000035e-02,6.638695474823994025e-02,1.129931884487142130e-01,1.661129568106312293e+00,2.602510590850770078e-01,4.323107293772043280e-01
2.450000000000000000e+01,1.204000000000000035e-02,6.635600614720531254e-02,1.129066106720049145e-01,1.661129568106312293e+00,2.601172836225611462e-01,4.320885110009321517e-01
2.451666666666666572e+01,1.203996740740740853e-02,6.632515800728629174e-02,1.128201840148698176e-01,1.661134064839353552e+00,2.599841131050564247e-01,4.318684665958566482e-01
2.453333333333333499e+01,1.203987259259259313e-02,6.629445217178767114e-02,1.127339081832868656e-01,1.661147146382993656e+00,2.598522191070959386e-01,4.316527722510408172e-01
2.455000000000000071e+01,1.203972000000000028e-02,6.626389167109790479e-02,1.126477828839178297e-01,1.661168199924915267e+00,2.597216574346009055e-01,4.314413581621514560e-01
2.456666666666666643e+01,1.203951407407407442e-02,6.623347477770548386e-02,1.125618078207965000e-01,1.661196612832411601e+00,2.595924081506816306e-01,4.312340291369212153e-01
2.458333333333333215e+01,1.203925925925925997e-02,6.620319880414680946e-02,1.124759827000776230e-01,1.661231772595828327e+00,2.594644358156440456e-01,4.310305646355988562e-01
2.460000000000000142e+01,1.203896000000000133e-02,6.617305962874378555e-02,1.123903072306866452e-01,1.661273066776532081e+00,2.593376817780526089e-01,4.308307059381418225e-01
2.461666666666666714e+01,1.203862074074074119e-02,6.614305314024661320e-02,1.123047811207092267e-01,1.661319882959398919e+00,2.592120872145406429e-01,4.306341943929221650e-01
2.463333333333333286e+01,1.203824592592592745e-02,6.611317421121291893e-02,1.122194040787786867e-01,1.661371608709820480e+00,2.590875766268403435e-01,4.304407439772626187e-01
2.464999999999999858e+01,1.203784000000000104e-02,6.608341743627296760e-02,1.121341758136577132e-01,1.661427631535225435e+00,2.589640696106089157e-01,4.302500608258772452e-01
2.466666666666666785e+01,1.203740740740740812e-02,6.605377755755915958e-02,1.120490960348380499e-01,1.661487338851112217e+00,2.588414876764371098e-01,4.300618545437864260e-01
2.468333333333333357e+01,1.203695259259259312e-02,6.602424899997634544e-02,1.119641644526225555e-01,1.661550117951596572e+00,2.587197467657937899e-01,4.298758257551118511e-01
2.469999999999999929e+01,1.203648000000000044e-02,6.599482634118410129e-02,1.118793807776693322e-01,1.661615355984473741e+00,2.585987648106742309e-01,4.296916786480336481e-01
2.471666666666666501e+01,1.203599407407407451e-02,6.596550396058167842e-02,1.117947447211668360e-01,1.661682439930795230e+00,2.584784560690943089e-01,4.295091115504374724e-01
2.473333333333333428e+01,1.203549925925925974e-02,6.593627630207135604e-02,1.117102559956055507e-01,1.661750756588964872e+00,2.583587353560733990e-01,4.293278239493231174e-01
2.475000000000000000e+01,1.203500000000000056e-02,6.590713773984083201e-02,1.116259143136715398e-01,1.661819692563356821e+00,2.582395158765726229e-01,4.291475128817160423e-01
2.476666666666666572e+01,1.203450074074074137e-02,6.587808270085644680e-02,1.115417193880950397e-01,1.661888634257458364e+00,2.581207112072816945e-01,4.289678762218331887e-01
2.478333333333333499e+01,1.203400592592592661e-02,6.584910559810548680e-02,1.114576709324917037e-01,1.661956967871540236e+00,2.580022342116563561e-01,4.287886108744873859e-01
2.480000000000000071e+01,1.203352000000000067e-02,6.582020088380288736e-02,1.113737686610392769e-01,1.662024079404862409e+00,2.578839979052860998e-01,4.286094142117786165e-01
2.481666666666666643e+01,1.203304740740740800e-02,6.579136301971043321e-02,1.112900122887843513e-01,1.662089354662412921e+00,2.577659149735497812e-01,4.284299832723537649e-01
2.483333333333333215e+01,1.203259259259259299e-02,6.576258649048589977e-02,1.112064015312026199e-01,1.662152179266190632e+00,2.576478979913704448e-01,4.282500151297095603e-01
2.485000000000000142e+01,1.203216000000000008e-02,6.573386584498017160e-02,1.111229361041386060e-01,1.662211938671028344e+00,2.575298601003407351e-01,4.280692080230660834e-01
2.486666666666666714e+01,1.203175407407407367e-02,6.570519560445839402e-02,1.110396157241401310e-01,1.662268018184966056e+00,2.574117135099084352e-01,4.278872588737117622e-01
2.488333333333333286e+01,1.203137925925925993e-02,6.567657032842978693e-02,1.109564401083297513e-01,1.662319802994170370e+00,2.572933705734116727e-01,4.277038650832997724e-01
2.489999999999999858e+01,1.203104000000000152e-02,6.564798466746828154e-02,1.108734089741471168e-01,1.662366678192408687e+00,2.571747446598126041e-01,4.275187259951135910e-01
2.491666666666666785e+01,1.203074074074074115e-02,6.561943330125742657e-02,1.107905220397185087e-01,1.662408028815072436e+00,2.570557491421378571e-01,4.273315412269631519e-01
2.493333333333333357e+01,1.203048592592592669e-02,6.559091088181123741e-02,1.107077790239072296e-01,1.662443239877752443e+00,2.569362964642058489e-01,4.271420091361450844e-01
2.494999999999999929e+01,1.203028000000000083e-02,6.556241215681535284e-02,1.106251796460328563e-01,1.662471696419368428e+00,2.568163001716983196e-01,4.269498302145890434e-01
2.496666666666666501e+01,1.203012740740740799e-02,6.553393210150422477e-02,1.105427236259791390e-01,1.662492783549843312e+00,2.566956770991710157e-01,4.267547107458126154e-01
2.498333333333333428e+01,1.203003259259259432e-02,6.550546550211527874e-02,1.104604106838894262e-01,1.662505886502323893e+00,2.565743405072885563e-01,4.265563514188188687e-01
2.500000000000000000e+01,1.203000000000000076e-02,6.547700727179810165e-02,1.103782405406034534e-01,1.662510390689941664e+00,2.564522052899377291e-01,4.263544560098714853e-01
2.501666666666666572e+01,1.203000000000000076e-02,6.544857102257602144e-02,1.102962129177168793e-01,1.662510390689941664e+00,2.563294959502364079e-01,4.261504504575833741e-01
2.503333333333333499e+01,1.203000000000000076e-02,6.542019191547987500e-02,1.102143275372495235e-01,1.662510390689941664e+00,2.562067960343984430e-01,4.259464605725659658e-01
2.505000000000000071e+01,1.203000000000000076e-02,6.539187973610247062e-02,1.101325841217727780e-01,1.662510390689941664e+00,2.560842703404799248e-01,4.257427603332999411e-01
2.506666666666666643e+01,1.203000000000000076e-02,6.536363552650864550e-02,1.100509823942802251e-01,1.662510390689941664e+00,2.559619389794385858e-01,4.255393831744614386e-01
2.508333333333333215e+01,1.203000000000000076e-02,6.533546159369070516e-02,1.099695220783732802e-01,1.662510390689941664e+00,2.558398432536311828e-01,4.253363977616478331e-01
2.510000000000000142e+01,1.203000000000000076e-02,6.530735909114920856e-02,1.098882028982865050e-01,1.662510390689941664e+00,2.557180054243270995e-01,4.251338411044506826e-01
2.511666666666666714e+01,1.203000000000000076e-02,6.527932868023832158e-02,1.098070245787465954e-01,1.662510390689941664e+00,2.555964396383645920e-01,4.249317367221356334e-01
2.513333333333333286e+01,1.203000000000000076e-02,6.525137068844133470e-02,1.097259868450265047e-01,1.662510390689941664e+00,2.554751545219735021e-01,4.247300989558993600e-01
2.514999999999999858e+01,1.203000000000000076e-02,6.522348525095003624e-02,1.096450894228960943e-01,1.662510390689941664e+00,2.553541555165544374e-01,4.245289368521270590e-01
2.516666666666666785e+01,1.203000000000000076e-02,6.519567244805707373e-02,1.095643320386929659e-01,1.662510390689941664e+00,2.552334471628540102e-01,4.243282579598570137e-01
2.518333333333333357e+01,1.203000000000000076e-02,6.516793239627366452e-02,1.094837144193321482e-01,1.662510390689941664e+00,2.551130346262743820e-01,4.241280708666240185e-01
2.519999999999999929e+01,1.203000000000000076e-02,6.514026500681563414e-02,1.094032362922522789e-01,1.662510390689941664e+00,2.549929196362332173e-01,4.239283784476030048e-01
2.521666666666666501e+01,1.203000000000000076e-02,6.511267029268363871e-02,1.093228973854362268e-01,1.662510390689941664e+00,2.548731056382936289e-01,4.237291864310783196e-01
2.523333333333333428e+01,1.203000000000000076e-02,6.508514808450266420e-02,1.092426974273300183e-01,1.662510390689941664e+00,2.547535930103327351e-01,4.235304954452746573e-01
2.525000000000000000e+01,1.203000000000000076e-02,6.505769831145903626e-02,1.091626361469591466e-01,1.662510390689941664e+00,2.546343837890107653e-01,4.233323088761608566e-01
2.526666666666666572e+01,1.203000000000000076e-02,6.503032077999684746e-02,1.090827132739445177e-01,1.662510390689941664e+00,2.545154779358813624e-01,4.231346266598193240e-01
2.528333333333333499e+01,1.203000000000000076e-02,6.500301534266959835e-02,1.090029285384139374e-01,1.662510390689941664e+00,2.543968761850034510e-01,4.229374500166308004e-01
2.530000000000000071e+01,1.203000000000000076e-02,6.497578180314152185e-02,1.089232816710361956e-01,1.662510390689941664e+00,2.542785784360522827e-01,4.227407787798042604e-01
2.531666666666666643e+01,1.203000000000000076e-02,6.494862004499456221e-02,1.088437724028998577e-01,1.662510390689941664e+00,2.541605859378184840e-01,4.225446150254670852e-01
2.533333333333333215e+01,1.203000000000000076e-02,6.492152989250567219e-02,1.087644004656869723e-01,1.662510390689941664e+00,2.540428989278057381e-01,4.223489591484717032e-01
2.535000000000000142e+01,1.203000000000000076e-02,6.489451107923482898e-02,1.086851655916968723e-01,1.662510390689941664e+00,2.539255160901175423e-01,4.221538089611263644e-01
2.536666666666666714e+01,1.203000000000000076e-02,6.486756347739432160e-02,1.086060675137140857e-01,1.662510390689941664e+00,2.538084384586689057e-01,4.219591661823256512e-01
2.538333333333333286e+01,1.203000000000000076e-02,6.484068691025311748e-02,1.085271059650590592e-01,1.662510390689941664e+00,2.536916662281119006e-01,4.217650311356805903e-01
2.539999999999999858e+01,1.203000000000000076e-02,6.481388108420171879e-02,1.084482806794634241e-01,1.662510390689941664e+00,2.535751975865918606e-01,4.215714008089639919e-01
2.541666666666666785e+01,1.203000000000000076e-02,6.478714584605452242e-02,1.083695913912488401e-01,1.662510390689941664e+00,2.534590331088953374e-01,4.213782761577644642e-01
2.543333333333333357e+01,1.203000000000000076e-02,6.476048099718591244e-02,1.082910378353516556e-01,1.662510390689941664e+00,2.533431725844577098e-01,4.211856568320160865e-01
2.544999999999999929e+01,1.203000000000000076e-02,6.473388630192437876e-02,1.082126197471866696e-01,1.662510390689941664e+00,2.532276151568470524e-01,4.209935414078919691e-01
2.546666666666666501e+01,1.203000000000000076e-02,6.470736153901236742e-02,1.081343368626995344e-01,1.662510390689941664e+00,2.531123602042545939e-01,4.208019288516285372e-01
2.548333333333333428e+01,1.203000000000000076e-02,6.468090649313928964e-02,1.080561889182548030e-01,1.662510390689941664e+00,2.529974071957827308e-01,4.206108182806029827e-01
2.550000000000000000e+01,1.203000000000000076e-02,6.465452096073572019e-02,1.079781756507964263e-01,1.662510390689941664e+00,2.528827557913104762e-01,4.204202091293606780e-01
2.551666666666666572e+01,1.203000000000000076e-02,6.462820473677036159e-02,1.079002967978696104e-01,1.662510390689941664e+00,2.527684056147196379e-01,4.202301007726012005e-01
2.553333333333333499e+01,1.203000000000000076e-02,6.460195758381191700e-02,1.078225520974989693e-01,1.662510390689941664e+00,2.526543557192483802e-01,4.200404916363231211e-01
2.555000000000000071e+01,1.203000000000000076e-02,6.457577927638774584e-02,1.077449412882352520e-01,1.662510390689941664e+00,2.525406053515353300e-01,4.198513804680553685e-01
2.556666666666666643e+01,1.203000000000000076e-02,6.454966958649489828e-02,1.076674641090686474e-01,1.662510390689941664e+00,2.524271537021297585e-01,4.196627659220776851e-01
2.558333333333333215e+01,1.203000000000000076e-02,6.452362832502607504e-02,1.075901202995381972e-01,1.662510390689941664e+00,2.523140006238758781e-01,4.194746477537420470e-01
2.560000000000000142e+01,1.203000000000000076e-02,6.449765527072588711e-02,1.075129095997595929e-01,1.662510390689941664e+00,2.522011454012131337e-01,4.192870247734216127e-01
2.561666666666666714e+01,1.203000000000000076e-02,6.447175019064636803e-02,1.074358317503301269e-01,1.662510390689941664e+00,2.520885871028888947e-01,4.190998954328992165e-01
2.563333333333333286e+01,1.203000000000000076e-02,6.444591286169069899e-02,1.073588864923623321e-01,1.662510390689941664e+00,2.519763249559314189e-01,4.189132584471012555e-01
2.564999999999999858e+01,1.203000000000000076e-02,6.442014305982905753e-02,1.072820735674872572e-01,1.662510390689941664e+00,2.518643581585038316e-01,4.187271124829656244e-01
2.566666666666666785e+01,1.203000000000000076e-02,6.439444059616643290e-02,1.072053927178484578e-01,1.662510390689941664e+00,2.517526865101650246e-01,4.185414572072568840e-01
2.568333333333333357e+01,1.203000000000000076e-02,6.436880523871844895e-02,1.071288436860997478e-01,1.662510390689941664e+00,2.516413090469154512e-01,4.183562910173157512e-01
2.569999999999999929e+01,1.203000000000000076e-02,6.434323676762984667e-02,1.070524262154088635e-01,1.662510390689941664e+00,2.515302250037838028e-01,4.181716126413695389e-01
2.571666666666666501e+01,1.203000000000000076e-02,6.431773496477376229e-02,1.069761400494550069e-01,1.662510390689941664e+00,2.514194336336957880e-01,4.179874208373994260e-01
2.573333333333333428e+01,1.203000000000000076e-02,6.429229961335218568e-02,1.068999849324121648e-01,1.662510390689941664e+00,2.513089342006831761e-01,4.178037143818506549e-01
2.575000000000000000e+01,1.203000000000000076e-02,6.426693050527682027e-02,1.068239606089682603e-01,1.662510390689941664e+00,2.511987261097763380e-01,4.176204922855799029e-01
2.576666666666666572e+01,1.203000000000000076e-02,6.424162742013804495e-02,1.067480668243294406e-01,1.662510390689941664e+00,2.510888085374222700e-01,4.174377531794218332e-01
2.578333333333333499e+01,1.203000000000000076e-02,6.421639014263495759e-02,1.066723033242018698e-01,1.662510390689941664e+00,2.509791807375754691e-01,4.172554958230680899e-01
2.580000000000000071e+01,1.203000000000000076e-02,6.419121845782412017e-02,1.065966698547970160e-01,1.662510390689941664e+00,2.508698419582943706e-01,4.170737189664078803e-01
2.581666666666666643e+01,1.203000000000000076e-02,6.416611215173705085e-02,1.065211661628363005e-01,1.662510390689941664e+00,2.507607914526392978e-01,4.168924213676463708e-01
2.583333333333333215e+01,1.203000000000000076e-02,6.414107101155237800e-02,1.064457919955430626e-01,1.662510390689941664e+00,2.506520284818262168e-01,4.167116017985472709e-01
2.585000000000000142e+01,1.203000000000000076e-02,6.411609482310111352e-02,1.063705471006397979e-01,1.662510390689941664e+00,2.505435522710798835e-01,4.165312589710388202e-01
2.586666666666666714e+01,1.203000000000000076e-02,6.409118337336064397e-02,1.062954312263532652e-01,1.662510390689941664e+00,2.504353620537003167e-01,4.163513916104742973e-01
2.588333333333333286e+01,1.203000000000000076e-02,6.406633644972002661e-02,1.062204441214113504e-01,1.662510390689941664e+00,2.503274570580996117e-01,4.161719984340807588e-01
2.589999999999999858e+01,1.203000000000000076e-02,6.404155384233954640e-02,1.061455855350531136e-01,1.662510390689941664e+00,2.502198365497788068e-01,4.159930782207461042e-01
2.591666666666666785e+01,1.203000000000000076e-02,6.401683534123979447e-02,1.060708552170140095e-01,1.662510390689941664e+00,2.501124997797695704e-01,4.158146297253026424e-01
2.593333333333333357e+01,1.203000000000000076e-02,6.399218073474975677e-02,1.059962529175214746e-01,1.662510390689941664e+00,2.500054459568825105e-01,4.156366516323898308e-01
2.594999999999999929e+01,1.203000000000000076e-02,6.396758981293397539e-02,1.059217783873060009e-01,1.662510390689941664e+00,2.498986743086852036e-01,4.154591426578307378e-01
2.596666666666666501e+01,1.203000000000000076e-02,6.394306236637617435e-02,1.058474313775959463e-01,1.662510390689941664e+00,2.497921840599093557e-01,4.152821015127337034e-01
2.598333333333333428e+01,1.203000000000000076e-02,6.391859818905654134e-02,1.057732116401158412e-01,1.662510390689941664e+00,2.496859744840545792e-01,4.151055269892843791e-01
2.600000000000000000e+01,1.203000000000000076e-02,6.389419707480195609e-02,1.056991189270866383e-01,1.662510390689941664e+00,2.495800448400263272e-01,4.149294178554053247e-01
2.601666666666666572e+01,1.203000000000000076e-02,6.386985881539347654e-02,1.056251529912252962e-01,1.662510390689941664e+00,2.494743943380579032e-01,4.147537727981012168e-01
2.603333333333333499e+01,1.203000000000000076e-02,6.384558320474570392e-02,1.055513135857428231e-01,1.662510390689941664e+00,2.493690222146510704e-01,4.145785905480482980e-01
2.605000000000000071e+01,1.203000000000000076e-02,6.382137003742339998e-02,1.054776004643439846e-01,1.662510390689941664e+00,2.492639277060534064e-01,4.144038698355002048e-01
2.606666666666666643e+01,1.203000000000000076e-02,6.379721911010043101e-02,1.054040133812187974e-01,1.662510390689941664e+00,2.491591100746574083e-01,4.142296094341768598e-01
2.608333333333333215e+01,1.203000000000000076e-02,6.377313021975980489e-02,1.053305520910512855e-01,1.662510390689941664e+00,2.490545685766435702e-01,4.140558081074705576e-01
2.610000000000000142e+01,1.203000000000000076e-02,6.374910316273418864e-02,1.052572163490210350e-01,1.662510390689941664e+00,2.489503024446051149e-01,4.138824645795595725e-01
2.611666666666666714e+01,1.203000000000000076e-02,6.372513773682496330e-02,1.051840059107940900e-01,1.662510390689941664e+00,2.488463109258593764e-01,4.137095775991011526e-01
2.613333333333333286e+01,1.203000000000000076e-02,6.370123374055006171e-02,1.051109205325251178e-01,1.662510390689941664e+00,2.487425932689243113e-01,4.135371459167486163e-01
2.614999999999999858e+01,1.203000000000000076e-02,6.367739097324193187e-02,1.050379599708564649e-01,1.662510390689941664e+00,2.486391487253441224e-01,4.133651682881863687e-01
2.616666666666666785e+01,1.203000000000000076e-02,6.365360923492668910e-02,1.049651239829173244e-01,1.662510390689941664e+00,2.485359765475486649e-01,4.131936434705713035e-01
2.618333333333333357e+01,1.203000000000000076e-02,6.362988832625983415e-02,1.048924123263226815e-01,1.662510390689941664e+00,2.484330759877268202e-01,4.130225702206596905e-01
2.619999999999999929e+01,1.203000000000000076e-02,6.360622804866830626e-02,1.048198247591725363e-01,1.662510390689941664e+00,2.483304463004528395e-01,4.128519472991734052e-01
2.621666666666666501e+01,1.203000000000000076e-02,6.358262820430014839e-02,1.047473610400509458e-01,1.662510390689941664e+00,2.482280867418207304e-01,4.126817734693611350e-01
2.623333333333333428e+01,1.203000000000000076e-02,6.355908859586846538e-02,1.046750209280288280e-01,1.662510390689941664e+00,2.481259965666214873e-01,4.125120474923050229e-01
2.625000000000000000e+01,1.203000000000000076e-02,6.353560902684386724e-02,1.046028041826583960e-01,1.662510390689941664e+00,2.480241750319168714e-01,4.123427681328625805e-01
2.626666666666666572e+01,1.203000000000000076e-02,6.351218930155703990e-02,1.045307105639711326e-01,1.662510390689941664e+00,2.479226213989774719e-01,4.121739341628885556e-01
2.628333333333333499e+01,1.203000000000000076e-02,6.348882922497217640e-02,1.044587398324808708e-01,1.662510390689941664e+00,2.478213349291700507e-01,4.120055443543974016e-01
2.630000000000000071e+01,1.203000000000000076e-02,6.346552860276745422e-02,1.043868917491814624e-01,1.662510390689941664e+00,2.477203148854810744e-01,4.118375974820965291e-01
2.631666666666666643e+01,1.203000000000000076e-02,6.344228724139759634e-02,1.043151660755472915e-01,1.662510390689941664e+00,2.476195605337098149e-01,4.116700923253695521e-01
2.633333333333333215e+01,1.203000000000000076e-02,6.341910494801665521e-02,1.042435625735307209e-01,1.662510390689941664e+00,2.475190711411079103e-01,4.115030276660147646e-01
2.635000000000000142e+01,1.203000000000000076e-02,6.339598153043675410e-02,1.041720810055607044e-01,1.662510390689941664e+00,2.474188459756665737e-01,4.113364022870599213e-01
2.636666666666666714e+01,1.203000000000000076e-02,6.337291679721916704e-02,1.041007211345435085e-01,1.662510390689941664e+00,2.473188843078339694e-01,4.111702149756175095e-01
2.638333333333333286e+01,1.203000000000000076e-02,6.334991055764190027e-02,1.040294827238612274e-01,1.662510390689941664e+00,2.472191854099707042e-01,4.110044645219795290e-01
2.639999999999999858e+01,1.203000000000000076e-02,6.332696262175829816e-02,1.039583655373720050e-01,1.662510390689941664e+00,2.471197485574798958e-01,4.108391497214960442e-01
2.641666666666666785e+01,1.203000000000000076e-02,6.330407280032482320e-02,1.038873693394078979e-01,1.662510390689941664e+00,2.470205730275291944e-01,4.106742693724508286e-01
2.643333333333333357e+01,1.203000000000000076e-02,6.328124090476254515e-02,1.038164938947736815e-01,1.662510390689941664e+00,2.469216580983845388e-01,4.105098222749534731e-01
2.644999999999999929e+01,1.203000000000000076e-02,6.325846674724221186e-02,1.037457389687471282e-01,1.662510390689941664e+00,2.468230030510307760e-01,4.103458072336338414e-01
2.646666666666666501e+01,1.203000000000000076e-02,6.323575014065398181e-02,1.036751043270777717e-01,1.662510390689941664e+00,2.467246071686633457e-01,4.101822230567968575e-01
2.648333333333333428e+01,1.203000000000000076e-02,6.321309089857808650e-02,1.036045897359848950e-01,1.662510390689941664e+00,2.466264697361966740e-01,4.100190685556053816e-01
2.650000000000000000e+01,1.203000000000000076e-02,6.319049050706221360e-02,1.035341949621581825e-01,1.662510390689941664e+00,2.465286212629305695e-01,4.098563944520873803e-01
2.651666666666666572e+01,1.202996740740740894e-02,6.316796168868039907e-02,1.034639197727571375e-01,1.662514894901965690e+00,2.464313025437986082e-01,4.096957110491578624e-01
2.653333333333333499e+01,1.202987259259259353e-02,6.314553484406981720e-02,1.033937639354090693e-01,1.662527998202991908e+00,2.463350866604385458e-01,4.095389785127394044e-01
2.655000000000000071e+01,1.202972000000000069e-02,6.312321839130506651e-02,1.033237272182087052e-01,1.662549086761786477e+00,2.462401375205592047e-01,4.093863157589024415e-01
2.656666666666666643e+01,1.202951407407407483e-02,6.310100716604523374e-02,1.032538093897160947e-01,1.662577546927174854e+00,2.461463648691878670e-01,4.092374194892556827e-01
2.658333333333333215e+01,1.202925925925926037e-02,6.307889873876573739e-02,1.031840102189572617e-01,1.662612765171341378e+00,2.460537293693605965e-01,4.090920713675135212e-01
2.660000000000000142e+01,1.202896000000000173e-02,6.305689033643743779e-02,1.031143294754238299e-01,1.662654128037668988e+00,2.459621849920821945e-01,4.089500422182502648e-01
2.661666666666666714e+01,1.202862074074074160e-02,6.303497802374562198e-02,1.030447669290707191e-01,1.662701022093108882e+00,2.458716635405247264e-01,4.088110662725634170e-01
2.663333333333333286e+01,1.202824592592592785e-02,6.301315779625199509e-02,1.029753223503158815e-01,1.662752833885079662e+00,2.457820951374093399e-01,4.086748752079396585e-01
2.664999999999999858e+01,1.202784000000000145e-02,6.299142530972566545e-02,1.029059955100423002e-01,1.662808949902891742e+00,2.456934031004475161e-01,4.085411896075230032e-01
2.666666666666666785e+01,1.202740740740740680e-02,6.296977633056273504e-02,1.028367861795934785e-01,1.662868756543696591e+00,2.456055124225927366e-01,4.084097330424342198e-01
2.668333333333333357e+01,1.202695259259259353e-02,6.294820627070771279e-02,1.027676941307715530e-01,1.662931640082959239e+00,2.455183409726649502e-01,4.082802174241209614e-01
2.669999999999999929e+01,1.202647999999999912e-02,6.292671065463271984e-02,1.026987191358397083e-01,1.662996986649460274e+00,2.454318083101229286e-01,4.081523576476623894e-01
2.671666666666666501e+01,1.202599407407407318e-02,6.290528494081876199e-02,1.026298609675201506e-01,1.663064182204819108e+00,2.453458323066434743e-01,4.080258659624086959e-01
2.673333333333333428e+01,1.202549925925925842e-02,6.288392466312112128e-02,1.025611193989943437e-01,1.663132612527552734e+00,2.452603318259575227e-01,4.079004564190792381e-01
2.675000000000000000e+01,1.202500000000000097e-02,6.286262524054986311e-02,1.024924942039008302e-01,1.663201663201663072e+00,2.451752231091104128e-01,4.077758388509112319e-01
2.676666666666666572e+01,1.202450074074074005e-02,6.284138218991362768e-02,1.024239851563340659e-01,1.663270719609764692e+00,2.450904238146481562e-01,4.076517255876520585e-01
2.678333333333333499e+01,1.202400592592592528e-02,6.282019095346416671e-02,1.023555920308447109e-01,1.663339166930747570e+00,2.450058497383375833e-01,4.075278259969263295e-01
2.680000000000000071e+01,1.202351999999999935e-02,6.279904705650886376e-02,1.022873146024384505e-01,1.663406390141988433e+00,2.449214178166564670e-01,4.074038514788622112e-01
2.681666666666666643e+01,1.202304740740740667e-02,6.277794598444043361e-02,1.022191526465727474e-01,1.663471774026108241e+00,2.448370437816742573e-01,4.072795115668096377e-01
2.683333333333333215e+01,1.202259259259259166e-02,6.275688329276121746e-02,1.021511059391590204e-01,1.663534703182280472e+00,2.447526442643679356e-01,4.071545174294036173e-01
2.685000000000000142e+01,1.202216000000000048e-02,6.273585453649688226e-02,1.020831742565625755e-01,1.663594562042095548e+00,2.446681354473422554e-01,4.070285796351774676e-01
2.686666666666666714e+01,1.202175407407407408e-02,6.271485530392506558e-02,1.020153573755991777e-01,1.663650734889984717e+00,2.445834337120860458e-01,4.069014092370278335e-01
2.688333333333333286e+01,1.202137925925925860e-02,6.269388121244658107e-02,1.019476550735351761e-01,1.663702605888200958e+00,2.444984555626531775e-01,4.067727176552266011e-01
2.689999999999999858e+01,1.202104000000000020e-02,6.267292790832551530e-02,1.018800671280887804e-01,1.663749559106366904e+00,2.444131176232877678e-01,4.066422166855576115e-01
2.691666666666666785e+01,1.202074074074073982e-02,6.265199106689038622e-02,1.018125933174265363e-01,1.663790978555583111e+00,2.443273366449393580e-01,4.065096185243630145e-01
2.693333333333333357e+01,1.202048592592592537e-02,6.263106637673414301e-02,1.017452334201617292e-01,1.663826248227100901e+00,2.442410292026363228e-01,4.063746352813482066e-01
2.694999999999999929e+01,1.202027999999999951e-02,6.261014955803692605e-02,1.016779872153559250e-01,1.663854752135557780e+00,2.441541120506443563e-01,4.062369795889020918e-01
2.696666666666666501e+01,1.202012740740740840e-02,6.258923638738242423e-02,1.016108544825173043e-01,1.663875874366771868e+00,2.440665026062051601e-01,4.060963654275396295e-01
2.698333333333333428e+01,1.202003259259259299e-02,6.256832266596960845e-02,1.015438350016018010e-01,1.663888999130094248e+00,2.439781183390420660e-01,4.059525071327924062e-01
2.700000000000000000e+01,1.201999999999999943e-02,6.254740456876513310e-02,1.014769285530097709e-01,1.663893510815307897e+00,2.438888835549419820e-01,4.058051307070582037e-01
2.701666666666666572e+01,1.201999999999999943e-02,6.252649381959304864e-02,1.014101349175845351e-01,1.663893510815307897e+00,2.437990245639397313e-01,4.056556149150411517e-01
2.703333333333333499e+01,1.201999999999999943e-02,6.250562077785420945e-02,1.013434538766137399e-01,1.663893510815307897e+00,2.437091317505044041e-01,4.055060428460972033e-01
2.705000000000000071e+01,1.201999999999999943e-02,6.248479127491145257e-02,1.012768852118277191e-01,1.663893510815307897e+00,2.436193203133626695e-01,4.053566061786400554e-01
2.706666666666666643e+01,1.201999999999999943e-02,6.246400742223914143e-02,1.012104287053954138e-01,1.663893510815307897e+00,2.435296334202514679e-01,4.052073767391871639e-01
2.708333333333333215e+01,1.201999999999999943e-02,6.244327086438797997e-02,1.011440841399276896e-01,1.663893510815307897e+00,2.434401053302904516e-01,4.050584115312653166e-01
2.710000000000000142e+01,1.201999999999999943e-02,6.242258242036380356e-02,1.010778512984776834e-01,1.663893510815307897e+00,2.433507543155417063e-01,4.049097409576401518e-01
2.711666666666666714e+01,1.201999999999999943e-02,6.240194262985444135e-02,1.010117299645363065e-01,1.663893510815307897e+00,2.432615932625555033e-01,4.047613864601589118e-01
2.713333333333333286e+01,1.201999999999999943e-02,6.238135142815696282e-02,1.009457199220327034e-01,1.663893510815307897e+00,2.431726232575296409e-01,4.046133498461391698e-01
2.714999999999999858e+01,1.201999999999999943e-02,6.236080924910262363e-02,1.008798209553355835e-01,1.663893510815307897e+00,2.430838551826075000e-01,4.044656492223086541e-01
2.716666666666666785e+01,1.201999999999999943e-02,6.234031593930745158e-02,1.008140328492496685e-01,1.663893510815307897e+00,2.429952884161957205e-01,4.043182835544021914e-01
2.718333333333333357e+01,1.201999999999999943e-02,6.231987177398551347e-02,1.007483553890141936e-01,1.663893510815307897e+00,2.429069307712151127e-01,4.041712658422880744e-01
2.719999999999999929e+01,1.201999999999999943e-02,6.229947671324478908e-02,1.006827883603043927e-01,1.663893510815307897e+00,2.428187838787390085e-01,4.040245987998985489e-01
2.721666666666666501e+01,1.201999999999999943e-02,6.227913076828391764e-02,1.006173315492298048e-01,1.663893510815307897e+00,2.427308503811224372e-01,4.038782868238310342e-01
2.723333333333333428e+01,1.201999999999999943e-02,6.225883386022914440e-02,1.005519847423379520e-01,1.663893510815307897e+00,2.426431311465926666e-01,4.037323313587232732e-01
2.725000000000000000e+01,1.201999999999999943e-02,6.223858593949955359e-02,1.004867477266079140e-01,1.663893510815307897e+00,2.425556276216147833e-01,4.035867348113391095e-01
2.726666666666666572e+01,1.201999999999999943e-02,6.221838684673553638e-02,1.004216202894479965e-01,1.663893510815307897e+00,2.424683390769821201e-01,4.034414959683562674e-01
2.728333333333333499e+01,1.201999999999999943e-02,6.219823656900639458e-02,1.003566022186998807e-01,1.663893510815307897e+00,2.423812676806317845e-01,4.032966184369913276e-01
2.730000000000000071e+01,1.201999999999999943e-02,6.217813504250052636e-02,1.002916933026360424e-01,1.663893510815307897e+00,2.422944145938173699e-01,4.031521041494465774e-01
2.731666666666666643e+01,1.201999999999999943e-02,6.215808207008980540e-02,1.002268933299534093e-01,1.663893510815307897e+00,2.422077783236613602e-01,4.030079506217327245e-01
2.733333333333333215e+01,1.201999999999999943e-02,6.213807759935525282e-02,1.001622020897796200e-01,1.663893510815307897e+00,2.421213602474758531e-01,4.028641601455505428e-01
2.735000000000000142e+01,1.201999999999999943e-02,6.211812154540665570e-02,1.000976193716740098e-01,1.663893510815307897e+00,2.420351610952738153e-01,4.027207339355637905e-01
2.736666666666666714e+01,1.201999999999999943e-02,6.209821374032335056e-02,1.000331449656207544e-01,1.663893510815307897e+00,2.419491799352943007e-01,4.025776704414215090e-01
2.738333333333333286e+01,1.201999999999999943e-02,6.207835405113031058e-02,9.996877866203024432e-02,1.663893510815307897e+00,2.418634165238354172e-01,4.024349692576296711e-01
2.739999999999999858e+01,1.201999999999999943e-02,6.205854238596086869e-02,9.990452025173812700e-02,1.663893510815307897e+00,2.417778714331873802e-01,4.022926313364182938e-01
2.741666666666666785e+01,1.201999999999999943e-02,6.203877860655023641e-02,9.984036952600457149e-02,1.663893510815307897e+00,2.416925443015072172e-01,4.021506560757192039e-01
2.743333333333333357e+01,1.201999999999999943e-02,6.201906255367609089e-02,9.977632627651367159e-02,1.663893510815307897e+00,2.416074343378134814e-01,4.020090421594234575e-01
2.744999999999999929e+01,1.201999999999999943e-02,6.199939411871930456e-02,9.971239029537229404e-02,1.663893510815307897e+00,2.415225417584708489e-01,4.018677899475388560e-01
2.746666666666666501e+01,1.201999999999999943e-02,6.197977316880672050e-02,9.964856137510937073e-02,1.663893510815307897e+00,2.414378662862462777e-01,4.017268989787791678e-01
2.748333333333333428e+01,1.201999999999999943e-02,6.196019954614391534e-02,9.958483930868515521e-02,1.663893510815307897e+00,2.413534071336470577e-01,4.015863679428403610e-01
2.750000000000000000e+01,1.201999999999999943e-02,6.194067313582515139e-02,9.952122388947766407e-02,1.663893510815307897e+00,2.412691643687748799e-01,4.014461969530364049e-01
2.751666666666666572e+01,1.201999999999999943e-02,6.192119380610966450e-02,9.945771491127858299e-02,1.663893510815307897e+00,2.411851377135303121e-01,4.013063855466394991e-01
2.753333333333333499e+01,1.201999999999999943e-02,6.190176142525670444e-02,9.939431216830353633e-02,1.663893510815307897e+00,2.411013268821158018e-01,4.011669332481128114e-01
2.755000000000000071e+01,1.201999999999999943e-02,6.188237585161673188e-02,9.933101545518729925e-02,1.663893510815307897e+00,2.410177313802036869e-01,4.010278392349478915e-01
2.756666666666666643e+01,1.201999999999999943e-02,6.186303693639894075e-02,9.926782456697637314e-02,1.663893510815307897e+00,2.409343505598162405e-01,4.008891024289787941e-01
2.758333333333333215e+01,1.201999999999999943e-02,6.184374455631344580e-02,9.920473929913670164e-02,1.663893510815307897e+00,2.408511842815923842e-01,4.007507225983234500e-01
2.760000000000000142e+01,1.201999999999999943e-02,6.182449857661737047e-02,9.914175944755514169e-02,1.663893510815307897e+00,2.407682321662258929e-01,4.006126991118567626e-01
2.761666666666666714e+01,1.201999999999999943e-02,6.180529886256786593e-02,9.907888480853131730e-02,1.663893510815307897e+00,2.406854938262982524e-01,4.004750313249554883e-01
2.763333333333333286e+01,1.201999999999999943e-02,6.178614526825432912e-02,9.901611517877950686e-02,1.663893510815307897e+00,2.406029686384433819e-01,4.003377182004049795e-01
2.764999999999999858e+01,1.201999999999999943e-02,6.176703765389839063e-02,9.895345035541930345e-02,1.663893510815307897e+00,2.405206560952319050e-01,4.002007588938967242e-01
2.766666666666666785e+01,1.201999999999999943e-02,6.174797588806581194e-02,9.889089013598557909e-02,1.663893510815307897e+00,2.404385558511220877e-01,4.000641528304860195e-01
2.768333333333333357e+01,1.201999999999999943e-02,6.172895983399441511e-02,9.882843431843048310e-02,1.663893510815307897e+00,2.403566674435608785e-01,3.999278992405339017e-01
2.769999999999999929e+01,1.201999999999999943e-02,6.170998935492198051e-02,9.876608270111324195e-02,1.663893510815307897e+00,2.402749904015388793e-01,3.997919973403309402e-01
2.771666666666666501e+01,1.201999999999999943e-02,6.169106431193876333e-02,9.870383508280264340e-02,1.663893510815307897e+00,2.401935242014619776e-01,3.996564462586721933e-01
2.773333333333333428e+01,1.201999999999999943e-02,6.167218456819084649e-02,9.864169126269575760e-02,1.663893510815307897e+00,2.401122683531429491e-01,3.995212451799383668e-01
2.775000000000000000e+01,1.201999999999999943e-02,6.165334998662834465e-02,9.857965104039236037e-02,1.663893510815307897e+00,2.400312223538211553e-01,3.993863932675892903e-01
2.776666666666666572e+01,1.201999999999999943e-02,6.163456042981856065e-02,9.851771421588784161e-02,1.663893510815307897e+00,2.399503856842895022e-01,3.992518896577196830e-01
2.778333333333333499e+01,1.201999999999999943e-02,6.161581576062873100e-02,9.845588058959367506e-02,1.663893510815307897e+00,2.398697578227982630e-01,3.991177334821934819e-01
2.780000000000000071e+01,1.201999999999999943e-02,6.159711585190605354e-02,9.839414996232898059e-02,1.663893510815307897e+00,2.397893384450889287e-01,3.989839242014791010e-01
2.781666666666666643e+01,1.201999999999999943e-02,6.157846056295605136e-02,9.833252213531966379e-02,1.663893510815307897e+00,2.397091269391141977e-01,3.988504607971950500e-01
2.783333333333333215e+01,1.201999999999999943e-02,6.155984975829401074e-02,9.827099691019793026e-02,1.663893510815307897e+00,2.396291227916103050e-01,3.987173424153249712e-01
2.785000000000000142e+01,1.201999999999999943e-02,6.154128330261110502e-02,9.820957408900164720e-02,1.663893510815307897e+00,2.395493254843584774e-01,3.985845681936081575e-01
2.786666666666666714e+01,1.201999999999999943e-02,6.152276106100613290e-02,9.814825347417349688e-02,1.663893510815307897e+00,2.394697344989925036e-01,3.984521372695383201e-01
2.788333333333333286e+01,1.201999999999999943e-02,6.150428290503767714e-02,9.808703486856032439e-02,1.663893510815307897e+00,2.393903494428573087e-01,3.983200489897792407e-01
2.789999999999999858e+01,1.201999999999999943e-02,6.148584869801778513e-02,9.802591807537995583e-02,1.663893510815307897e+00,2.393111697438414787e-01,3.981883024023984974e-01
2.791666666666666785e+01,1.201999999999999943e-02,6.146745830673584071e-02,9.796490289826147169e-02,1.663893510815307897e+00,2.392321948934323927e-01,3.980568966612851867e-01
2.793333333333333357e+01,1.201999999999999943e-02,6.144911159831127623e-02,9.790398914125499064e-02,1.663893510815307897e+00,2.391534243814088800e-01,3.979258309174856789e-01
2.794999999999999929e+01,1.201999999999999943e-02,6.143080844025725767e-02,9.784317660879528200e-02,1.663893510815307897e+00,2.390748576973655837e-01,3.977951043217397564e-01
2.796666666666666501e+01,1.201999999999999943e-02,6.141254870214388206e-02,9.778246510571375616e-02,1.663893510815307897e+00,2.389964943654748486e-01,3.976647160823209015e-01
2.798333333333333428e+01,1.201999999999999943e-02,6.139433225155672275e-02,9.772185443727528231e-02,1.663893510815307897e+00,2.389183338598737938e-01,3.975346653242492478e-01
2.800000000000000000e+01,1.201999999999999943e-02,6.137615895731866195e-02,9.766134440912947745e-02,1.663893510815307897e+00,2.388403756721974858e-01,3.974049512016597507e-01
2.801666666666666572e+01,1.201999999999999943e-02,6.135802868862500620e-02,9.760093482729749470e-02,1.663893510815307897e+00,2.387626192936129210e-01,3.972755728679083775e-01
2.803333333333333499e+01,1.201999999999999943e-02,6.133994131505914049e-02,9.754062549821253258e-02,1.663893510815307897e+00,2.386850642149640767e-01,3.971465294758138032e-01
2.805000000000000071e+01,1.201999999999999943e-02,6.132189670700172179e-02,9.748041622870413925e-02,1.663893510815307897e+00,2.386077099354873554e-01,3.970178201921586991e-01
2.806666666666666643e+01,1.201999999999999943e-02,6.130389473463637717e-02,9.742030682600241742e-02,1.663893510815307897e+00,2.385305559419022281e-01,3.968894441628988967e-01
2.808333333333333215e+01,1.201999999999999943e-02,6.128593526874234754e-02,9.736029709773126595e-02,1.663893510815307897e+00,2.384536017251210616e-01,3.967614005409668687e-01
2.810000000000000142e+01,1.201999999999999943e-02,6.126801818048172033e-02,9.730038685190613157e-02,1.663893510815307897e+00,2.383768467758118903e-01,3.966336884788883577e-01
2.811666666666666714e+01,1.201999999999999943e-02,6.125014334142825367e-02,9.724057589693872738e-02,1.663893510815307897e+00,2.383002905850050424e-01,3.965063071297921238e-01
2.813333333333333286e+01,1.201999999999999943e-02,6.123231062432092642e-02,9.718086404163456260e-02,1.663893510815307897e+00,2.382239326600982809e-01,3.963792556740404205e-01
2.814999999999999858e+01,1.201999999999999943e-02,6.121451990123290970e-02,9.712125109514493926e-02,1.663893510815307897e+00,2.381477724863748369e-01,3.962525332551994350e-01
2.816666666666666785e+01,1.201999999999999943e-02,6.119677104503125353e-02,9.706173686702611325e-02,1.663893510815307897e+00,2.380718095575958815e-01,3.961261390309415709e-01
2.818333333333333357e+01,1.201999999999999943e-02,6.117906392898503354e-02,9.700232116725383824e-02,1.663893510815307897e+00,2.379960433676671372e-01,3.960000721591799278e-01
2.819999999999999929e+01,1.201999999999999943e-02,6.116139842679287064e-02,9.694300380617090762e-02,1.663893510815307897e+00,2.379204734115138720e-01,3.958743317995239153e-01
2.821666666666666501e+01,1.201999999999999943e-02,6.114377441330179352e-02,9.688378459450495972e-02,1.663893510815307897e+00,2.378450992003482978e-01,3.957489171386827098e-01
2.823333333333333428e+01,1.201999999999999943e-02,6.112619176276045535e-02,9.682466334340603109e-02,1.663893510815307897e+00,2.377699202243060972e-01,3.956238273282963736e-01
2.825000000000000000e+01,1.201999999999999943e-02,6.110865035021168651e-02,9.676563986439680465e-02,1.663893510815307897e+00,2.376949359823591068e-01,3.954990615347073746e-01
2.826666666666666572e+01,1.201999999999999943e-02,6.109115005111863395e-02,9.670671396935917596e-02,1.663893510815307897e+00,2.376201459744579636e-01,3.953746189258868227e-01
2.828333333333333499e+01,1.201999999999999943e-02,6.107369074137465603e-02,9.664788547057555357e-02,1.663893510815307897e+00,2.375455497015614703e-01,3.952504986714833191e-01
2.830000000000000071e+01,1.201999999999999943e-02,6.105627229756136615e-02,9.658915418071269132e-02,1.663893510815307897e+00,2.374711466712843277e-01,3.951266999522202172e-01
2.831666666666666643e+01,1.201999999999999943e-02,6.103889459632162034e-02,9.653051991284168631e-02,1.663893510815307897e+00,2.373969363843857761e-01,3.950032219374139397e-01
2.833333333333333215e+01,1.201999999999999943e-02,6.102155751485936752e-02,9.647198248041133350e-02,1.663893510815307897e+00,2.373229183456375679e-01,3.948800638030575128e-01
2.835000000000000142e+01,1.201999999999999943e-02,6.100426093080545120e-02,9.641354169724082601e-02,1.663893510815307897e+00,2.372490920610169363e-01,3.947572247271496360e-01
2.836666666666666714e+01,1.201999999999999943e-02,6.098700472221461194e-02,9.635519737754162650e-02,1.663893510815307897e+00,2.371754570375585736e-01,3.946347038894485459e-01
2.838333333333333286e+01,1.201999999999999943e-02,6.096978876748668924e-02,9.629694933590886297e-02,1.663893510815307897e+00,2.371020127817249357e-01,3.945125004687602965e-01
2.839999999999999858e+01,1.201999999999999943e-02,6.095261294555807258e-02,9.623879738725470145e-02,1.663893510815307897e+00,2.370287588039045323e-01,3.943906136504235493e-01
2.841666666666666785e+01,1.201999999999999943e-02,6.093547713574908736e-02,9.618074134689123811e-02,1.663893510815307897e+00,2.369556946147279297e-01,3.942690426201795884e-01
2.843333333333333357e+01,1.201999999999999943e-02,6.091838121780494136e-02,9.612278103055123257e-02,1.663893510815307897e+00,2.368828197258713297e-01,3.941477865655096946e-01
2.844999999999999929e+01,1.201999999999999943e-02,6.090132507188988908e-02,9.606491625431513859e-02,1.663893510815307897e+00,2.368101336503325438e-01,3.940268446760941123e-01
2.846666666666666501e+01,1.201999999999999943e-02,6.088430857843372956e-02,9.600714683463636157e-02,1.663893510815307897e+00,2.367376358989940754e-01,3.939062161380933458e-01
2.848333333333333428e+01,1.201999999999999943e-02,6.086733161850473028e-02,9.594947258839557624e-02,1.663893510815307897e+00,2.366653259884650418e-01,3.937859001471964437e-01
2.850000000000000000e+01,1.201999999999999943e-02,6.085039407351235108e-02,9.589189333282963079e-02,1.663893510815307897e+00,2.365932034350280710e-01,3.936658958985492229e-01
2.851666666666666572e+01,1.201999999999999943e-02,6.083349582528702754e-02,9.583440888551272852e-02,1.663893510815307897e+00,2.365212677564950405e-01,3.935462025898420202e-01
2.853333333333333499e+01,1.201999999999999943e-02,6.081663675607589664e-02,9.577701906441604685e-02,1.663893510815307897e+00,2.364495184718355680e-01,3.934268194206914648e-01
2.855000000000000071e+01,1.201999999999999943e-02,6.079981674842339923e-02,9.571972368788500551e-02,1.663893510815307897e+00,2.363779550987114009e-01,3.933077455885381490e-01
2.856666666666666643e+01,1.201999999999999943e-02,6.078303568544320135e-02,9.566252257463822573e-02,1.663893510815307897e+00,2.363065771594474729e-01,3.931889802985815141e-01
2.858333333333333215e+01,1.201999999999999943e-02,6.076629345060639148e-02,9.560541554376755791e-02,1.663893510815307897e+00,2.362353841764382456e-01,3.930705227561368531e-01
2.860000000000000142e+01,1.201999999999999943e-02,6.074958992779640882e-02,9.554840241473773477e-02,1.663893510815307897e+00,2.361643756733755595e-01,3.929523721686781768e-01
2.861666666666666714e+01,1.201999999999999943e-02,6.073292500130750976e-02,9.549148300738517781e-02,1.663893510815307897e+00,2.360935511752494664e-01,3.928345277458393792e-01
2.863333333333333286e+01,1.201999999999999943e-02,6.071629855582010710e-02,9.543465714191763649e-02,1.663893510815307897e+00,2.360229102078355012e-01,3.927169886985615865e-01
2.864999999999999858e+01,1.201999999999999943e-02,6.069971047645452561e-02,9.537792463887409533e-02,1.663893510815307897e+00,2.359524522991125195e-01,3.925997542414517705e-01
2.866666666666666785e+01,1.201999999999999943e-02,6.068316064872786297e-02,9.532128531917401226e-02,1.663893510815307897e+00,2.358821769780879984e-01,3.924828235908286445e-01
2.868333333333333357e+01,1.201999999999999943e-02,6.066664895856428014e-02,9.526473900412940621e-02,1.663893510815307897e+00,2.358120837749889398e-01,3.923661959650398545e-01
2.869999999999999929e+01,1.201999999999999943e-02,6.065017529229214943e-02,9.520828551540096163e-02,1.663893510815307897e+00,2.357421722214550208e-01,3.922498705847837219e-01
2.871666666666666501e+01,1.201999999999999943e-02,6.063373953658768994e-02,9.515192467501279450e-02,1.663893510815307897e+00,2.356724418492419371e-01,3.921338466709516357e-01
2.873333333333333428e+01,1.201999999999999943e-02,6.061734157860050598e-02,9.509565630538378833e-02,1.663893510815307897e+00,2.356028921928612629e-01,3.920181234490204281e-01
2.875000000000000000e+01,1.201999999999999943e-02,6.060098130585430537e-02,9.503948022928584982e-02,1.663893510815307897e+00,2.355335227876318716e-01,3.919027001458101345e-01
2.876666666666666572e+01,1.201999999999999943e-02,6.058465860627153254e-02,9.498339626983266781e-02,1.663893510815307897e+00,2.354643331703106246e-01,3.917875759905334876e-01
2.878333333333333499e+01,1.201999999999999943e-02,6.056837336817146034e-02,9.492740425051406084e-02,1.663893510815307897e+00,2.353953228788981944e-01,3.916727502144728978e-01
2.880000000000000071e+01,1.201999999999999943e-02,6.055212548024824226e-02,9.487150399518247401e-02,1.663893510815307897e+00,2.353264914522481821e-01,3.915582220503297517e-01
2.881666666666666643e+01,1.201999999999999943e-02,6.053591483161698678e-02,9.481569532806746747e-02,1.663893510815307897e+00,2.352578384310433368e-01,3.914439907338491675e-01
2.883333333333333215e+01,1.201999999999999943e-02,6.051974131177574601e-02,9.475997807375599602e-02,1.663893510815307897e+00,2.351893633570809883e-01,3.913300555026306138e-01
2.885000000000000142e+01,1.201999999999999943e-02,6.050360481061387713e-02,9.470435205718683025e-02,1.663893510815307897e+00,2.351210657735154919e-01,3.912164155965316414e-01
2.886666666666666714e+01,1.201999999999999943e-02,6.048750521841043948e-02,9.464881710366655765e-02,1.663893510815307897e+00,2.350529452247654416e-01,3.911030702575132301e-01
2.888333333333333286e+01,1.201999999999999943e-02,6.047144242582493806e-02,9.459337303886301840e-02,1.663893510815307897e+00,2.349850012563677315e-01,3.909900187293972595e-01
2.889999999999999858e+01,1.201999999999999943e-02,6.045541632391409487e-02,9.453801968875112649e-02,1.663893510815307897e+00,2.349172334156657549e-01,3.908772602590112610e-01
2.891666666666666785e+01,1.201999999999999943e-02,6.043942680411645146e-02,9.448275687968001046e-02,1.663893510815307897e+00,2.348496412511385245e-01,3.907647940950724208e-01
2.893333333333333357e+01,1.201999999999999943e-02,6.042347375825468658e-02,9.442758443838984717e-02,1.663893510815307897e+00,2.347822243123900976e-01,3.906526194881698721e-01
2.894999999999999929e+01,1.201999999999999943e-02,6.040755707853535939e-02,9.437250219195240930e-02,1.663893510815307897e+00,2.347149821504839751e-01,3.905407356913210837e-01
2.896666666666666501e+01,1.201999999999999943e-02,6.039167665758610193e-02,9.431750996779141027e-02,1.663893510815307897e+00,2.346479143187022443e-01,3.904291419612350156e-01
2.898333333333333428e+01,1.201999999999999943e-02,6.037583238838911681e-02,9.426260759373017439e-02,1.663893510815307897e+00,2.345810203708230957e-01,3.903178375554460788e-01
2.900000000000000000e+01,1.201999999999999943e-02,6.036002416432446893e-02,9.420779489792921457e-02,1.663893510815307897e+00,2.345142998624529795e-01,3.902068217345307510e-01
2.901666666666666572e+01,1.201996740740740761e-02,6.034426587795487656e-02,9.415307170886967614e-02,1.663898022524988640e+00,2.344480693335534160e-01,3.900976789489009611e-01
2.903333333333333499e+01,1.201987259259259221e-02,6.032858150278177373e-02,9.409843785540547567e-02,1.663911147637726851e+00,2.343828754384143787e-01,3.899922792573624619e-01
2.905000000000000071e+01,1.201971999999999936e-02,6.031297416081459611e-02,9.404389316674352517e-02,1.663932271300829102e+00,2.343187942075337371e-01,3.898906034542131693e-01
2.906666666666666643e+01,1.201951407407407350e-02,6.029744140362140042e-02,9.398943747244174751e-02,1.663960778842110244e+00,2.342557754285725102e-01,3.897924225303899814e-01
2.908333333333333215e+01,1.201925925925925905e-02,6.028198170652545457e-02,9.393507060241025608e-02,1.663996055713053090e+00,2.341937896452033485e-01,3.896975422421108393e-01
2.910000000000000142e+01,1.201896000000000041e-02,6.026659252301415359e-02,9.388079238691110495e-02,1.664037487436516916e+00,2.341327839580922832e-01,3.896057295441407442e-01
2.911666666666666714e+01,1.201862074074074027e-02,6.025127084105121739e-02,9.382660265655642928e-02,1.664084459558988094e+00,2.340726945713544616e-01,3.895167334432884654e-01
2.913333333333333286e+01,1.201824592592592653e-02,6.023601310672999087e-02,9.377250124230832040e-02,1.664136357607371330e+00,2.340134449825513330e-01,3.894302819644159808e-01
2.914999999999999858e+01,1.201784000000000012e-02,6.022081591965836728e-02,9.371848797543934351e-02,1.664192567050318594e+00,2.339549618082353566e-01,3.893461084658064175e-01
2.916666666666666785e+01,1.201740740740740720e-02,6.020567591431025267e-02,9.366456268758108217e-02,1.664252473264092202e+00,2.338971720878472715e-01,3.892639471366768356e-01
2.918333333333333357e+01,1.201695259259259220e-02,6.019058957679428862e-02,9.361072521073601771e-02,1.664315461502965610e+00,2.338399990871785905e-01,3.891835259986307083e-01
2.919999999999999929e+01,1.201647999999999952e-02,6.017555347297955798e-02,9.355697537723435542e-02,1.664380916874159677e+00,2.337833675130816524e-01,3.891045755713514742e-01
2.921666666666666501e+01,1.201599407407407359e-02,6.016056396135355949e-02,9.350331301974849907e-02,1.664448224317317315e+00,2.337271969248397030e-01,3.890268178962134060e-01
2.923333333333333428e+01,1.201549925925925882e-02,6.014561753431899721e-02,9.344973797133067361e-02,1.664516768588521822e+00,2.336714095570215088e-01,3.889499795473784771e-01
2.925000000000000000e+01,1.201499999999999790e-02,6.013071057554614934e-02,9.339625006536335372e-02,1.664585934248855814e+00,2.336159247476621570e-01,3.888737823514976100e-01
2.926666666666666572e+01,1.201450074074074045e-02,6.011583953945625475e-02,9.334284913554605212e-02,1.664655105657509182e+00,2.335606630621740176e-01,3.887979502472012072e-01
2.928333333333333499e+01,1.201400592592592569e-02,6.010100086531976193e-02,9.328953501593645337e-02,1.664723666969440963e+00,2.335055443184008150e-01,3.887222059954235087e-01
2.930000000000000071e+01,1.201351999999999975e-02,6.008619101784509753e-02,9.323630754093463480e-02,1.664791002137591791e+00,2.334504885222653536e-01,3.886462727364924929e-01
2.931666666666666643e+01,1.201304740740740708e-02,6.007140647197357908e-02,9.318316654528226162e-02,1.664856494919659591e+00,2.333954155185182511e-01,3.885698734104778285e-01
2.933333333333333215e+01,1.201259259259259207e-02,6.005664368647013057e-02,9.313011186406223996e-02,1.664919528889437172e+00,2.333402443791764425e-01,3.884927297427245851e-01
2.935000000000000142e+01,1.201215999999999916e-02,6.004189917142777749e-02,9.307714333269810625e-02,1.664979487452714624e+00,2.332848949670958960e-01,3.884145648527757011e-01
2.936666666666666714e+01,1.201175407407407275e-02,6.002716944936711124e-02,9.302426078695340272e-02,1.665035753867754931e+00,2.332292870385006267e-01,3.883351017681889172e-01
2.938333333333333286e+01,1.201137925925925901e-02,6.001245102908292495e-02,9.297146406293110843e-02,1.665087711270337500e+00,2.331733396354434551e-01,3.882540624228416060e-01
2.939999999999999858e+01,1.201104000000000060e-02,5.999774048375519642e-02,9.291875299704069335e-02,1.665134742703379578e+00,2.331169729027638138e-01,3.881711706942343465e-01
2.941666666666666785e+01,1.201074074074074023e-02,5.998303440116720120e-02,9.286612742603839177e-02,1.665176231151130226e+00,2.330601069351687094e-01,3.880861504979836174e-01
2.943333333333333357e+01,1.201048592592592577e-02,5.996832936255377250e-02,9.281358718703698607e-02,1.665211559577939315e+00,2.330026612845205181e-01,3.879987249834067620e-01
2.944999999999999929e+01,1.201027999999999991e-02,5.995362200682153447e-02,9.276113211746976617e-02,1.665240110971601073e+00,2.329445564597819596e-01,3.879086190493177266e-01
2.946666666666666501e+01,1.201012740740740707e-02,5.993890899021660224e-02,9.270876205510254764e-02,1.665261268391268867e+00,2.328857129902568157e-01,3.878155578043600560e-01
2.948333333333333428e+01,1.201003259259259340e-02,5.992418697756539403e-02,9.265647683806382817e-02,1.665274415019936338e+00,2.328260512218144063e-01,3.877192662498087361e-01
2.950000000000000000e+01,1.200999999999999984e-02,5.990945518952399407e-02,9.260427630480469463e-02,1.665278934221482210e+00,2.327655510926804616e-01,3.876195688470948642e-01
2.951666666666666572e+01,1.200999999999999984e-02,5.989471784675309135e-02,9.255216029408802614e-02,1.665278934221482210e+00,2.327043099264702042e-01,3.875175852230977602e-01
2.953333333333333499e+01,1.200999999999999984e-02,5.988000314719326561e-02,9.250012864502159260e-02,1.665278934221482210e+00,2.326429895728810704e-01,3.874154697300267736e-01
2.955000000000000071e+01,1.200999999999999984e-02,5.986531701161271896e-02,9.244818119704513448e-02,1.665278934221482210e+00,2.325817304366220029e-01,3.873134561808859733e-01
2.956666666666666643e+01,1.200999999999999984e-02,5.985065932426045926e-02,9.239631778993274980e-02,1.665278934221482210e+00,2.325205312565319926e-01,3.872115424754904445e-01
2.958333333333333215e+01,1.200999999999999984e-02,5.983603114437607839e-02,9.234453826378853647e-02,1.665278934221482210e+00,2.324594185038762195e-01,3.871097726958804830e-01
2.960000000000000142e+01,1.200999999999999984e-02,5.982143341394302594e-02,9.229284245904503803e-02,1.665278934221482210e+00,2.323984160040206692e-01,3.870081865179361702e-01
2.961666666666666714e+01,1.200999999999999984e-02,5.980686628962148671e-02,9.224123021646594978e-02,1.665278934221482210e+00,2.323375291078024207e-01,3.869067928522937905e-01
2.963333333333333286e+01,1.200999999999999984e-02,5.979233025489336106e-02,9.218970137714437019e-02,1.665278934221482210e+00,2.322767709328724950e-01,3.868056135435012921e-01
2.964999999999999858e+01,1.200999999999999984e-02,5.977782532233643503e-02,9.213825578247158976e-02,1.665278934221482210e+00,2.322161434843195427e-01,3.867046519305904484e-01
2.966666666666666785e+01,1.200999999999999984e-02,5.976335161743849544e-02,9.208689327417519943e-02,1.665278934221482210e+00,2.321556514548935857e-01,3.866039158282990607e-01
2.968333333333333357e+01,1.200999999999999984e-02,5.974890912255680780e-02,9.203561369432834705e-02,1.665278934221482210e+00,2.320952961516626611e-01,3.865034074132600583e-01
2.969999999999999929e+01,1.200999999999999984e-02,5.973449785244253768e-02,9.198441688531555638e-02,1.665278934221482210e+00,2.320350796552284045e-01,3.864031301502555138e-01
2.971666666666666501e+01,1.200999999999999984e-02,5.972011781870836117e-02,9.193330268984417630e-02,1.665278934221482210e+00,2.319750039771963923e-01,3.863030873891696859e-01
2.973333333333333428e+01,1.200999999999999984e-02,5.970576900137657128e-02,9.188227095096977715e-02,1.665278934221482210e+00,2.319150703804069569e-01,3.862032812329841414e-01
2.975000000000000000e+01,1.200999999999999984e-02,5.969145142342500293e-02,9.183132151206208071e-02,1.665278934221482210e+00,2.318552811561850613e-01,3.861037154973939733e-01
2.976666666666666572e+01,1.200999999999999984e-02,5.967716504424878249e-02,9.178045421679568994e-02,1.665278934221482210e+00,2.317956370812644107e-01,3.860043914758775063e-01
2.978333333333333499e+01,1.200999999999999984e-02,5.966290977789615035e-02,9.172966890917809424e-02,1.665278934221482210e+00,2.317361378452787168e-01,3.859053086515882303e-01
2.980000000000000071e+01,1.200999999999999984e-02,5.964868563869191870e-02,9.167896543353855343e-02,1.665278934221482210e+00,2.316767855373337015e-01,3.858064705034699449e-01
2.981666666666666643e+01,1.200999999999999984e-02,5.963449255839980284e-02,9.162834363453573050e-02,1.665278934221482210e+00,2.316175802694314945e-01,3.857078772180375092e-01
2.983333333333333215e+01,1.200999999999999984e-02,5.962033042947275513e-02,9.157780335714674202e-02,1.665278934221482210e+00,2.315585212044716235e-01,3.856095274012850127e-01
2.985000000000000142e+01,1.200999999999999984e-02,5.960619923511145668e-02,9.152734444666388303e-02,1.665278934221482210e+00,2.314996096816633042e-01,3.855114232833694032e-01
2.986666666666666714e+01,1.200999999999999984e-02,5.959209889997671428e-02,9.147696674870309241e-02,1.665278934221482210e+00,2.314408456312581075e-01,3.854135647481400917e-01
2.988333333333333286e+01,1.200999999999999984e-02,5.957802932933583401e-02,9.142667010920012272e-02,1.665278934221482210e+00,2.313822285107389742e-01,3.853159508921548682e-01
2.989999999999999858e+01,1.200999999999999984e-02,5.956399047538481900e-02,9.137645437437735829e-02,1.665278934221482210e+00,2.313237589046725773e-01,3.852185826888802622e-01
2.991666666666666785e+01,1.200999999999999984e-02,5.954998225513522675e-02,9.132631939078449113e-02,1.665278934221482210e+00,2.312654365448500171e-01,3.851214596916736621e-01
2.993333333333333357e+01,1.200999999999999984e-02,5.953600458273806267e-02,9.127626500530852671e-02,1.665278934221482210e+00,2.312072610879869206e-01,3.850245813288708518e-01
2.994999999999999929e+01,1.200999999999999984e-02,5.952205740291394154e-02,9.122629106513738262e-02,1.665278934221482210e+00,2.311492329261913559e-01,3.849279482534410657e-01
2.996666666666666501e+01,1.200999999999999984e-02,5.950814064564376171e-02,9.117639741777211482e-02,1.665278934221482210e+00,2.310913520912486474e-01,3.848315605183158516e-01
2.998333333333333428e+01,1.200999999999999984e-02,5.949425424090840075e-02,9.112658391102827771e-02,1.665278934221482210e+00,2.310336186107468381e-01,3.847354181694369046e-01
3.000000000000000000e+01,1.200999999999999984e-02,5.948039810671649358e-02,9.107685039303814456e-02,1.665278934221482210e+00,2.309760322166548030e-01,3.846395207604576538e-01
3.001666666666666572e+01,1.200999999999999984e-02,5.946657215882893838e-02,9.102719674550523166e-02,1.665278934221482210e+00,2.309185923933843032e-01,3.845438674327799067e-01
3.003333333333333499e+01,1.200999999999999984e-02,5.945277628329000141e-02,9.097762265670250592e-02,1.665278934221482210e+00,2.308612989849485597e-01,3.844484579266421176e-01
3.005000000000000071e+01,1.200999999999999984e-02,5.943901044752144397e-02,9.092812807019315380e-02,1.665278934221482210e+00,2.308041523796773020e-01,3.843532928887216094e-01
3.006666666666666643e+01,1.200999999999999984e-02,5.942527453962756501e-02,9.087871292018499803e-02,1.665278934221482210e+00,2.307471510786917868e-01,3.842583698229671829e-01
3.008333333333333215e+01,1.200999999999999984e-02,5.941156854622456351e-02,9.082937700698971717e-02,1.665278934221482210e+00,2.306902967423429818e-01,3.841636914943263870e-01
3.010000000000000142e+01,1.200999999999999984e-02,5.939789232111663403e-02,9.078012017355423235e-02,1.665278934221482210e+00,2.306335875391069545e-01,3.840692548528009675e-01
3.011666666666666714e+01,1.200999999999999984e-02,5.938424581188104373e-02,9.073094234016644555e-02,1.665278934221482210e+00,2.305770234900214599e-01,3.839750599334246228e-01
3.013333333333333286e+01,1.200999999999999984e-02,5.937062894200236668e-02,9.068184325020946235e-02,1.665278934221482210e+00,2.305206050241902227e-01,3.838811074507747501e-01
3.014999999999999858e+01,1.200999999999999984e-02,5.935704163309463155e-02,9.063282280400183910e-02,1.665278934221482210e+00,2.304643316337401382e-01,3.837873965591009906e-01
3.016666666666666785e+01,1.200999999999999984e-02,5.934348380070832846e-02,9.058388086931504213e-02,1.665278934221482210e+00,2.304082028414677075e-01,3.836939264637264091e-01
3.018333333333333357e+01,1.200999999999999984e-02,5.932995536375362117e-02,9.053501728245387514e-02,1.665278934221482210e+00,2.303522184270903883e-01,3.836006967978191629e-01
3.019999999999999929e+01,1.200999999999999984e-02,5.931645624306559894e-02,9.048623189337459682e-02,1.665278934221482210e+00,2.302963781365783280e-01,3.835077071383486413e-01
3.021666666666666501e+01,1.200999999999999984e-02,5.930298635793974232e-02,9.043752455203341034e-02,1.665278934221482210e+00,2.302406816741092710e-01,3.834149569926882384e-01
3.023333333333333428e+01,1.200999999999999984e-02,5.928954562802574157e-02,9.038889511090994477e-02,1.665278934221482210e+00,2.301851287343271157e-01,3.833224458523349365e-01
3.025000000000000000e+01,1.200999999999999984e-02,5.927613397399669054e-02,9.034034342595359535e-02,1.665278934221482210e+00,2.301297190135005444e-01,3.832301732114913317e-01
3.026666666666666572e+01,1.200999999999999984e-02,5.926275131707822719e-02,9.029186934405022957e-02,1.665278934221482210e+00,2.300744522694346539e-01,3.831381386668354372e-01
3.028333333333333499e+01,1.200999999999999984e-02,5.924939757694985126e-02,9.024347271601780573e-02,1.665278934221482210e+00,2.300193281953914759e-01,3.830463417075628541e-01
3.030000000000000071e+01,1.200999999999999984e-02,5.923607267715760155e-02,9.019515339267429599e-02,1.665278934221482210e+00,2.299643465768577144e-01,3.829547819764491656e-01
3.031666666666666643e+01,1.200999999999999984e-02,5.922277653695558197e-02,9.014691123041732035e-02,1.665278934221482210e+00,2.299095070569976418e-01,3.828634588792633742e-01
3.033333333333333215e+01,1.200999999999999984e-02,5.920950907670196467e-02,9.009874609331680606e-02,1.665278934221482210e+00,2.298548092583890812e-01,3.827723717874922382e-01
3.035000000000000142e+01,1.200999999999999984e-02,5.919627021700440972e-02,9.005065782540160046e-02,1.665278934221482210e+00,2.298002529206057132e-01,3.826815202674533345e-01
3.036666666666666714e+01,1.200999999999999984e-02,5.918305987866684381e-02,9.000264627939510986e-02,1.665278934221482210e+00,2.297458377344679115e-01,3.825909038042762944e-01
3.038333333333333286e+01,1.200999999999999984e-02,5.916987798903646650e-02,8.995471130802076831e-02,1.665278934221482210e+00,2.296915635506078801e-01,3.825005221492221441e-01
3.039999999999999858e+01,1.200999999999999984e-02,5.915672446571926257e-02,8.990685276882787180e-02,1.665278934221482210e+00,2.296374299447115630e-01,3.824103745956895506e-01
3.041666666666666785e+01,1.200999999999999984e-02,5.914359922998877611e-02,8.985907052769478986e-02,1.665278934221482210e+00,2.295834365320623682e-01,3.823204605030181003e-01
3.043333333333333357e+01,1.200999999999999984e-02,5.913050220311855815e-02,8.981136443389584056e-02,1.665278934221482210e+00,2.295295830194621634e-01,3.822307793829511913e-01
3.044999999999999929e+01,1.200999999999999984e-02,5.911743330751809133e-02,8.976373434416483332e-02,1.665278934221482210e+00,2.294758690954025182e-01,3.821413307167402795e-01
3.046666666666666501e+01,1.200999999999999984e-02,5.910439247160600984e-02,8.971618011566590001e-02,1.665278934221482210e+00,2.294222945932822555e-01,3.820521142269480142e-01
3.048333333333333428e+01,1.200999999999999984e-02,5.909137961335498429e-02,8.966870160501755338e-02,1.665278934221482210e+00,2.293688590832166363e-01,3.819631291976963161e-01
3.050000000000000000e+01,1.200999999999999984e-02,5.907839465486353081e-02,8.962129866758446195e-02,1.665278934221482210e+00,2.293155622422534679e-01,3.818743750911798296e-01
3.051666666666666572e+01,1.200999999999999984e-02,5.906543751823015165e-02,8.957397116251902824e-02,1.665278934221482210e+00,2.292624037215856003e-01,3.817858513265372511e-01
3.053333333333333499e+01,1.200999999999999984e-02,5.905250812735052951e-02,8.952671894789564211e-02,1.665278934221482210e+00,2.292093832200984838e-01,3.816975574023289131e-01
3.055000000000000071e+01,1.200999999999999984e-02,5.903960641000267906e-02,8.947954188213191884e-02,1.665278934221482210e+00,2.291565005292153789e-01,3.816094929712163242e-01
3.056666666666666643e+01,1.200999999999999984e-02,5.902673228690175772e-02,8.943243982365088607e-02,1.665278934221482210e+00,2.291037552579242853e-01,3.815216573820554569e-01
3.058333333333333215e+01,1.200999999999999984e-02,5.901388568187228290e-02,8.938541263063562448e-02,1.665278934221482210e+00,2.290511470913354497e-01,3.814340501104670489e-01
3.060000000000000142e+01,1.200999999999999984e-02,5.900106651892841891e-02,8.933846016277514901e-02,1.665278934221482210e+00,2.289986757067834500e-01,3.813466706191231959e-01
3.061666666666666714e+01,1.200999999999999984e-02,5.898827472247588494e-02,8.929158227957943728e-02,1.665278934221482210e+00,2.289463407887548929e-01,3.812595183826060219e-01
3.063333333333333286e+01,1.200999999999999984e-02,5.897551021724133091e-02,8.924477884087163304e-02,1.665278934221482210e+00,2.288941420242716351e-01,3.811725928797196628e-01
3.064999999999999858e+01,1.200999999999999984e-02,5.896277292772861278e-02,8.919804970647750297e-02,1.665278934221482210e+00,2.288420790908636260e-01,3.810858935734615094e-01
3.066666666666666785e+01,1.200999999999999984e-02,5.895006277883431400e-02,8.915139473600003361e-02,1.665278934221482210e+00,2.287901516735577900e-01,3.809994199393135772e-01
3.068333333333333357e+01,1.200999999999999984e-02,5.893737969565782803e-02,8.910481379042378691e-02,1.665278934221482210e+00,2.287383594506944284e-01,3.809131714416227332e-01
3.069999999999999929e+01,1.200999999999999984e-02,5.892472360383856078e-02,8.905830673056647218e-02,1.665278934221482210e+00,2.286867021116026910e-01,3.808271475630353176e-01
3.071666666666666501e+01,1.200999999999999984e-02,5.891209442943794866e-02,8.901187341753126481e-02,1.665278934221482210e+00,2.286351793510017494e-01,3.807413477951736569e-01
3.073333333333333428e+01,1.200999999999999984e-02,5.889949209803138630e-02,8.896551371258759611e-02,1.665278934221482210e+00,2.285837908464459500e-01,3.806557716010757209e-01
3.075000000000000000e+01,1.200999999999999984e-02,5.888691653573625145e-02,8.891922747708450037e-02,1.665278934221482210e+00,2.285325362851509112e-01,3.805704184598683315e-01
3.076666666666666572e+01,1.200999999999999984e-02,5.887436766889467959e-02,8.887301457306681640e-02,1.665278934221482210e+00,2.284814153522828628e-01,3.804852878472654298e-01
3.078333333333333499e+01,1.200999999999999984e-02,5.886184542410020232e-02,8.882687486268052435e-02,1.665278934221482210e+00,2.284304277351454082e-01,3.804003792425402763e-01
3.080000000000000071e+01,1.200999999999999984e-02,5.884934972818844229e-02,8.878080820834641229e-02,1.665278934221482210e+00,2.283795731219412095e-01,3.803156921264633228e-01
3.081666666666666643e+01,1.200999999999999984e-02,5.883688050816527487e-02,8.873481447280816281e-02,1.665278934221482210e+00,2.283288511996521830e-01,3.802312259777722026e-01
3.083333333333333215e+01,1.200999999999999984e-02,5.882443769128813810e-02,8.868889351916717234e-02,1.665278934221482210e+00,2.282782616559407007e-01,3.801469802763375871e-01
3.085000000000000142e+01,1.200999999999999984e-02,5.881202120504096242e-02,8.864304521063441633e-02,1.665278934221482210e+00,2.282278041799831736e-01,3.800629545045515201e-01
3.086666666666666714e+01,1.200999999999999984e-02,5.879963097710901032e-02,8.859726941076999374e-02,1.665278934221482210e+00,2.281774784604226891e-01,3.799791481439179219e-01
3.088333333333333286e+01,1.200999999999999984e-02,5.878726693538770254e-02,8.855156598341305807e-02,1.665278934221482210e+00,2.281272841860221834e-01,3.798955606761402204e-01
3.089999999999999858e+01,1.200999999999999984e-02,5.877492900805024456e-02,8.850593479273971553e-02,1.665278934221482210e+00,2.280772210470904393e-01,3.798121915854961728e-01
3.091666666666666785e+01,1.200999999999999984e-02,5.876261712347105592e-02,8.846037570330489430e-02,1.665278934221482210e+00,2.280272887332652765e-01,3.797290403551462079e-01
3.093333333333333357e+01,1.200999999999999984e-02,5.875033121024939020e-02,8.841488857974383331e-02,1.665278934221482210e+00,2.279774869359083578e-01,3.796461064711213473e-01
3.094999999999999929e+01,1.200999999999999984e-02,5.873807119721304731e-02,8.836947328706022675e-02,1.665278934221482210e+00,2.279278153465117973e-01,3.795633894196699387e-01
3.096666666666666501e+01,1.200999999999999984e-02,5.872583701341708984e-02,8.832412969054202756e-02,1.665278934221482210e+00,2.278782736571787482e-01,3.794808886880579046e-01
3.098333333333333428e+01,1.200999999999999984e-02,5.871362858813383712e-02,8.827885765574308707e-02,1.665278934221482210e+00,2.278288615604871503e-01,3.793986037643416465e-01
3.100000000000000000e+01,1.200999999999999984e-02,5.870144585086417566e-02,8.823365704846988788e-02,1.665278934221482210e+00,2.277795787498793356e-01,3.793165341380172473e-01
3.101666666666666572e+01,1.200999999999999984e-02,5.868928873133408969e-02,8.818852773487628749e-02,1.665278934221482210e+00,2.277304249190233720e-01,3.792346792989564896e-01
3.103333333333333499e+01,1.200999999999999984e-02,5.867715715949717303e-02,8.814346958137210530e-02,1.665278934221482210e+00,2.276813997624382857e-01,3.791530387384484668e-01
3.105000000000000071e+01,1.200999999999999984e-02,5.866505106553375481e-02,8.809848245464974026e-02,1.665278934221482210e+00,2.276325029753290263e-01,3.790716119489243030e-01
3.106666666666666643e+01,1.200999999999999984e-02,5.865297037984405076e-02,8.805356622162420488e-02,1.665278934221482210e+00,2.275837342537812280e-01,3.789903984242818380e-01
3.108333333333333215e+01,1.200999999999999984e-02,5.864091503305592784e-02,8.800872074938950740e-02,1.665278934221482210e+00,2.275350932952431293e-01,3.789093976606879854e-01
3.110000000000000142e+01,1.200999999999999984e-02,5.862888495602249644e-02,8.796394590552887582e-02,1.665278934221482210e+00,2.274865797966232339e-01,3.788286091534109334e-01
3.111666666666666714e+01,1.200999999999999984e-02,5.861688007980210557e-02,8.791924155781538630e-02,1.665278934221482210e+00,2.274381934555679274e-01,3.787480323989474429e-01
3.113333333333333286e+01,1.200999999999999984e-02,5.860490033566536500e-02,8.787460757429937930e-02,1.665278934221482210e+00,2.273899339701379307e-01,3.786676668944845003e-01
3.114999999999999858e+01,1.200999999999999984e-02,5.859294565514897024e-02,8.783004382326120574e-02,1.665278934221482210e+00,2.273418010405288125e-01,3.785875121407640820e-01
3.116666666666666785e+01,1.200999999999999984e-02,5.858101596999475136e-02,8.778555017317696274e-02,1.665278934221482210e+00,2.272937943676885952e-01,3.785075676397812172e-01
3.118333333333333357e+01,1.200999999999999984e-02,5.856911121216849120e-02,8.774112649296260391e-02,1.665278934221482210e+00,2.272459136523622136e-01,3.784278328931927060e-01
3.119999999999999929e+01,1.200999999999999984e-02,5.855723131382212232e-02,8.769677265173832226e-02,1.665278934221482210e+00,2.271981585955203942e-01,3.783483074030314919e-01
3.121666666666666501e+01,1.200999999999999984e-02,5.854537620730696640e-02,8.765248851889738402e-02,1.665278934221482210e+00,2.271505288983084736e-01,3.782689906716211192e-01
3.123333333333333428e+01,1.200999999999999984e-02,5.853354582527546535e-02,8.760827396407941392e-02,1.665278934221482210e+00,2.271030242649247077e-01,3.781898822063692323e-01
3.125000000000000000e+01,1.200999999999999984e-02,5.852174010056600956e-02,8.756412885715099403e-02,1.665278934221482210e+00,2.270556443997016893e-01,3.781109815149070741e-01
3.126666666666666572e+01,1.200999999999999984e-02,5.850995896623846504e-02,8.752005306834369225e-02,1.665278934221482210e+00,2.270083890072301103e-01,3.780322881052958217e-01
3.128333333333333499e+01,1.200999999999999984e-02,5.849820235552890407e-02,8.747604646812083551e-02,1.665278934221482210e+00,2.269612577919712937e-01,3.779538014853810468e-01
3.130000000000000071e+01,1.200999999999999984e-02,5.848647020186546752e-02,8.743210892721643701e-02,1.665278934221482210e+00,2.269142504584554798e-01,3.778755211631232291e-01
3.131666666666666643e+01,1.200999999999999984e-02,5.847476243899024650e-02,8.738824031661118763e-02,1.665278934221482210e+00,2.268673667146983708e-01,3.777974466522870944e-01
3.133333333333333215e+01,1.200999999999999984e-02,5.846307900082128167e-02,8.734444050751502542e-02,1.665278934221482210e+00,2.268206062686443092e-01,3.777195774665184635e-01
3.135000000000000142e+01,1.200999999999999984e-02,5.845141982149516802e-02,8.730070937149117527e-02,1.665278934221482210e+00,2.267739688285648758e-01,3.776419131200081658e-01
3.136666666666666714e+01,1.200999999999999984e-02,5.843978483532812768e-02,8.725704678033645301e-02,1.665278934221482210e+00,2.267274541027563539e-01,3.775644531269881088e-01
3.138333333333333286e+01,1.200999999999999984e-02,5.842817397682079084e-02,8.721345260611620964e-02,1.665278934221482210e+00,2.266810617994665933e-01,3.774871970016096534e-01
3.139999999999999858e+01,1.200999999999999984e-02,5.841658718076698370e-02,8.716992672113384188e-02,1.665278934221482210e+00,2.266347916300178178e-01,3.774101442631437875e-01
3.141666666666666785e+01,1.200999999999999984e-02,5.840502438213718978e-02,8.712646899790871258e-02,1.665278934221482210e+00,2.265886433058323102e-01,3.773332944310280324e-01
3.143333333333333357e+01,1.200999999999999984e-02,5.839348551611273086e-02,8.708307930933358032e-02,1.665278934221482210e+00,2.265426165384038237e-01,3.772566470248190362e-01
3.144999999999999929e+01,1.200999999999999984e-02,5.838197051808478172e-02,8.703975752852265158e-02,1.665278934221482210e+00,2.264967110402121286e-01,3.771802015657154672e-01
3.146666666666666501e+01,1.200999999999999984e-02,5.837047932365379416e-02,8.699650352885593407e-02,1.665278934221482210e+00,2.264509265244525615e-01,3.771039575761075402e-01
3.148333333333333428e+01,1.200999999999999984e-02,5.835901186862991336e-02,8.695331718394572196e-02,1.665278934221482210e+00,2.264052627052679789e-01,3.770279145799633747e-01
3.150000000000000000e+01,1.200999999999999984e-02,5.834756808903124314e-02,8.691019836761226802e-02,1.665278934221482210e+00,2.263597192978671901e-01,3.769520721030261701e-01
3.151666666666666572e+01,1.200999999999999984e-02,5.833614792108354763e-02,8.686714695405700626e-02,1.665278934221482210e+00,2.263142960174706897e-01,3.768764296710586104e-01
3.153333333333333499e+01,1.200999999999999984e-02,5.832475130121574786e-02,8.682416281769542166e-02,1.665278934221482210e+00,2.262689925802268409e-01,3.768009868113686434e-01
3.155000000000000071e+01,1.200999999999999984e-02,5.831337816605976221e-02,8.678124583320576124e-02,1.665278934221482210e+00,2.262238087029240508e-01,3.767257430523298090e-01
3.156666666666666643e+01,1.200999999999999984e-02,5.830202845246076904e-02,8.673839587549718455e-02,1.665278934221482210e+00,2.261787441034806834e-01,3.766506979241976416e-01
3.158333333333333215e+01,1.200999999999999984e-02,5.829070209746492481e-02,8.669561281968647670e-02,1.665278934221482210e+00,2.261337985007711437e-01,3.765758509588195690e-01
3.160000000000000142e+01,1.200999999999999984e-02,5.827939903832215357e-02,8.665289654126324959e-02,1.665278934221482210e+00,2.260889716136993410e-01,3.765012016880922019e-01
3.161666666666666714e+01,1.200999999999999984e-02,5.826811921248691711e-02,8.661024691593056934e-02,1.665278934221482210e+00,2.260442631622150700e-01,3.764267496456537576e-01
3.163333333333333286e+01,1.200999999999999984e-02,5.825686255761735460e-02,8.656766381965147472e-02,1.665278934221482210e+00,2.259996728670196076e-01,3.763524943663940636e-01
3.164999999999999858e+01,1.200999999999999984e-02,5.824562901157051553e-02,8.652514712862457991e-02,1.665278934221482210e+00,2.259552004496012401e-01,3.762784353865133435e-01
3.166666666666666785e+01,1.200999999999999984e-02,5.823441851240603040e-02,8.648269671925953861e-02,1.665278934221482210e+00,2.259108456325027436e-01,3.762045722439679718e-01
3.168333333333333357e+01,1.200999999999999984e-02,5.822323099838414007e-02,8.644031246830508053e-02,1.665278934221482210e+00,2.258666081384905766e-01,3.761309044770867471e-01
3.169999999999999929e+01,1.200999999999999984e-02,5.821206640796375981e-02,8.639799425273006483e-02,1.665278934221482210e+00,2.258224876912517942e-01,3.760574316257315752e-01
3.171666666666666501e+01,1.200999999999999984e-02,5.820092467980195194e-02,8.635574194975677298e-02,1.665278934221482210e+00,2.257784840151884631e-01,3.759841532309550205e-01
3.173333333333333428e+01,1.200999999999999984e-02,5.818980575275688877e-02,8.631355543686214382e-02,1.665278934221482210e+00,2.257345968355063404e-01,3.759110688351479657e-01
3.175000000000000000e+01,1.200999999999999984e-02,5.817870956588331449e-02,8.627143459177923079e-02,1.665278934221482210e+00,2.256908258780957743e-01,3.758381779818414370e-01
3.176666666666666572e+01,1.200999999999999984e-02,5.816763605843299628e-02,8.622937929248682132e-02,1.665278934221482210e+00,2.256471708696232981e-01,3.757654802158589824e-01
3.178333333333333499e+01,1.200999999999999984e-02,5.815658516985330179e-02,8.618738941721798552e-02,1.665278934221482210e+00,2.256036315374538859e-01,3.756929750831871639e-01
3.180000000000000071e+01,1.200999999999999984e-02,5.814555683978658157e-02,8.614546484445703700e-02,1.665278934221482210e+00,2.255602076096672737e-01,3.756206621310029803e-01
3.181666666666666643e+01,1.200999999999999984e-02,5.813455100807165404e-02,8.610360545293413437e-02,1.665278934221482210e+00,2.255168988151472487e-01,3.755485409078222481e-01
3.183333333333333215e+01,1.200999999999999984e-02,5.812356761474080785e-02,8.606181112161989666e-02,1.665278934221482210e+00,2.254737048835471769e-01,3.754766109634424254e-01
3.185000000000000142e+01,1.200999999999999984e-02,5.811260660001978107e-02,8.602008172975045275e-02,1.665278934221482210e+00,2.254306255451473395e-01,3.754048718487050240e-01
3.186666666666666714e+01,1.200999999999999984e-02,5.810166790432733097e-02,8.597841715680323849e-02,1.665278934221482210e+00,2.253876605310084491e-01,3.753333231157509609e-01
3.188333333333333286e+01,1.200999999999999984e-02,5.809075146827449160e-02,8.593681728250314455e-02,1.665278934221482210e+00,2.253448095729273237e-01,3.752619643179472830e-01
3.189999999999999858e+01,1.200999999999999984e-02,5.807985723266319289e-02,8.589528198682520876e-02,1.665278934221482210e+00,2.253020724033956701e-01,3.751907950098179456e-01
3.191666666666666785e+01,1.200999999999999984e-02,5.806898513848630233e-02,8.585381114999743324e-02,1.665278934221482210e+00,2.252594487555978908e-01,3.751198147470406474e-01
3.193333333333333357e+01,1.200999999999999984e-02,5.805813512692670902e-02,8.581240465248259064e-02,1.665278934221482210e+00,2.252169383635140576e-01,3.750490230866179164e-01
3.194999999999999929e+01,1.200999999999999984e-02,5.804730713935725428e-02,8.577106237499398933e-02,1.665278934221482210e+00,2.251745409618331750e-01,3.749784195867330583e-01
3.196666666666666501e+01,1.200999999999999984e-02,5.803650111733993366e-02,8.572978419849021370e-02,1.665278934221482210e+00,2.251322562859782994e-01,3.749080038067915122e-01
3.198333333333333428e+01,1.200999999999999984e-02,5.802571700262352389e-02,8.568857000417673397e-02,1.665278934221482210e+00,2.250900840720440332e-01,3.748377753073173224e-01
3.200000000000000000e+01,1.200999999999999984e-02,5.801495473714469997e-02,8.564741967350728014e-02,1.665278934221482210e+00,2.250480240568331070e-01,3.747677336500135348e-01
3.201666666666666572e+01,1.200999999999999984e-02,5.800421426302682093e-02,8.560633308817285070e-02,1.665278934221482210e+00,2.250060759779056452e-01,3.746978783978445748e-01
3.203333333333333144e+01,1.200999999999999984e-02,5.799349552257958285e-02,8.556531013011094144e-02,1.665278934221482210e+00,2.249642395735253764e-01,3.746282091149465421e-01
3.204999999999999716e+01,1.200999999999999984e-02,5.798279845829832496e-02,8.552435068150231190e-02,1.665278934221482210e+00,2.249225145826744543e-01,3.745587253666519123e-01
3.206666666666666998e+01,1.200999999999999984e-02,5.797212301286232272e-02,8.548345462476941714e-02,1.665278934221482210e+00,2.248809007450292274e-01,3.744894267194491810e-01
3.208333333333333570e+01,1.200999999999999984e-02,5.796146912913516247e-02,8.544262184257500614e-02,1.665278934221482210e+00,2.248393978009936012e-01,3.744203127410384857e-01
3.210000000000000142e+01,1.200999999999999984e-02,5.795083675016376307e-02,8.540185221782686797e-02,1.665278934221482210e+00,2.247980054916550452e-01,3.743513830002582199e-01
3.211666666666666714e+01,1.200999999999999984e-02,5.794022581917793180e-02,8.536114563367248886e-02,1.665278934221482210e+00,2.247567235588198431e-01,3.742826370671438196e-01
3.213333333333333286e+01,1.200999999999999984e-02,5.792963627958962886e-02,8.532050197349985710e-02,1.665278934221482210e+00,2.247155517450007967e-01,3.742140745129072799e-01
3.214999999999999858e+01,1.200999999999999984e-02,5.791906807499168364e-02,8.527992112093585320e-02,1.665278934221482210e+00,2.246744897934049301e-01,3.741456949099166707e-01
3.216666666666666430e+01,1.200999999999999984e-02,5.790852114915779475e-02,8.523940295984448745e-02,1.665278934221482210e+00,2.246335374479583868e-01,3.740774978317375488e-01
3.218333333333333002e+01,1.200999999999999984e-02,5.789799544604162101e-02,8.519894737433267307e-02,1.665278934221482210e+00,2.245926944532572744e-01,3.740094828530513005e-01
3.220000000000000284e+01,1.200999999999999984e-02,5.788749090977675371e-02,8.515855424874392565e-02,1.665278934221482210e+00,2.245519605546208164e-01,3.739416495497432935e-01
3.221666666666666856e+01,1.200999999999999984e-02,5.787700748467593942e-02,8.511822346765941794e-02,1.665278934221482210e+00,2.245113354980759202e-01,3.738739974988775083e-01
3.223333333333333428e+01,1.200999999999999984e-02,5.786654511522871386e-02,8.507795491589777159e-02,1.665278934221482210e+00,2.244708190303047191e-01,3.738065262786090526e-01
3.225000000000000000e+01,1.200999999999999984e-02,5.785610374610257456e-02,8.503774847851462704e-02,1.665278934221482210e+00,2.244304108986941160e-01,3.737392354682666507e-01
3.226666666666666572e+01,1.200999999999999984e-02,5.784568332214173186e-02,8.499760404080106135e-02,1.665278934221482210e+00,2.243901108513234877e-01,3.736721246483322156e-01
3.228333333333333144e+01,1.200999999999999984e-02,5.783528378836717138e-02,8.495752148828406014e-02,1.665278934221482210e+00,2.243499186369770082e-01,3.736051934004613329e-01
3.229999999999999716e+01,1.200999999999999984e-02,5.782490508997593925e-02,8.491750070672572648e-02,1.665278934221482210e+00,2.243098340051415396e-01,3.735384413074797072e-01
3.231666666666666998e+01,1.200999999999999984e-02,5.781454717233841523e-02,8.487754158212391931e-02,1.665278934221482210e+00,2.242698567059378534e-01,3.734718679532686991e-01
3.233333333333333570e+01,1.200999999999999984e-02,5.780420998099982527e-02,8.483764400071289180e-02,1.665278934221482210e+00,2.242299864901727002e-01,3.734054729228521441e-01
3.235000000000000142e+01,1.200999999999999984e-02,5.779389346167895097e-02,8.479780784895660228e-02,1.665278934221482210e+00,2.241902231093581832e-01,3.733392558024283270e-01
3.236666666666666714e+01,1.200999999999999984e-02,5.778359756026806709e-02,8.475803301355396002e-02,1.665278934221482210e+00,2.241505663156893036e-01,3.732732161793327341e-01
3.238333333333333286e+01,1.200999999999999984e-02,5.777332222283219909e-02,8.471831938143660479e-02,1.665278934221482210e+00,2.241110158620500392e-01,3.732073536420483784e-01
3.239999999999999858e+01,1.200999999999999984e-02,5.776306739560683329e-02,8.467866683976910114e-02,1.665278934221482210e+00,2.240715715019591936e-01,3.731416677801152604e-01
3.241666666666666430e+01,1.200999999999999984e-02,5.775283302499902016e-02,8.463907527594903557e-02,1.665278934221482210e+00,2.240322329896144160e-01,3.730761581842038654e-01
3.243333333333333002e+01,1.200999999999999984e-02,5.774261905758622249e-02,8.459954457760326951e-02,1.665278934221482210e+00,2.239930000798961707e-01,3.730108244461218803e-01
3.245000000000000284e+01,1.200999999999999984e-02,5.773242544011625982e-02,8.456007463259046508e-02,1.665278934221482210e+00,2.239538725283627130e-01,3.729456661588055333e-01
3.246666666666666856e+01,1.200999999999999984e-02,5.772225211950662155e-02,8.452066532899968343e-02,1.665278934221482210e+00,2.239148500912521711e-01,3.728806829163233694e-01
3.248333333333333428e+01,1.200999999999999984e-02,5.771209904284206604e-02,8.448131655514967697e-02,1.665278934221482210e+00,2.238759325254305599e-01,3.728158743137894859e-01
3.250000000000000000e+01,1.200999999999999984e-02,5.770196615737584883e-02,8.444202819958797346e-02,1.665278934221482210e+00,2.238371195884458209e-01,3.727512399474535165e-01
3.251666666666666572e+01,1.200999999999999984e-02,5.769185341052852217e-02,8.440280015109215273e-02,1.665278934221482210e+00,2.237984110384975411e-01,3.726867794146503932e-01
3.253333333333333144e+01,1.200999999999999984e-02,5.768176074988800445e-02,8.436363229866775115e-02,1.665278934221482210e+00,2.237598066344652636e-01,3.726224923138472533e-01
3.254999999999999716e+01,1.200999999999999984e-02,5.767168812320883770e-02,8.432452453154822003e-02,1.665278934221482210e+00,2.237213061358999111e-01,3.725583782446293402e-01
3.256666666666666998e+01,1.200999999999999984e-02,5.766163547840965492e-02,8.428547673919437044e-02,1.665278934221482210e+00,2.236829093029661930e-01,3.724944368076040235e-01
3.258333333333333570e+01,1.200999999999999984e-02,5.765160276357458868e-02,8.424648881129388756e-02,1.665278934221482210e+00,2.236446158964993380e-01,3.724306676044951692e-01
3.260000000000000142e+01,1.200999999999999984e-02,5.764158992695204986e-02,8.420756063776098366e-02,1.665278934221482210e+00,2.236064256779841941e-01,3.723670702381086106e-01
3.261666666666666714e+01,1.200999999999999984e-02,5.763159691695477621e-02,8.416869210873578755e-02,1.665278934221482210e+00,2.235683384095731585e-01,3.723036443123616812e-01
3.263333333333333286e+01,1.200999999999999984e-02,5.762162368215916625e-02,8.412988311458381718e-02,1.665278934221482210e+00,2.235303538540826529e-01,3.722403894322775519e-01
3.264999999999999858e+01,1.200999999999999984e-02,5.761167017130267021e-02,8.409113354589603517e-02,1.665278934221482210e+00,2.234924717749287859e-01,3.721773052038780949e-01
3.266666666666666430e+01,1.200999999999999984e-02,5.760173633328524723e-02,8.405244329348879329e-02,1.665278934221482210e+00,2.234546919361825035e-01,3.721143912342756432e-01
3.268333333333333002e+01,1.200999999999999984e-02,5.759182211716816491e-02,8.401381224840083484e-02,1.665278934221482210e+00,2.234170141025665079e-01,3.720516471316678286e-01
3.270000000000000284e+01,1.200999999999999984e-02,5.758192747217408258e-02,8.397524030189514044e-02,1.665278934221482210e+00,2.233794380394577839e-01,3.719890725053418556e-01
3.271666666666666856e+01,1.200999999999999984e-02,5.757205234768632274e-02,8.393672734545773451e-02,1.665278934221482210e+00,2.233419635128863767e-01,3.719266669656726143e-01
3.273333333333333428e+01,1.200999999999999984e-02,5.756219669324633137e-02,8.389827327079756036e-02,1.665278934221482210e+00,2.233045902894735257e-01,3.718644301240192074e-01
3.275000000000000000e+01,1.200999999999999984e-02,5.755236045855515598e-02,8.385987796984620268e-02,1.665278934221482210e+00,2.232673181364891180e-01,3.718023615928212067e-01
3.276666666666666572e+01,1.200999999999999984e-02,5.754254359347220349e-02,8.382154133475595847e-02,1.665278934221482210e+00,2.232301468218398366e-01,3.717404609855784470e-01
3.278333333333333144e+01,1.200999999999999984e-02,5.753274604801534436e-02,8.378326325790076690e-02,1.665278934221482210e+00,2.231930761140782093e-01,3.716787279168662916e-01
3.279999999999999716e+01,1.200999999999999984e-02,5.752296777236022562e-02,8.374504363187523781e-02,1.665278934221482210e+00,2.231561057824008043e-01,3.716171620023327460e-01
3.281666666666666998e+01,1.200999999999999984e-02,5.751320871683773817e-02,8.370688234949441586e-02,1.665278934221482210e+00,2.231192355965866958e-01,3.715557628585957062e-01
3.283333333333333570e+01,1.200999999999999984e-02,5.750346883193549474e-02,8.366877930379339190e-02,1.665278934221482210e+00,2.230824653270557234e-01,3.714945301033401037e-01
3.285000000000000142e+01,1.200999999999999984e-02,5.749374806829659484e-02,8.363073438802605397e-02,1.665278934221482210e+00,2.230457947448519496e-01,3.714334633552905385e-01
3.286666666666666714e+01,1.200999999999999984e-02,5.748404637671975653e-02,8.359274749566537877e-02,1.665278934221482210e+00,2.230092236216576207e-01,3.713725622342342048e-01
3.288333333333333286e+01,1.200999999999999984e-02,5.747436370815860868e-02,8.355481852040269608e-02,1.665278934221482210e+00,2.229727517297887540e-01,3.713118263610137859e-01
3.289999999999999858e+01,1.200999999999999984e-02,5.746470001371920683e-02,8.351694735614748066e-02,1.665278934221482210e+00,2.229363788421344916e-01,3.712512553574263130e-01
3.291666666666666430e+01,1.200999999999999984e-02,5.745505524466149039e-02,8.347913389702717180e-02,1.665278934221482210e+00,2.229001047322131390e-01,3.711908488463166456e-01
3.293333333333333002e+01,1.200999999999999984e-02,5.744542935239808912e-02,8.344137803738527204e-02,1.665278934221482210e+00,2.228639291741609796e-01,3.711306064515587089e-01
3.295000000000000284e+01,1.200999999999999984e-02,5.743582228849444110e-02,8.340367967178220765e-02,1.665278934221482210e+00,2.228278519427417947e-01,3.710705277980713146e-01
3.296666666666666856e+01,1.200999999999999984e-02,5.742623400466811273e-02,8.336603869499445429e-02,1.665278934221482210e+00,2.227918728133440884e-01,3.710106125118136644e-01
3.298333333333333428e+01,1.200999999999999984e-02,5.741666445278631459e-02,8.332845500201423172e-02,1.665278934221482210e+00,2.227559915619201081e-01,3.709508602196838201e-01
3.300000000000000000e+01,1.200999999999999984e-02,5.740711358486737248e-02,8.329092848804911520e-02,1.665278934221482210e+00,2.227202079650441313e-01,3.708912705496155704e-01
3.301666666666666572e+01,1.200999999999999984e-02,5.739758135307954090e-02,8.325345904852095302e-02,1.665278934221482210e+00,2.226845217998954796e-01,3.708318431305503426e-01
3.303333333333333144e+01,1.200999999999999984e-02,5.738806770974112792e-02,8.321604657906592206e-02,1.665278934221482210e+00,2.226489328442734505e-01,3.707725775924620715e-01
3.304999999999999716e+01,1.200999999999999984e-02,5.737857260731986375e-02,8.317869097553398650e-02,1.665278934221482210e+00,2.226134408765934602e-01,3.707134735663504821e-01
3.306666666666666998e+01,1.200999999999999984e-02,5.736909599843036806e-02,8.314139213398856476e-02,1.665278934221482210e+00,2.225780456758243153e-01,3.706545306841371179e-01
3.308333333333333570e+01,1.200999999999999984e-02,5.735963783583566261e-02,8.310414995070616873e-02,1.665278934221482210e+00,2.225427470215474712e-01,3.705957485787634842e-01
3.310000000000000142e+01,1.200999999999999984e-02,5.735019807244602641e-02,8.306696432217516857e-02,1.665278934221482210e+00,2.225075446939420720e-01,3.705371268841666788e-01
3.311666666666666714e+01,1.200999999999999984e-02,5.734077666131907197e-02,8.302983514509604257e-02,1.665278934221482210e+00,2.224724384737969407e-01,3.704786652352988208e-01
3.313333333333333286e+01,1.200999999999999984e-02,5.733137355565910004e-02,8.299276231638076651e-02,1.665278934221482210e+00,2.224374281425063327e-01,3.704203632681205005e-01
3.314999999999999858e+01,1.200999999999999984e-02,5.732198870881472647e-02,8.295574573315261935e-02,1.665278934221482210e+00,2.224025134820107608e-01,3.703622206195016919e-01
3.316666666666666430e+01,1.200999999999999984e-02,5.731262207428024918e-02,8.291878529274609999e-02,1.665278934221482210e+00,2.223676942748497587e-01,3.703042369273101819e-01
3.318333333333333002e+01,1.200999999999999984e-02,5.730327360569458656e-02,8.288188089270465131e-02,1.665278934221482210e+00,2.223329703041563299e-01,3.702464118304019114e-01
3.320000000000000284e+01,1.200999999999999984e-02,5.729394325684133982e-02,8.284503243078189527e-02,1.665278934221482210e+00,2.222983413536615271e-01,3.701887449686286913e-01
3.321666666666666856e+01,1.200999999999999984e-02,5.728463098164818246e-02,8.280823980494066150e-02,1.665278934221482210e+00,2.222638072076936477e-01,3.701312359828370924e-01
3.323333333333333428e+01,1.200999999999999984e-02,5.727533673418445936e-02,8.277150291335273746e-02,1.665278934221482210e+00,2.222293676511176708e-01,3.700738845147671929e-01
3.325000000000000000e+01,1.200999999999999984e-02,5.726606046866263011e-02,8.273482165439859093e-02,1.665278934221482210e+00,2.221950224693920173e-01,3.700166902071474473e-01
3.326666666666666572e+01,1.200999999999999984e-02,5.725680213943713792e-02,8.269819592666596830e-02,1.665278934221482210e+00,2.221607714485544782e-01,3.699596527036710936e-01
3.328333333333333144e+01,1.200999999999999984e-02,5.724756170100452762e-02,8.266162562895031096e-02,1.665278934221482210e+00,2.221266143752338995e-01,3.699027716490156936e-01
3.329999999999999716e+01,1.200999999999999984e-02,5.723833910800282115e-02,8.262511066025403361e-02,1.665278934221482210e+00,2.220925510366469624e-01,3.698460466888375819e-01
3.331666666666666998e+01,1.200999999999999984e-02,5.722913431520917221e-02,8.258865091978619122e-02,1.665278934221482210e+00,2.220585812205393139e-01,3.697894774696741660e-01
3.333333333333333570e+01,1.200999999999999984e-02,5.721994727754128873e-02,8.255224630696210431e-02,1.665278934221482210e+00,2.220247047152424935e-01,3.697330636390382952e-01
3.335000000000000142e+01,1.200999999999999984e-02,5.721077795005629490e-02,8.251589672140245690e-02,1.665278934221482210e+00,2.219909213096557810e-01,3.696768048453885069e-01
3.336666666666666714e+01,1.200999999999999984e-02,5.720162628795088383e-02,8.247960206293322716e-02,1.665278934221482210e+00,2.219572307932621835e-01,3.696207007381552279e-01
3.338333333333333286e+01,1.200999999999999984e-02,5.719249224656070690e-02,8.244336223158518773e-02,1.665278934221482210e+00,2.219236329561238008e-01,3.695647509677332243e-01
3.339999999999999858e+01,1.200999999999999984e-02,5.718337578135802152e-02,8.240717712759371150e-02,1.665278934221482210e+00,2.218901275888212621e-01,3.695089551853809606e-01
3.341666666666666430e+01,1.200999999999999984e-02,5.717427684795313436e-02,8.237104665139868831e-02,1.665278934221482210e+00,2.218567144825092929e-01,3.694533130433127477e-01
3.343333333333333002e+01,1.200999999999999984e-02,5.716519540209328426e-02,8.233497070364236003e-02,1.665278934221482210e+00,2.218233934289076115e-01,3.693978241946838104e-01
3.345000000000000284e+01,1.200999999999999984e-02,5.715613139966276013e-02,8.229894918517043079e-02,1.665278934221482210e+00,2.217901642203075618e-01,3.693424882936012787e-01
3.346666666666666856e+01,1.200999999999999984e-02,5.714708479668235280e-02,8.226298199703123426e-02,1.665278934221482210e+00,2.217570266495713927e-01,3.692873049951230779e-01
3.348333333333333428e+01,1.200999999999999984e-02,5.713805554930698888e-02,8.222706904047547005e-02,1.665278934221482210e+00,2.217239805100712779e-01,3.692322739551561761e-01
3.350000000000000000e+01,1.200999999999999984e-02,5.712904361382718094e-02,8.219121021695602325e-02,1.665278934221482210e+00,2.216910255957456055e-01,3.691773948305505648e-01
3.351666666666666572e+01,1.200999999999999984e-02,5.712004894666793814e-02,8.215540542812625746e-02,1.665278934221482210e+00,2.216581617010875971e-01,3.691226672790801078e-01
3.353333333333333144e+01,1.200999999999999984e-02,5.711107150438887725e-02,8.211965457584076422e-02,1.665278934221482210e+00,2.216253886211537183e-01,3.690680909594566961e-01
3.354999999999999716e+01,1.200999999999999984e-02,5.710211124368362590e-02,8.208395756215455807e-02,1.665278934221482210e+00,2.215927061515612639e-01,3.690136655313260294e-01
3.356666666666666998e+01,1.200999999999999984e-02,5.709316812137762293e-02,8.204831428932268800e-02,1.665278934221482210e+00,2.215601140884325693e-01,3.689593906551749680e-01
3.358333333333333570e+01,1.200999999999999984e-02,5.708424209442944375e-02,8.201272465979980719e-02,1.665278934221482210e+00,2.215276122284496052e-01,3.689052659924223487e-01
3.360000000000000142e+01,1.200999999999999984e-02,5.707533311992974562e-02,8.197718857623960409e-02,1.665278934221482210e+00,2.214952003688350490e-01,3.688512912053872883e-01
3.361666666666666714e+01,1.200999999999999984e-02,5.706644115510142029e-02,8.194170594149453868e-02,1.665278934221482210e+00,2.214628783073692431e-01,3.687974659573176606e-01
3.363333333333333286e+01,1.200999999999999984e-02,5.705756615729899034e-02,8.190627665861527351e-02,1.665278934221482210e+00,2.214306458423853374e-01,3.687437899123819363e-01
3.364999999999999858e+01,1.200999999999999984e-02,5.704870808400640952e-02,8.187090063085061820e-02,1.665278934221482210e+00,2.213985027727109201e-01,3.686902627355719275e-01
3.366666666666666430e+01,1.200999999999999984e-02,5.703986689283840894e-02,8.183557776164732123e-02,1.665278934221482210e+00,2.213664488977215572e-01,3.686368840927919388e-01
3.368333333333333002e+01,1.200999999999999984e-02,5.703104254153947006e-02,8.180030795464814097e-02,1.665278934221482210e+00,2.213344840173320782e-01,3.685836536508444450e-01
3.370000000000000284e+01,1.200999999999999984e-02,5.702223498798393575e-02,8.176509111369281713e-02,1.665278934221482210e+00,2.213026079320033201e-01,3.685305710774410271e-01
3.371666666666666856e+01,1.200999999999999984e-02,5.701344419017543436e-02,8.172992714281723803e-02,1.665278934221482210e+00,2.212708204427397685e-01,3.684776360411986529e-01
3.373333333333333428e+01,1.200999999999999984e-02,5.700467010624474251e-02,8.169481594625335741e-02,1.665278934221482210e+00,2.212391213510328802e-01,3.684248482115451973e-01
3.375000000000000000e+01,1.200999999999999984e-02,5.699591269445108271e-02,8.165975742842909724e-02,1.665278934221482210e+00,2.212075104589122654e-01,3.683722072588048180e-01
3.376666666666666572e+01,1.200999999999999984e-02,5.698717191318113107e-02,8.162475149396611340e-02,1.665278934221482210e+00,2.211759875689399968e-01,3.683197128541881860e-01
3.378333333333333144e+01,1.200999999999999984e-02,5.697844772094908666e-02,8.158979804768104471e-02,1.665278934221482210e+00,2.211445524842138299e-01,3.682673646697982583e-01
3.379999999999999716e+01,1.200999999999999984e-02,5.696974007639618587e-02,8.155489699458465247e-02,1.665278934221482210e+00,2.211132050083678136e-01,3.682151623786308337e-01
3.381666666666666998e+01,1.200999999999999984e-02,5.696104893828853044e-02,8.152004823988125148e-02,1.665278934221482210e+00,2.210819449455171948e-01,3.681631056544832914e-01
3.383333333333333570e+01,1.200999999999999984e-02,5.695237426551839899e-02,8.148525168896841864e-02,1.665278934221482210e+00,2.210507721003115711e-01,3.681111941720426328e-01
3.385000000000000142e+01,1.200999999999999984e-02,5.694371601710325470e-02,8.145050724743659043e-02,1.665278934221482210e+00,2.210196862779160998e-01,3.680594276068545057e-01
3.386666666666666714e+01,1.200999999999999984e-02,5.693507415218584250e-02,8.141581482106854950e-02,1.665278934221482210e+00,2.209886872840277072e-01,3.680078056353500715e-01
3.388333333333333286e+01,1.200999999999999984e-02,5.692644863003368250e-02,8.138117431583903605e-02,1.665278934221482210e+00,2.209577749248715917e-01,3.679563279348402882e-01
3.389999999999999858e+01,1.200999999999999984e-02,5.691783941003695363e-02,8.134658563791453967e-02,1.665278934221482210e+00,2.209269490071446573e-01,3.679049941834215964e-01
3.391666666666666430e+01,1.200999999999999984e-02,5.690924645170977736e-02,8.131204869365296628e-02,1.665278934221482210e+00,2.208962093380684166e-01,3.678538040600640158e-01
3.393333333333333002e+01,1.200999999999999984e-02,5.690066971468923929e-02,8.127756338960234750e-02,1.665278934221482210e+00,2.208655557253763335e-01,3.678027572445901061e-01
3.395000000000000284e+01,1.200999999999999984e-02,5.689210915873551405e-02,8.124312963250128472e-02,1.665278934221482210e+00,2.208349879773241764e-01,3.677518534176922316e-01
3.396666666666666856e+01,1.200999999999999984e-02,5.688356474373132410e-02,8.120874732927824136e-02,1.665278934221482210e+00,2.208045059026872980e-01,3.677010922609280641e-01
3.398333333333333428e+01,1.200999999999999984e-02,5.687503642967987882e-02,8.117441638705168161e-02,1.665278934221482210e+00,2.207741093107030705e-01,3.676504734566246047e-01
3.400000000000000000e+01,1.200999999999999984e-02,5.686652417670617909e-02,8.114013671313012599e-02,1.665278934221482210e+00,2.207437980111216225e-01,3.675999966879627823e-01
3.401666666666666572e+01,1.200999999999999984e-02,5.685802794505599028e-02,8.110590821500905656e-02,1.665278934221482210e+00,2.207135718142040348e-01,3.675496616389742899e-01
3.403333333333333144e+01,1.200999999999999984e-02,5.684954769509599493e-02,8.107173080037299862e-02,1.665278934221482210e+00,2.206834305307220911e-01,3.674994679945414178e-01
3.404999999999999716e+01,1.200999999999999984e-02,5.684108338731327231e-02,8.103760437709442432e-02,1.665278934221482210e+00,2.206533739719584719e-01,3.674494154403971646e-01
3.406666666666666998e+01,1.200999999999999984e-02,5.683263498231327232e-02,8.100352885323325314e-02,1.665278934221482210e+00,2.206234019496545185e-01,3.673995036630383626e-01
3.408333333333333570e+01,1.200999999999999984e-02,5.682420244082107136e-02,8.096950413703653260e-02,1.665278934221482210e+00,2.205935142760619971e-01,3.673497323498118305e-01
3.410000000000000142e+01,1.200999999999999984e-02,5.681578572368040092e-02,8.093553013693803588e-02,1.665278934221482210e+00,2.205637107639238370e-01,3.673001011888823442e-01
3.411666666666666714e+01,1.200999999999999984e-02,5.680738479185377943e-02,8.090160676155776220e-02,1.665278934221482210e+00,2.205339912264912550e-01,3.672506098692610577e-01
3.413333333333333286e+01,1.200999999999999984e-02,5.679899960642199180e-02,8.086773391970163150e-02,1.665278934221482210e+00,2.205043554775182324e-01,3.672012580807964000e-01
3.414999999999999858e+01,1.200999999999999984e-02,5.679063012858213272e-02,8.083391152036091543e-02,1.665278934221482210e+00,2.204748033312113609e-01,3.671520455140905304e-01
3.416666666666666430e+01,1.200999999999999984e-02,5.678227631964880007e-02,8.080013947271175168e-02,1.665278934221482210e+00,2.204453346022809956e-01,3.671029718605845482e-01
3.418333333333333002e+01,1.200999999999999984e-02,5.677393814105317904e-02,8.076641768611519945e-02,1.665278934221482210e+00,2.204159491059201892e-01,3.670540368125232433e-01
3.420000000000000284e+01,1.200999999999999984e-02,5.676561555434313927e-02,8.073274607011646231e-02,1.665278934221482210e+00,2.203866466578224548e-01,3.670052400629849609e-01
3.421666666666666856e+01,1.200999999999999984e-02,5.675730852118274911e-02,8.069912453444447187e-02,1.665278934221482210e+00,2.203574270741780750e-01,3.669565813058752735e-01
3.423333333333333428e+01,1.200999999999999984e-02,5.674901700335034660e-02,8.066555298901229021e-02,1.665278934221482210e+00,2.203282901716172859e-01,3.669080602358323340e-01
3.425000000000000000e+01,1.200999999999999984e-02,5.674074096273971218e-02,8.063203134391726257e-02,1.665278934221482210e+00,2.202992357672562684e-01,3.668596765483035371e-01
3.426666666666666572e+01,1.200999999999999984e-02,5.673248036135917355e-02,8.059855950943713154e-02,1.665278934221482210e+00,2.202702636787047530e-01,3.668114299395582867e-01
3.428333333333333144e+01,1.200999999999999984e-02,5.672423516133169585e-02,8.056513739603289592e-02,1.665278934221482210e+00,2.202413737240574154e-01,3.667633201066735071e-01
3.429999999999999716e+01,1.200999999999999984e-02,5.671600532489440988e-02,8.053176491434749229e-02,1.665278934221482210e+00,2.202125657218966526e-01,3.667153467475381401e-01
3.431666666666666998e+01,1.200999999999999984e-02,5.670779081439671770e-02,8.049844197520562850e-02,1.665278934221482210e+00,2.201838394912407904e-01,3.666675095607673796e-01
3.433333333333333570e+01,1.200999999999999984e-02,5.669959159230144458e-02,8.046516848961372814e-02,1.665278934221482210e+00,2.201551948515907686e-01,3.666198082457798324e-01
3.435000000000000142e+01,1.200999999999999984e-02,5.669140762118395072e-02,8.043194436875802933e-02,1.665278934221482210e+00,2.201266316229235354e-01,3.665722425027869158e-01
3.436666666666666714e+01,1.200999999999999984e-02,5.668323886373224235e-02,8.039876952400559773e-02,1.665278934221482210e+00,2.200981496256971259e-01,3.665248120328012393e-01
3.438333333333333286e+01,1.200999999999999984e-02,5.667508528274647212e-02,8.036564386690348005e-02,1.665278934221482210e+00,2.200697486808491643e-01,3.664775165376339405e-01
3.439999999999999858e+01,1.200999999999999984e-02,5.666694684113713493e-02,8.033256730917777422e-02,1.665278934221482210e+00,2.200414286097527594e-01,3.664303557198214656e-01
3.441666666666666430e+01,1.200999999999999984e-02,5.665882350192615047e-02,8.029953976273269955e-02,1.665278934221482210e+00,2.200131892342676310e-01,3.663833292827105015e-01
3.443333333333333002e+01,1.200999999999999984e-02,5.665071522824601663e-02,8.026656113965315031e-02,1.665278934221482210e+00,2.199850303767021120e-01,3.663364369303948598e-01
3.445000000000000284e+01,1.200999999999999984e-02,5.664262198333955278e-02,8.023363135220153153e-02,1.665278934221482210e+00,2.199569518598364082e-01,3.662896783677542234e-01
3.446666666666666856e+01,1.200999999999999984e-02,5.663454373056004548e-02,8.020075031281818922e-02,1.665278934221482210e+00,2.199289535069326729e-01,3.662430533004707445e-01
3.448333333333333428e+01,1.200999999999999984e-02,5.662648043906134965e-02,8.016791793412146594e-02,1.665278934221482210e+00,2.199010353302978671e-01,3.661965617490389180e-01
3.450000000000000000e+01,1.200999999999999984e-02,5.661843208781137254e-02,8.013513412890789500e-02,1.665278934221482210e+00,2.198731976654566822e-01,3.661502042722010186e-01
3.451666666666666572e+01,1.200996740740740802e-02,5.661040827138124482e-02,8.010239881014898089e-02,1.665283453447556017e+00,2.198457601751556412e-01,3.661055067302863564e-01
3.453333333333333144e+01,1.200987259259259261e-02,5.660242462063479196e-02,8.006971189099339192e-02,1.665296600426513285e+00,2.198192445885715496e-01,3.660642407216724292e-01
3.454999999999999716e+01,1.200971999999999977e-02,5.659448315816711234e-02,8.003707328476582228e-02,1.665317759281648602e+00,2.197937219917629192e-01,3.660263886114962228e-01
3.456666666666666998e+01,1.200951407407407391e-02,5.658658191405020049e-02,8.000448290496776915e-02,1.665346314317216692e+00,2.197691307473073064e-01,3.659917118907267120e-01
3.458333333333333570e+01,1.200925925925925945e-02,5.657871970656222493e-02,7.997194066527822665e-02,1.665381649961449551e+00,2.197454352287317170e-01,3.659600154927220572e-01
3.460000000000000142e+01,1.200896000000000081e-02,5.657089499424794443e-02,7.993944647954738525e-02,1.665423150714133271e+00,2.197225876329087779e-01,3.659310841786612145e-01
3.461666666666666714e+01,1.200862074074074068e-02,5.656310583563434885e-02,7.990700026180176663e-02,1.665470201098741665e+00,2.197005265680305464e-01,3.659046801647572456e-01
3.463333333333333286e+01,1.200824592592592693e-02,5.655535004172655700e-02,7.987460192624225297e-02,1.665522185619116469e+00,2.196791820836519749e-01,3.658805514789839064e-01
3.464999999999999858e+01,1.200784000000000053e-02,5.654762529396864523e-02,7.984225138724287962e-02,1.665578488720702355e+00,2.196584795768764808e-01,3.658584384483412055e-01
3.466666666666666430e+01,1.200740740740740761e-02,5.653992947405662994e-02,7.980994855934951671e-02,1.665638494756323196e+00,2.196383508286088582e-01,3.658380920649252910e-01
3.468333333333333002e+01,1.200695259259259261e-02,5.653226039063353331e-02,7.977769335728422673e-02,1.665701587956508689e+00,2.196187248640769363e-01,3.658192587510765148e-01
3.470000000000000284e+01,1.200647999999999993e-02,5.652461576085076461e-02,7.974548569594051839e-02,1.665767152404368456e+00,2.195995273193813713e-01,3.658016792921512383e-01
3.471666666666666856e+01,1.200599407407407400e-02,5.651699331167306384e-02,7.971332549038422088e-02,1.665834572015015835e+00,2.195806838326161414e-01,3.657850944750706268e-01
3.473333333333333428e+01,1.200549925925925923e-02,5.650939077141249600e-02,7.968121265585233204e-02,1.665903230519544698e+00,2.195621197599502139e-01,3.657692446078202320e-01
3.475000000000000000e+01,1.200499999999999831e-02,5.650180587098328766e-02,7.964914710775194973e-02,1.665972511453561289e+00,2.195437602176189829e-01,3.657538695837051490e-01
3.476666666666666572e+01,1.200450074074074086e-02,5.649423629761707311e-02,7.961712876166368580e-02,1.666041798150273978e+00,2.195255285195380213e-01,3.657387062745803830e-01
3.478333333333333144e+01,1.200400592592592609e-02,5.648667982741226862e-02,7.958515753333768317e-02,1.666110473738149578e+00,2.195073506476132863e-01,3.657234959765011117e-01
3.479999999999999716e+01,1.200352000000000016e-02,5.647913416162758660e-02,7.955323333869432356e-02,1.666177921143131346e+00,2.194891497297870586e-01,3.657079752102501136e-01
3.481666666666666998e+01,1.200304740740740748e-02,5.647159704324676566e-02,7.952135609382615655e-02,1.666243523095431112e+00,2.194708499730078366e-01,3.656918822757733722e-01
3.483333333333333570e+01,1.200259259259259248e-02,5.646406621845263124e-02,7.948952571500006448e-02,1.666306662140895511e+00,2.194523753642555475e-01,3.656749550921035707e-01
3.485000000000000142e+01,1.200215999999999957e-02,5.645653942962054750e-02,7.945774211864393977e-02,1.666366720656948575e+00,2.194336494328841258e-01,3.656569308072615820e-01
3.486666666666666714e+01,1.200175407407407316e-02,5.644901443861370660e-02,7.942600522135824515e-02,1.666423080873117080e+00,2.194145960406707341e-01,3.656375471226249729e-01
3.488333333333333286e+01,1.200137925925925941e-02,5.644148900382316147e-02,7.939431493991228050e-02,1.666475124896138471e+00,2.193951386039952600e-01,3.656165410066986032e-01
3.489999999999999858e+01,1.200104000000000101e-02,5.643396091258808672e-02,7.936267119124434943e-02,1.666522234739655772e+00,2.193752011964110460e-01,3.655936505443045381e-01
3.491666666666666430e+01,1.200074074074074064e-02,5.642642795147100043e-02,7.933107389246198127e-02,1.666563792358496388e+00,2.193547075402937363e-01,3.655686132700408097e-01
3.493333333333333002e+01,1.200048592592592618e-02,5.641888792495371868e-02,7.929952296083872532e-02,1.666599179687538568e+00,2.193335816440543928e-01,3.655411672459107919e-01
3.495000000000000284e+01,1.200028000000000032e-02,5.641133865320899221e-02,7.926801831381646846e-02,1.666627778685163985e+00,2.193117477287423456e-01,3.655110509567149335e-01
3.496666666666666856e+01,1.200012740740740748e-02,5.640377795261598132e-02,7.923655986900429715e-02,1.666648971381291533e+00,2.192891295641574145e-01,3.654780022232017034e-01
3.498333333333333428e+01,1.200003259259259381e-02,5.639620365612255104e-02,7.920514754417355696e-02,1.666662139929990127e+00,2.192656511646271789e-01,3.654417593831802424e-01
3.500000000000000000e+01,1.200000000000000025e-02,5.638861527523830047e-02,7.917378125725282878e-02,1.666666666666666741e+00,2.192412937415564311e-01,3.654021562359274222e-01
3.501666666666666572e+01,1.200000000000000025e-02,5.638101933171862923e-02,7.914246092635195129e-02,1.666666666666666741e+00,2.192162789039672210e-01,3.653604648399453869e-01
3.503333333333333144e+01,1.200000000000000025e-02,5.637342385747192569e-02,7.911118646973909485e-02,1.666666666666666741e+00,2.191908810780068828e-01,3.653181351300114899e-01
3.504999999999999716e+01,1.200000000000000025e-02,5.636584458318560226e-02,7.907995780584670120e-02,1.666666666666666741e+00,2.191656405309199418e-01,3.652760675515332456e-01
3.506666666666666998e+01,1.200000000000000025e-02,5.635827661353488838e-02,7.904877485327584108e-02,1.666666666666666741e+00,2.191403900376827085e-01,3.652339833961378845e-01
3.508333333333333570e+01,1.200000000000000025e-02,5.635072034776598959e-02,7.901763753080071062e-02,1.666666666666666741e+00,2.191151440528741889e-01,3.651919067547903519e-01
3.510000000000000142e+01,1.200000000000000025e-02,5.634317630213819122e-02,7.898654575734283256e-02,1.666666666666666741e+00,2.190899211272406000e-01,3.651498685454009907e-01
3.511666666666666714e+01,1.200000000000000025e-02,5.633564500771279238e-02,7.895549945199416275e-02,1.666666666666666741e+00,2.190647404004782417e-01,3.651079006674637362e-01
3.513333333333333286e+01,1.200000000000000025e-02,5.632812665892267950e-02,7.892449853400998472e-02,1.666666666666666741e+00,2.190396094582535702e-01,3.650660157637559688e-01
3.514999999999999858e+01,1.200000000000000025e-02,5.632062120674613537e-02,7.889354292281101910e-02,1.666666666666666741e+00,2.190145274936744768e-01,3.650242124894574891e-01
3.516666666666666430e+01,1.200000000000000025e-02,5.631312880741487503e-02,7.886263253798525552e-02,1.666666666666666741e+00,2.189895008034052348e-01,3.649825013390087247e-01
3.518333333333333002e+01,1.200000000000000025e-02,5.630564948741153403e-02,7.883176729927565685e-02,1.666666666666666741e+00,2.189645312104301633e-01,3.649408853507169481e-01
3.520000000000000284e+01,1.200000000000000025e-02,5.629818332209013398e-02,7.880094712659102552e-02,1.666666666666666741e+00,2.189396222397785030e-01,3.648993703996308291e-01
3.521666666666666856e+01,1.200000000000000025e-02,5.629073026869349516e-02,7.877017194000246469e-02,1.666666666666666741e+00,2.189147733255403794e-01,3.648579555425673360e-01
3.523333333333333428e+01,1.200000000000000025e-02,5.628329036531367485e-02,7.873944165973469078e-02,1.666666666666666741e+00,2.188899867096136820e-01,3.648166445160228033e-01
3.525000000000000000e+01,1.200000000000000025e-02,5.627586359154923557e-02,7.870875620615724877e-02,1.666666666666666741e+00,2.188652626047357663e-01,3.647754376745596105e-01
3.526666666666666572e+01,1.200000000000000025e-02,5.626844995364681246e-02,7.867811549982856034e-02,1.666666666666666741e+00,2.188406021511554722e-01,3.647343369185924722e-01
3.528333333333333144e+01,1.200000000000000025e-02,5.626104943999821195e-02,7.864751946145451256e-02,1.666666666666666741e+00,2.188160058689551657e-01,3.646933431149252947e-01
3.529999999999999716e+01,1.200000000000000025e-02,5.625366205881474069e-02,7.861696801189956008e-02,1.666666666666666741e+00,2.187914749707033646e-01,3.646524582845055984e-01
3.531666666666666998e+01,1.200000000000000025e-02,5.624628781045202391e-02,7.858646107219348365e-02,1.666666666666666741e+00,2.187670103972938207e-01,3.646116839954897104e-01
3.533333333333333570e+01,1.200000000000000025e-02,5.623892666973917542e-02,7.855599856353795429e-02,1.666666666666666741e+00,2.187426121978245097e-01,3.645710203297075069e-01
3.535000000000000142e+01,1.200000000000000025e-02,5.623157860302054750e-02,7.852558040726891064e-02,1.666666666666666741e+00,2.187182801223401252e-01,3.645304668705668938e-01
3.536666666666666714e+01,1.200000000000000025e-02,5.622424362105656742e-02,7.849520652489067052e-02,1.666666666666666741e+00,2.186940154758363897e-01,3.644900257930606680e-01
3.538333333333333286e+01,1.200000000000000025e-02,5.621692171499214491e-02,7.846487683806570301e-02,1.666666666666666741e+00,2.186698188778886665e-01,3.644496981298144811e-01
3.539999999999999858e+01,1.200000000000000025e-02,5.620961283937105785e-02,7.843459126861718200e-02,1.666666666666666741e+00,2.186456896618094448e-01,3.644094827696824357e-01
3.541666666666666430e+01,1.200000000000000025e-02,5.620231696154089074e-02,7.840434973853142864e-02,1.666666666666666741e+00,2.186216276065350295e-01,3.643693793442250861e-01
3.543333333333333002e+01,1.200000000000000025e-02,5.619503407941528472e-02,7.837415216994304823e-02,1.666666666666666741e+00,2.185976335649129909e-01,3.643293892748549756e-01
3.545000000000000284e+01,1.200000000000000025e-02,5.618776417433089115e-02,7.834399848514812803e-02,1.666666666666666741e+00,2.185737078066329608e-01,3.642895130110549440e-01
3.546666666666666856e+01,1.200000000000000025e-02,5.618050720331143472e-02,7.831388860660017104e-02,1.666666666666666741e+00,2.185498497420194641e-01,3.642497495700324772e-01
3.548333333333333428e+01,1.200000000000000025e-02,5.617326314250375291e-02,7.828382245689913255e-02,1.666666666666666741e+00,2.185260594527488887e-01,3.642100990879148514e-01
3.550000000000000000e+01,1.200000000000000025e-02,5.616603197420640126e-02,7.825379995878055384e-02,1.666666666666666741e+00,2.185023372365640371e-01,3.641705620609400618e-01
3.551666666666666572e+01,1.200000000000000025e-02,5.615881367466062091e-02,7.822382103517108720e-02,1.666666666666666741e+00,2.184786831755603231e-01,3.641311386259338811e-01
3.553333333333333144e+01,1.200000000000000025e-02,5.615160820601314967e-02,7.819388560913635711e-02,1.666666666666666741e+00,2.184550968504716806e-01,3.640918280841194954e-01
3.554999999999999716e+01,1.200000000000000025e-02,5.614441554802739043e-02,7.816399360389530981e-02,1.666666666666666741e+00,2.184315784634650315e-01,3.640526307724417099e-01
3.556666666666666998e+01,1.200000000000000025e-02,5.613723567702821188e-02,7.813414494282941436e-02,1.666666666666666741e+00,2.184081280932419489e-01,3.640135468220699333e-01
3.558333333333333570e+01,1.200000000000000025e-02,5.613006856772972258e-02,7.810433954949216884e-02,1.666666666666666741e+00,2.183847457593229568e-01,3.639745762655382522e-01
3.560000000000000142e+01,1.200000000000000025e-02,5.612291419484604499e-02,7.807457734755701706e-02,1.666666666666666741e+00,2.183614314794955769e-01,3.639357191324926188e-01
3.561666666666666714e+01,1.200000000000000025e-02,5.611577252273022842e-02,7.804485826086474121e-02,1.666666666666666741e+00,2.183381849001174713e-01,3.638969748335291188e-01
3.563333333333333286e+01,1.200000000000000025e-02,5.610864352868557420e-02,7.801518221340961179e-02,1.666666666666666741e+00,2.183150061260717700e-01,3.638583435434529778e-01
3.564999999999999858e+01,1.200000000000000025e-02,5.610152718748766948e-02,7.798554912933851335e-02,1.666666666666666741e+00,2.182918951703279042e-01,3.638198252838798497e-01
3.566666666666666430e+01,1.200000000000000025e-02,5.609442347272800694e-02,7.795595893295007017e-02,1.666666666666666741e+00,2.182688520015085287e-01,3.637814200025142330e-01
3.568333333333333002e+01,1.200000000000000025e-02,5.608733235799810007e-02,7.792641154869750508e-02,1.666666666666666741e+00,2.182458765860217365e-01,3.637431276433695793e-01
3.570000000000000284e+01,1.200000000000000025e-02,5.608025380910211521e-02,7.789690690118544758e-02,1.666666666666666741e+00,2.182229686090249032e-01,3.637049476817081906e-01
3.571666666666666856e+01,1.200000000000000025e-02,5.607318780157757171e-02,7.786744491517048894e-02,1.666666666666666741e+00,2.182001281014368799e-01,3.636668801690614572e-01
3.573333333333333428e+01,1.200000000000000025e-02,5.606613430906216833e-02,7.783802551555471516e-02,1.666666666666666741e+00,2.181773550240780346e-01,3.636289250401300577e-01
3.575000000000000000e+01,1.200000000000000025e-02,5.605909330430365600e-02,7.780864862737910115e-02,1.666666666666666741e+00,2.181546493036566059e-01,3.635910821727610376e-01
3.576666666666666572e+01,1.200000000000000025e-02,5.605206476004979260e-02,7.777931417585588758e-02,1.666666666666666741e+00,2.181320108643628741e-01,3.635533514406047995e-01
3.578333333333333144e+01,1.200000000000000025e-02,5.604504864589245072e-02,7.775002208633799428e-02,1.666666666666666741e+00,2.181094395144134723e-01,3.635157325240224724e-01
3.579999999999999716e+01,1.200000000000000025e-02,5.603804493482106991e-02,7.772077228432723583e-02,1.666666666666666741e+00,2.180869351817063262e-01,3.634782253028439047e-01
3.581666666666666998e+01,1.200000000000000025e-02,5.603105359915695749e-02,7.769156469547879029e-02,1.666666666666666741e+00,2.180644977676518270e-01,3.634408296127530358e-01
3.583333333333333570e+01,1.200000000000000025e-02,5.602407461079726703e-02,7.766239924560586205e-02,1.666666666666666741e+00,2.180421271558166674e-01,3.634035452596944826e-01
3.585000000000000142e+01,1.200000000000000025e-02,5.601710794155297796e-02,7.763327586065313368e-02,1.666666666666666741e+00,2.180198232242699374e-01,3.633663720404499142e-01
3.586666666666666714e+01,1.200000000000000025e-02,5.601015356575095305e-02,7.760419446672060795e-02,1.666666666666666741e+00,2.179975859396004467e-01,3.633293098993340964e-01
3.588333333333333286e+01,1.200000000000000025e-02,5.600321145483048990e-02,7.757515499005637749e-02,1.666666666666666741e+00,2.179754151615585500e-01,3.632923586025976204e-01
3.589999999999999858e+01,1.200000000000000025e-02,5.599628158069559769e-02,7.754615735705923385e-02,1.666666666666666741e+00,2.179533107641307699e-01,3.632555179402179868e-01
3.591666666666666430e+01,1.200000000000000025e-02,5.598936391551381092e-02,7.751720149428126261e-02,1.666666666666666741e+00,2.179312726282897905e-01,3.632187877138163268e-01
3.593333333333333002e+01,1.200000000000000025e-02,5.598245843143751649e-02,7.748828732841231415e-02,1.666666666666666741e+00,2.179093006320242942e-01,3.631821677200405274e-01
3.595000000000000284e+01,1.200000000000000025e-02,5.597556510171144972e-02,7.745941478629385368e-02,1.666666666666666741e+00,2.178873946905355019e-01,3.631456578175591976e-01
3.596666666666666856e+01,1.200000000000000025e-02,5.596868389861509030e-02,7.743058379491468690e-02,1.666666666666666741e+00,2.178655546814857735e-01,3.631092578024763262e-01
3.598333333333333428e+01,1.200000000000000025e-02,5.596181479457949803e-02,7.740179428140825380e-02,1.666666666666666741e+00,2.178437804855700433e-01,3.630729674759500814e-01
3.600000000000000000e+01,1.200000000000000025e-02,5.595495776218856188e-02,7.737304617303311649e-02,1.666666666666666741e+00,2.178220719867368926e-01,3.630367866445615155e-01
3.601666666666666572e+01,1.200000000000000025e-02,5.594811277840532754e-02,7.734433941412112434e-02,1.666666666666666741e+00,2.178004290917683605e-01,3.630007151529472953e-01
3.603333333333333144e+01,1.200000000000000025e-02,5.594127980371204484e-02,7.731567386943195841e-02,1.666666666666666741e+00,2.177788517373281940e-01,3.629647528955470270e-01
3.604999999999999716e+01,1.200000000000000025e-02,5.593445880131035775e-02,7.728704946290755606e-02,1.666666666666666741e+00,2.177573394862925560e-01,3.629288991438209266e-01
3.606666666666666998e+01,1.200000000000000025e-02,5.592764978381321167e-02,7.725846623332816021e-02,1.666666666666666741e+00,2.177358927939436473e-01,3.628931546565727362e-01
3.608333333333333570e+01,1.200000000000000025e-02,5.592085267416689598e-02,7.722992396118703862e-02,1.666666666666666741e+00,2.177145108896014203e-01,3.628575181493357005e-01
3.610000000000000142e+01,1.200000000000000025e-02,5.591406749809959414e-02,7.720142272769460468e-02,1.666666666666666741e+00,2.176931943694975502e-01,3.628219906158292596e-01
3.611666666666666714e+01,1.200000000000000025e-02,5.590729419968891445e-02,7.717296240767210214e-02,1.666666666666666741e+00,2.176719424809619163e-01,3.627865708016032031e-01
3.613333333333333286e+01,1.200000000000000025e-02,5.590053274952144075e-02,7.714454292829273085e-02,1.666666666666666741e+00,2.176507550238098998e-01,3.627512583730165274e-01
3.614999999999999858e+01,1.200000000000000025e-02,5.589378312803237187e-02,7.711616418802740014e-02,1.666666666666666741e+00,2.176296323895582918e-01,3.627160539825971530e-01
3.616666666666666430e+01,1.200000000000000025e-02,5.588704530886736549e-02,7.708782616110988750e-02,1.666666666666666741e+00,2.176085741114812122e-01,3.626809568524687055e-01
3.618333333333333002e+01,1.200000000000000025e-02,5.588031926509418740e-02,7.705952873831985184e-02,1.666666666666666741e+00,2.175875803697099875e-01,3.626459672828499792e-01
3.620000000000000284e+01,1.200000000000000025e-02,5.587360496948799021e-02,7.703127184890484758e-02,1.666666666666666741e+00,2.175666510238813134e-01,3.626110850398022167e-01
3.621666666666666856e+01,1.200000000000000025e-02,5.586690239334726749e-02,7.700305544328531204e-02,1.666666666666666741e+00,2.175457857070638990e-01,3.625763095117731649e-01
3.623333333333333428e+01,1.200000000000000025e-02,5.586021151053747330e-02,7.697487944418840433e-02,1.666666666666666741e+00,2.175249843684267659e-01,3.625416406140446468e-01
3.625000000000000000e+01,1.200000000000000025e-02,5.585353229398303671e-02,7.694674378124990999e-02,1.666666666666666741e+00,2.175042468654587724e-01,3.625070781090979910e-01
3.626666666666666572e+01,1.200000000000000025e-02,5.584686471755719722e-02,7.691864838410562843e-02,1.666666666666666741e+00,2.174835730894964791e-01,3.624726218158274560e-01
3.628333333333333144e+01,1.200000000000000025e-02,5.584020875409963919e-02,7.689059318012901600e-02,1.666666666666666741e+00,2.174629629105003792e-01,3.624382715175006320e-01
3.629999999999999716e+01,1.200000000000000025e-02,5.583356437666587430e-02,7.686257809770392913e-02,1.666666666666666741e+00,2.174424161969492342e-01,3.624040269949154180e-01
3.631666666666666998e+01,1.200000000000000025e-02,5.582693155932644258e-02,7.683460306708128629e-02,1.666666666666666741e+00,2.174219328386734762e-01,3.623698880644558029e-01
3.633333333333333570e+01,1.200000000000000025e-02,5.582031027623988312e-02,7.680666801741452276e-02,1.666666666666666741e+00,2.174015127364412603e-01,3.623358545607354708e-01
3.635000000000000142e+01,1.200000000000000025e-02,5.581370050035968505e-02,7.677877287849654842e-02,1.666666666666666741e+00,2.173811557396503613e-01,3.623019262327505929e-01
3.636666666666666714e+01,1.200000000000000025e-02,5.580710220548647932e-02,7.675091758319102508e-02,1.666666666666666741e+00,2.173608617030060031e-01,3.622681028383433754e-01
3.638333333333333286e+01,1.200000000000000025e-02,5.580051536725677552e-02,7.672310205915690295e-02,1.666666666666666741e+00,2.173406305908305580e-01,3.622343843180509393e-01
3.639999999999999858e+01,1.200000000000000025e-02,5.579393995813648754e-02,7.669532623605787580e-02,1.666666666666666741e+00,2.173204622314744983e-01,3.622007703857908489e-01
3.641666666666666430e+01,1.200000000000000025e-02,5.578737595184726783e-02,7.666759004355759577e-02,1.666666666666666741e+00,2.173003564988715830e-01,3.621672608314526753e-01
3.643333333333333002e+01,1.200000000000000025e-02,5.578082332211074801e-02,7.663989341741925254e-02,1.666666666666666741e+00,2.172803132159269457e-01,3.621338553598782428e-01
3.645000000000000284e+01,1.200000000000000025e-02,5.577428204309632653e-02,7.661223628751535897e-02,1.666666666666666741e+00,2.172603322689508898e-01,3.621005537815848441e-01
3.646666666666666856e+01,1.200000000000000025e-02,5.576775209159906543e-02,7.658461858313128645e-02,1.666666666666666741e+00,2.172404136465408142e-01,3.620673560775680144e-01
3.648333333333333428e+01,1.200000000000000025e-02,5.576123343987945957e-02,7.655704023488998922e-02,1.666666666666666741e+00,2.172205571548559144e-01,3.620342619247598481e-01
3.650000000000000000e+01,1.200000000000000025e-02,5.575472606199394221e-02,7.652950117582009437e-02,1.666666666666666741e+00,2.172007626464713681e-01,3.620012710774522802e-01
3.651666666666666572e+01,1.200000000000000025e-02,5.574822993199892579e-02,7.650200134133001983e-02,1.666666666666666741e+00,2.171810299531020394e-01,3.619683832551700564e-01
3.653333333333333144e+01,1.200000000000000025e-02,5.574174502440018553e-02,7.647454065954026325e-02,1.666666666666666741e+00,2.171613589817470158e-01,3.619355983029117207e-01
3.654999999999999716e+01,1.200000000000000025e-02,5.573527131633856241e-02,7.644711906181182737e-02,1.666666666666666741e+00,2.171417497112598516e-01,3.619029161854330767e-01
3.656666666666666998e+01,1.200000000000000025e-02,5.572880878040410713e-02,7.641973647950570103e-02,1.666666666666666741e+00,2.171222019474676190e-01,3.618703365791127169e-01
3.658333333333333570e+01,1.200000000000000025e-02,5.572235739098922030e-02,7.639239284614911252e-02,1.666666666666666741e+00,2.171027155450952206e-01,3.618378592418253770e-01
3.660000000000000142e+01,1.200000000000000025e-02,5.571591712248630257e-02,7.636508809741228421e-02,1.666666666666666741e+00,2.170832903398856872e-01,3.618054838998094880e-01
3.661666666666666714e+01,1.200000000000000025e-02,5.570948794972543916e-02,7.633782216240277141e-02,1.666666666666666741e+00,2.170639262368476430e-01,3.617732103947460809e-01
3.663333333333333286e+01,1.200000000000000025e-02,5.570306985010328032e-02,7.631059497314615636e-02,1.666666666666666741e+00,2.170446232132963449e-01,3.617410386888272322e-01
3.664999999999999858e+01,1.200000000000000025e-02,5.569666279658397334e-02,7.628340646166800743e-02,1.666666666666666741e+00,2.170253810771320679e-01,3.617089684618867707e-01
3.666666666666666430e+01,1.200000000000000025e-02,5.569026676388716401e-02,7.625625656215621884e-02,1.666666666666666741e+00,2.170061996836924190e-01,3.616769994728207260e-01
3.668333333333333002e+01,1.200000000000000025e-02,5.568388172673249814e-02,7.622914521093782092e-02,1.666666666666666741e+00,2.169870788692968289e-01,3.616451314488280389e-01
3.670000000000000284e+01,1.200000000000000025e-02,5.567750766017053737e-02,7.620207233778902856e-02,1.666666666666666741e+00,2.169680185357157065e-01,3.616133642261928349e-01
3.671666666666666856e+01,1.200000000000000025e-02,5.567114454140770219e-02,7.617503787539878224e-02,1.666666666666666741e+00,2.169490186417749322e-01,3.615816977362915630e-01
3.673333333333333428e+01,1.200000000000000025e-02,5.566479234445647489e-02,7.614804175645605022e-02,1.666666666666666741e+00,2.169300790232979448e-01,3.615501317054966024e-01
3.675000000000000000e+01,1.200000000000000025e-02,5.565845104463431475e-02,7.612108391530558738e-02,1.666666666666666741e+00,2.169111995508987700e-01,3.615186659181646167e-01
3.676666666666666572e+01,1.200000000000000025e-02,5.565212061732398297e-02,7.609416428846832448e-02,1.666666666666666741e+00,2.168923800783572609e-01,3.614873001305954348e-01
3.678333333333333144e+01,1.200000000000000025e-02,5.564580103796878952e-02,7.606728280765352734e-02,1.666666666666666741e+00,2.168736205004771489e-01,3.614560341674619148e-01
3.679999999999999716e+01,1.200000000000000025e-02,5.563949228204629477e-02,7.604043940678802127e-02,1.666666666666666741e+00,2.168549206937588625e-01,3.614248678229314282e-01
3.681666666666666998e+01,1.200000000000000025e-02,5.563319432514537977e-02,7.601363401993095625e-02,1.666666666666666741e+00,2.168362805366531865e-01,3.613938008944219682e-01
3.683333333333333570e+01,1.200000000000000025e-02,5.562690714290143695e-02,7.598686658119122028e-02,1.666666666666666741e+00,2.168176999077706113e-01,3.613628331796177040e-01
3.685000000000000142e+01,1.200000000000000025e-02,5.562063071101423783e-02,7.596013702470144624e-02,1.666666666666666741e+00,2.167991786867909387e-01,3.613319644779849349e-01
3.686666666666666714e+01,1.200000000000000025e-02,5.561436500526125565e-02,7.593344528496671908e-02,1.666666666666666741e+00,2.167807167520716671e-01,3.613011945867861119e-01
3.688333333333333286e+01,1.200000000000000025e-02,5.560811000157129397e-02,7.590679129651385637e-02,1.666666666666666741e+00,2.167623139864201798e-01,3.612705233107003089e-01
3.689999999999999858e+01,1.200000000000000025e-02,5.560186567580870792e-02,7.588017499399536681e-02,1.666666666666666741e+00,2.167439702679153091e-01,3.612399504465255151e-01
3.691666666666666430e+01,1.200000000000000025e-02,5.559563200395484933e-02,7.585359631233301592e-02,1.666666666666666741e+00,2.167256854756990370e-01,3.612094757928317468e-01
3.693333333333333002e+01,1.200000000000000025e-02,5.558940896205807197e-02,7.582705518676287337e-02,1.666666666666666741e+00,2.167074594876733373e-01,3.611790991461222289e-01
3.695000000000000284e+01,1.200000000000000025e-02,5.558319652622492613e-02,7.580055155222981123e-02,1.666666666666666741e+00,2.166892921852405784e-01,3.611488203087342974e-01
3.696666666666666856e+01,1.200000000000000025e-02,5.557699467257158632e-02,7.577408534399662776e-02,1.666666666666666741e+00,2.166711834463210806e-01,3.611186390772018195e-01
3.698333333333333428e+01,1.200000000000000025e-02,5.557080337736623743e-02,7.574765649746327545e-02,1.666666666666666741e+00,2.166531331523881831e-01,3.610885552539803145e-01
3.700000000000000000e+01,1.200000000000000025e-02,5.556462261690934407e-02,7.572126494809844344e-02,1.666666666666666741e+00,2.166351411844129049e-01,3.610585686406881933e-01
3.701666666666666572e+01,1.200000000000000025e-02,5.555845236756663114e-02,7.569491063141788045e-02,1.666666666666666741e+00,2.166172074243306045e-01,3.610286790405510260e-01
3.703333333333333144e+01,1.200000000000000025e-02,5.555229260576104861e-02,7.566859348327377444e-02,1.666666666666666741e+00,2.165993317522954820e-01,3.609988862538258125e-01
3.704999999999999716e+01,1.200000000000000025e-02,5.554614330792847360e-02,7.564231343956372144e-02,1.666666666666666741e+00,2.165815140474059430e-01,3.609691900790099051e-01
3.706666666666666998e+01,1.200000000000000025e-02,5.554000445064759955e-02,7.561607043631704550e-02,1.666666666666666741e+00,2.165637541920419074e-01,3.609395903200698363e-01
3.708333333333333570e+01,1.200000000000000025e-02,5.553387601053069722e-02,7.558986440960784037e-02,1.666666666666666741e+00,2.165460520683535062e-01,3.609100867805891677e-01
3.710000000000000142e+01,1.200000000000000025e-02,5.552775796425370863e-02,7.556369529552756092e-02,1.666666666666666741e+00,2.165284075596721480e-01,3.608806792661202745e-01
3.711666666666666714e+01,1.200000000000000025e-02,5.552165028855306911e-02,7.553756303055221555e-02,1.666666666666666741e+00,2.165108205472833225e-01,3.608513675788055375e-01
3.713333333333333286e+01,1.200000000000000025e-02,5.551555296020793673e-02,7.551146755117303655e-02,1.666666666666666741e+00,2.164932909128573779e-01,3.608221515214289910e-01
3.714999999999999858e+01,1.200000000000000025e-02,5.550946595609217160e-02,7.548540879400603143e-02,1.666666666666666741e+00,2.164758185395631862e-01,3.607930308992720048e-01
3.716666666666666430e+01,1.200000000000000025e-02,5.550338925313064165e-02,7.545938669578082514e-02,1.666666666666666741e+00,2.164584033104587357e-01,3.607640055174312632e-01
3.718333333333333002e+01,1.200000000000000025e-02,5.549732282831125463e-02,7.543340119333710736e-02,1.666666666666666741e+00,2.164410451089970877e-01,3.607350751816618128e-01
3.720000000000000284e+01,1.200000000000000025e-02,5.549126665868272384e-02,7.540745222367184475e-02,1.666666666666666741e+00,2.164237438185419582e-01,3.607062396975699303e-01
3.721666666666666856e+01,1.200000000000000025e-02,5.548522072134211280e-02,7.538153972389183277e-02,1.666666666666666741e+00,2.164064993222848676e-01,3.606774988704747886e-01
3.723333333333333428e+01,1.200000000000000025e-02,5.547918499347129218e-02,7.535566363122772615e-02,1.666666666666666741e+00,2.163893115045651683e-01,3.606488525076086415e-01
3.725000000000000000e+01,1.200000000000000025e-02,5.547315945230628376e-02,7.532982388304861054e-02,1.666666666666666741e+00,2.163721802495452151e-01,3.606203004159087011e-01
3.726666666666666572e+01,1.200000000000000025e-02,5.546714407514571205e-02,7.530402041686660997e-02,1.666666666666666741e+00,2.163551054415075170e-01,3.605918424025125191e-01
3.728333333333333144e+01,1.200000000000000025e-02,5.546113883934742500e-02,7.527825317027542207e-02,1.666666666666666741e+00,2.163380869652510863e-01,3.605634782754185141e-01
3.729999999999999716e+01,1.200000000000000025e-02,5.545514372230981454e-02,7.525252208101215756e-02,1.666666666666666741e+00,2.163211247048283936e-01,3.605352078413806560e-01
3.731666666666666998e+01,1.200000000000000025e-02,5.544915870152653664e-02,7.522682708693892439e-02,1.666666666666666741e+00,2.163042185458712852e-01,3.605070309097854753e-01
3.733333333333333570e+01,1.200000000000000025e-02,5.544318375454051345e-02,7.520116812603509782e-02,1.666666666666666741e+00,2.162873683738442132e-01,3.604789472897403924e-01
3.735000000000000142e+01,1.200000000000000025e-02,5.543721885895658286e-02,7.517554513639473912e-02,1.666666666666666741e+00,2.162705740745713145e-01,3.604509567909521817e-01
3.736666666666666714e+01,1.200000000000000025e-02,5.543126399243721719e-02,7.514995805625979131e-02,1.666666666666666741e+00,2.162538355337860208e-01,3.604230592229767383e-01
3.738333333333333286e+01,1.200000000000000025e-02,5.542531913267864652e-02,7.512440682398673075e-02,1.666666666666666741e+00,2.162371526364711971e-01,3.603952543941186804e-01
3.739999999999999858e+01,1.200000000000000025e-02,5.541938425748075409e-02,7.509889137805642045e-02,1.666666666666666741e+00,2.162205252695574009e-01,3.603675421159290293e-01
3.741666666666666430e+01,1.200000000000000025e-02,5.541345934468831780e-02,7.507341165705001818e-02,1.666666666666666741e+00,2.162039533198014118e-01,3.603399221996690382e-01
3.743333333333333002e+01,1.200000000000000025e-02,5.540754437220717782e-02,7.504796759964123265e-02,1.666666666666666741e+00,2.161874366745006881e-01,3.603123944575011839e-01
3.745000000000000284e+01,1.200000000000000025e-02,5.540163931799974711e-02,7.502255914469856124e-02,1.666666666666666741e+00,2.161709752204371005e-01,3.602849587007285193e-01
3.746666666666666856e+01,1.200000000000000025e-02,5.539574416005997592e-02,7.499718623118249716e-02,1.666666666666666741e+00,2.161545688437653268e-01,3.602576147396088779e-01
3.748333333333333428e+01,1.200000000000000025e-02,5.538985887648664730e-02,7.497184879817601899e-02,1.666666666666666741e+00,2.161382174326830774e-01,3.602303623878051475e-01
3.750000000000000000e+01,1.200000000000000025e-02,5.538398344542173890e-02,7.494654678486320498e-02,1.666666666666666741e+00,2.161219208751602450e-01,3.602032014586004083e-01
3.751666666666666572e+01,1.200000000000000025e-02,5.537811784506742330e-02,7.492128013052254398e-02,1.666666666666666741e+00,2.161056790596808108e-01,3.601761317661347217e-01
3.753333333333333144e+01,1.200000000000000025e-02,5.537226205368168952e-02,7.489604877461712718e-02,1.666666666666666741e+00,2.160894918742903570e-01,3.601491531238172894e-01
3.754999999999999716e+01,1.200000000000000025e-02,5.536641604955413326e-02,7.487085265670388734e-02,1.666666666666666741e+00,2.160733592064126851e-01,3.601222653440211419e-01
3.756666666666666998e+01,1.200000000000000025e-02,5.536057981107685849e-02,7.484569171646057728e-02,1.666666666666666741e+00,2.160572809454676391e-01,3.600954682424460929e-01
3.758333333333333570e+01,1.200000000000000025e-02,5.535475331668485849e-02,7.482056589367025445e-02,1.666666666666666741e+00,2.160412569806187955e-01,3.600687616343646869e-01
3.760000000000000142e+01,1.200000000000000025e-02,5.534893654487245407e-02,7.479547512821647925e-02,1.666666666666666741e+00,2.160252872014796488e-01,3.600421453357994239e-01
3.761666666666666714e+01,1.200000000000000025e-02,5.534312947418903311e-02,7.477041936014842960e-02,1.666666666666666741e+00,2.160093714973796430e-01,3.600156191622994051e-01
3.763333333333333286e+01,1.200000000000000025e-02,5.533733208321561792e-02,7.474539852961543940e-02,1.666666666666666741e+00,2.159935097569907481e-01,3.599891829283179412e-01
3.764999999999999858e+01,1.200000000000000025e-02,5.533154435063357413e-02,7.472041257688634419e-02,1.666666666666666741e+00,2.159777018709367613e-01,3.599628364515612966e-01
3.766666666666666430e+01,1.200000000000000025e-02,5.532576625516681668e-02,7.469546144233511764e-02,1.666666666666666741e+00,2.159619477295925405e-01,3.599365795493209008e-01
3.768333333333333002e+01,1.200000000000000025e-02,5.531999777559775539e-02,7.467054506643637513e-02,1.666666666666666741e+00,2.159462472237714536e-01,3.599104120396190987e-01
3.770000000000000284e+01,1.200000000000000025e-02,5.531423889076303446e-02,7.464566338982611682e-02,1.666666666666666741e+00,2.159306002440258554e-01,3.598843337400430831e-01
3.771666666666666856e+01,1.200000000000000025e-02,5.530848957953009987e-02,7.462081635324059603e-02,1.666666666666666741e+00,2.159150066802337231e-01,3.598583444670562237e-01
3.773333333333333428e+01,1.200000000000000025e-02,5.530274982086588742e-02,7.459600389753447136e-02,1.666666666666666741e+00,2.158994664242307460e-01,3.598324440403846136e-01
3.775000000000000000e+01,1.200000000000000025e-02,5.529701959377904957e-02,7.457122596366518030e-02,1.666666666666666741e+00,2.158839793676101404e-01,3.598066322793502247e-01
3.776666666666666572e+01,1.200000000000000025e-02,5.529129887733589405e-02,7.454648249268808202e-02,1.666666666666666741e+00,2.158685454024164563e-01,3.597809090040274271e-01
3.778333333333333144e+01,1.200000000000000025e-02,5.528558765065608865e-02,7.452177342582222419e-02,1.666666666666666741e+00,2.158531644203971478e-01,3.597552740339952648e-01
3.779999999999999716e+01,1.200000000000000025e-02,5.527988589288899968e-02,7.449709870438415982e-02,1.666666666666666741e+00,2.158378363126217669e-01,3.597297271877029634e-01
3.781666666666666998e+01,1.200000000000000025e-02,5.527419358328303223e-02,7.447245826980762595e-02,1.666666666666666741e+00,2.158225609721404481e-01,3.597042682869007746e-01
3.783333333333333570e+01,1.200000000000000025e-02,5.526851070112731579e-02,7.444785206362736218e-02,1.666666666666666741e+00,2.158073382917555239e-01,3.596788971529258916e-01
3.785000000000000142e+01,1.200000000000000025e-02,5.526283722576778856e-02,7.442328002747410076e-02,1.666666666666666741e+00,2.157921681647257950e-01,3.596536136078763435e-01
3.786666666666666714e+01,1.200000000000000025e-02,5.525717313660288843e-02,7.439874210314251224e-02,1.666666666666666741e+00,2.157770504839948977e-01,3.596284174733248573e-01
3.788333333333333286e+01,1.200000000000000025e-02,5.525151841305992600e-02,7.437423823252287125e-02,1.666666666666666741e+00,2.157619851418284551e-01,3.596033085697141196e-01
3.789999999999999858e+01,1.200000000000000025e-02,5.524587303466438337e-02,7.434976835762127645e-02,1.666666666666666741e+00,2.157469720324796669e-01,3.595782867207994449e-01
3.791666666666666430e+01,1.200000000000000025e-02,5.524023698098164820e-02,7.432533242054395473e-02,1.666666666666666741e+00,2.157320110499470200e-01,3.595533517499117093e-01
3.793333333333333002e+01,1.200000000000000025e-02,5.523461023163303563e-02,7.430093036349220970e-02,1.666666666666666741e+00,2.157171020886801405e-01,3.595285034811335767e-01
3.795000000000000284e+01,1.200000000000000025e-02,5.522899276629241599e-02,7.427656212882909059e-02,1.666666666666666741e+00,2.157022450428538740e-01,3.595037417380897993e-01
3.796666666666666856e+01,1.200000000000000025e-02,5.522338456466548140e-02,7.425222765901234867e-02,1.666666666666666741e+00,2.156874398061116860e-01,3.594790663435195044e-01
3.798333333333333428e+01,1.200000000000000025e-02,5.521778560654511808e-02,7.422792689661435184e-02,1.666666666666666741e+00,2.156726862736733363e-01,3.594544771227888846e-01
3.800000000000000000e+01,1.200000000000000025e-02,5.521219587176610238e-02,7.420365978430958076e-02,1.666666666666666741e+00,2.156579843405860841e-01,3.594299739009768069e-01
3.801666666666666572e+01,1.200000000000000025e-02,5.520661534021712585e-02,7.417942626486746793e-02,1.666666666666666741e+00,2.156433339022879314e-01,3.594055565038132283e-01
3.803333333333333144e+01,1.200000000000000025e-02,5.520104399184071198e-02,7.415522628120617410e-02,1.666666666666666741e+00,2.156287348541290894e-01,3.593812247568818341e-01
3.804999999999999716e+01,1.200000000000000025e-02,5.519548180663372272e-02,7.413105977634075472e-02,1.666666666666666741e+00,2.156141870918587555e-01,3.593569784864312777e-01
3.806666666666666998e+01,1.200000000000000025e-02,5.518992876464545727e-02,7.410692669339781491e-02,1.666666666666666741e+00,2.155996905114200557e-01,3.593328175190334539e-01
3.808333333333333570e+01,1.200000000000000025e-02,5.518438484597889410e-02,7.408282697561616170e-02,1.666666666666666741e+00,2.155852450089998651e-01,3.593087416816664326e-01
3.810000000000000142e+01,1.200000000000000025e-02,5.517885003079014278e-02,7.405876056634692894e-02,1.666666666666666741e+00,2.155708504810090187e-01,3.592847508016817071e-01
3.811666666666666714e+01,1.200000000000000025e-02,5.517332429928813869e-02,7.403472740904988580e-02,1.666666666666666741e+00,2.155565068241069027e-01,3.592608447068448285e-01
3.813333333333333286e+01,1.200000000000000025e-02,5.516780763173347035e-02,7.401072744729651764e-02,1.666666666666666741e+00,2.155422139351290955e-01,3.592370232252151685e-01
3.814999999999999858e+01,1.200000000000000025e-02,5.516230000844087045e-02,7.398676062476887416e-02,1.666666666666666741e+00,2.155279717112054128e-01,3.592132861853423731e-01
3.816666666666666430e+01,1.200000000000000025e-02,5.515680140977687052e-02,7.396282688525727955e-02,1.666666666666666741e+00,2.155137800496870482e-01,3.591896334161450710e-01
3.818333333333333002e+01,1.200000000000000025e-02,5.515131181616025197e-02,7.393892617265884759e-02,1.666666666666666741e+00,2.154996388481828506e-01,3.591660647469714363e-01
3.820000000000000284e+01,1.200000000000000025e-02,5.514583120806208077e-02,7.391505843098625239e-02,1.666666666666666741e+00,2.154855480044859661e-01,3.591425800074766195e-01
3.821666666666666856e+01,1.200000000000000025e-02,5.514035956600695648e-02,7.389122360435884662e-02,1.666666666666666741e+00,2.154715074167099509e-01,3.591191790278499552e-01
3.823333333333333428e+01,1.200000000000000025e-02,5.513489687056905703e-02,7.386742163700489583e-02,1.666666666666666741e+00,2.154575169831076109e-01,3.590958616385127034e-01
3.825000000000000000e+01,1.200000000000000025e-02,5.512944310237506695e-02,7.384365247326335480e-02,1.666666666666666741e+00,2.154435766021811360e-01,3.590726276703019026e-01
3.826666666666666572e+01,1.200000000000000025e-02,5.512399824210319904e-02,7.381991605758481123e-02,1.666666666666666741e+00,2.154296861726368029e-01,3.590494769543947085e-01
3.828333333333333144e+01,1.200000000000000025e-02,5.511856227048302775e-02,7.379621233452228479e-02,1.666666666666666741e+00,2.154158455934650218e-01,3.590264093224417308e-01
3.829999999999999716e+01,1.200000000000000025e-02,5.511313516829557252e-02,7.377254124873955377e-02,1.666666666666666741e+00,2.154020547638727801e-01,3.590034246064546242e-01
3.831666666666666998e+01,1.200000000000000025e-02,5.510771691637257608e-02,7.374890274500844889e-02,1.666666666666666741e+00,2.153883135832817264e-01,3.589805226388028681e-01
3.833333333333333570e+01,1.200000000000000025e-02,5.510230749559680979e-02,7.372529676820906153e-02,1.666666666666666741e+00,2.153746219513429927e-01,3.589577032522383582e-01
3.835000000000000142e+01,1.200000000000000025e-02,5.509690688690178223e-02,7.370172326332964652e-02,1.666666666666666741e+00,2.153609797679299220e-01,3.589349662798831941e-01
3.836666666666666714e+01,1.200000000000000025e-02,5.509151507127155872e-02,7.367818217546477644e-02,1.666666666666666741e+00,2.153473869331510304e-01,3.589123115552517174e-01
3.838333333333333286e+01,1.200000000000000025e-02,5.508613202974059486e-02,7.365467344981675712e-02,1.666666666666666741e+00,2.153338433473341862e-01,3.588897389122236437e-01
3.839999999999999858e+01,1.200000000000000025e-02,5.508075774339366015e-02,7.363119703169485053e-02,1.666666666666666741e+00,2.153203489110342983e-01,3.588672481850571638e-01
3.841666666666666430e+01,1.200000000000000025e-02,5.507539219336562292e-02,7.360775286651465021e-02,1.666666666666666741e+00,2.153069035250338714e-01,3.588448392083897764e-01
3.843333333333333002e+01,1.200000000000000025e-02,5.507003536084128376e-02,7.358434089979745685e-02,1.666666666666666741e+00,2.152935070903455872e-01,3.588225118172426731e-01
3.845000000000000284e+01,1.200000000000000025e-02,5.506468722705525065e-02,7.356096107717234600e-02,1.666666666666666741e+00,2.152801595081920705e-01,3.588002658469868211e-01
3.846666666666666856e+01,1.200000000000000025e-02,5.505934777329195978e-02,7.353761334437380892e-02,1.666666666666666741e+00,2.152668606800320350e-01,3.587781011333867620e-01
3.848333333333333428e+01,1.200000000000000025e-02,5.505401698088507184e-02,7.351429764724208560e-02,1.666666666666666741e+00,2.152536105075357198e-01,3.587560175125595330e-01
3.850000000000000000e+01,1.200000000000000025e-02,5.504869483121767326e-02,7.349101393172273455e-02,1.666666666666666741e+00,2.152404088926010428e-01,3.587340148210017565e-01
3.851666666666666572e+01,1.200000000000000025e-02,5.504338130572202642e-02,7.346776214386624426e-02,1.666666666666666741e+00,2.152272557373505202e-01,3.587120928955842003e-01
3.853333333333333144e+01,1.200000000000000025e-02,5.503807638587945861e-02,7.344454222982886582e-02,1.666666666666666741e+00,2.152141509441226619e-01,3.586902515735377883e-01
3.854999999999999716e+01,1.200000000000000025e-02,5.503278005322061184e-02,7.342135413587135007e-02,1.666666666666666741e+00,2.152010944154980898e-01,3.586684906924968441e-01
3.856666666666666998e+01,1.200000000000000025e-02,5.502749228932425629e-02,7.339819780835903085e-02,1.666666666666666741e+00,2.151880860542519924e-01,3.586468100904199874e-01
3.858333333333333570e+01,1.200000000000000025e-02,5.502221307581794951e-02,7.337507319376168624e-02,1.666666666666666741e+00,2.151751257633872927e-01,3.586252096056454786e-01
3.860000000000000142e+01,1.200000000000000025e-02,5.501694239437770334e-02,7.335198023865345529e-02,1.666666666666666741e+00,2.151622134461250169e-01,3.586036890768750651e-01
3.861666666666666714e+01,1.200000000000000025e-02,5.501168022672782432e-02,7.332891888971190819e-02,1.666666666666666741e+00,2.151493490059097347e-01,3.585822483431829188e-01
3.863333333333333286e+01,1.200000000000000025e-02,5.500642655464121206e-02,7.330588909371844875e-02,1.666666666666666741e+00,2.151365323464225487e-01,3.585608872440376182e-01
3.864999999999999858e+01,1.200000000000000025e-02,5.500118135993813800e-02,7.328289079755791191e-02,1.666666666666666741e+00,2.151237633715361308e-01,3.585396056192268754e-01
3.866666666666666430e+01,1.200000000000000025e-02,5.499594462448696014e-02,7.325992394821891074e-02,1.666666666666666741e+00,2.151110419853458910e-01,3.585184033089098277e-01
3.868333333333333002e+01,1.200000000000000025e-02,5.499071633020371358e-02,7.323698849279390577e-02,1.666666666666666741e+00,2.150983680921556007e-01,3.584972801535926679e-01
3.870000000000000284e+01,1.200000000000000025e-02,5.498549645905204120e-02,7.321408437847651274e-02,1.666666666666666741e+00,2.150857415965027886e-01,3.584762359941713328e-01
3.871666666666666856e+01,1.200000000000000025e-02,5.498028499304326300e-02,7.319121155256362588e-02,1.666666666666666741e+00,2.150731624031461675e-01,3.584552706719102977e-01
3.873333333333333428e+01,1.200000000000000025e-02,5.497508191423556428e-02,7.316836996245459912e-02,1.666666666666666741e+00,2.150606304170416538e-01,3.584343840284027749e-01
3.875000000000000000e+01,1.200000000000000025e-02,5.496988720473439116e-02,7.314555955565109346e-02,1.666666666666666741e+00,2.150481455433646549e-01,3.584135759056077952e-01
3.876666666666666572e+01,1.200000000000000025e-02,5.496470084669216605e-02,7.312278027975704919e-02,1.666666666666666741e+00,2.150357076875016593e-01,3.583928461458361081e-01
3.878333333333333144e+01,1.200000000000000025e-02,5.495952282230816277e-02,7.310003208247763118e-02,1.666666666666666741e+00,2.150233167550583135e-01,3.583721945917638929e-01
3.879999999999999716e+01,1.200000000000000025e-02,5.495435311382865229e-02,7.307731491161975623e-02,1.666666666666666741e+00,2.150109726518645847e-01,3.583516210864409746e-01
3.881666666666666998e+01,1.200000000000000025e-02,5.494919170354602145e-02,7.305462871509170453e-02,1.666666666666666741e+00,2.149986752839437576e-01,3.583311254732395867e-01
3.883333333333333570e+01,1.200000000000000025e-02,5.494403857379920320e-02,7.303197344090266163e-02,1.666666666666666741e+00,2.149864245575390798e-01,3.583107075958985033e-01
3.885000000000000142e+01,1.200000000000000025e-02,5.493889370697339902e-02,7.300934903716241320e-02,1.666666666666666741e+00,2.149742203791080164e-01,3.582903672985133792e-01
3.886666666666666714e+01,1.200000000000000025e-02,5.493375708549994713e-02,7.298675545208195559e-02,1.666666666666666741e+00,2.149620626553146729e-01,3.582701044255244827e-01
3.888333333333333286e+01,1.200000000000000025e-02,5.492862869185648200e-02,7.296419263397248278e-02,1.666666666666666741e+00,2.149499512930496126e-01,3.582499188217493913e-01
3.889999999999999858e+01,1.200000000000000025e-02,5.492350850856601852e-02,7.294166053124538640e-02,1.666666666666666741e+00,2.149378861993937739e-01,3.582298103323229843e-01
3.891666666666666430e+01,1.200000000000000025e-02,5.491839651819743762e-02,7.291915909241218630e-02,1.666666666666666741e+00,2.149258672816436733e-01,3.582097788027394647e-01
3.893333333333333002e+01,1.200000000000000025e-02,5.491329270336516716e-02,7.289668826608448893e-02,1.666666666666666741e+00,2.149138944473015789e-01,3.581898240788359833e-01
3.895000000000000284e+01,1.200000000000000025e-02,5.490819704672909168e-02,7.287424800097290489e-02,1.666666666666666741e+00,2.149019676040851701e-01,3.581699460068086260e-01
3.896666666666666856e+01,1.200000000000000025e-02,5.490310953099467040e-02,7.285183824588761792e-02,1.666666666666666741e+00,2.148900866599310067e-01,3.581501444332183537e-01
3.898333333333333428e+01,1.200000000000000025e-02,5.489803013891205591e-02,7.282945894973798240e-02,1.666666666666666741e+00,2.148782515229633316e-01,3.581304192049388768e-01
3.900000000000000000e+01,1.200000000000000025e-02,5.489295885327657304e-02,7.280711006153244014e-02,1.666666666666666741e+00,2.148664621015191900e-01,3.581107701691986778e-01
3.901666666666666572e+01,1.200000000000000025e-02,5.488789565692840655e-02,7.278479153037854810e-02,1.666666666666666741e+00,2.148547183041381314e-01,3.580911971735635801e-01
3.903333333333333144e+01,1.200000000000000025e-02,5.488284053275249014e-02,7.276250330548168777e-02,1.666666666666666741e+00,2.148430200395729517e-01,3.580717000659549565e-01
3.904999999999999716e+01,1.200000000000000025e-02,5.487779346367867295e-02,7.274024533614581456e-02,1.666666666666666741e+00,2.148313672167934119e-01,3.580522786946557234e-01
3.906666666666666998e+01,1.200000000000000025e-02,5.487275443268081754e-02,7.271801757177301373e-02,1.666666666666666741e+00,2.148197597449544305e-01,3.580329329082573842e-01
3.908333333333333570e+01,1.200000000000000025e-02,5.486772342277724396e-02,7.269581996186326445e-02,1.666666666666666741e+00,2.148081975334210914e-01,3.580136625557018282e-01
3.910000000000000142e+01,1.200000000000000025e-02,5.486270041703045913e-02,7.267365245601427326e-02,1.666666666666666741e+00,2.147966804917618711e-01,3.579944674862697851e-01
3.911666666666666714e+01,1.200000000000000025e-02,5.485768539854705972e-02,7.265151500392112716e-02,1.666666666666666741e+00,2.147852085297511648e-01,3.579753475495852655e-01
3.913333333333333286e+01,1.200000000000000025e-02,5.485267835047786394e-02,7.262940755537619641e-02,1.666666666666666741e+00,2.147737815573793063e-01,3.579563025956322142e-01
3.914999999999999858e+01,1.200000000000000025e-02,5.484767925601702343e-02,7.260733006026888481e-02,1.666666666666666741e+00,2.147623994848193163e-01,3.579373324746988883e-01
3.916666666666666430e+01,1.200000000000000025e-02,5.484268809840250197e-02,7.258528246858562960e-02,1.666666666666666741e+00,2.147510622224514110e-01,3.579184370374190460e-01
3.918333333333333002e+01,1.200000000000000025e-02,5.483770486091577023e-02,7.256326473040973501e-02,1.666666666666666741e+00,2.147397696808544254e-01,3.578996161347574034e-01
3.920000000000000284e+01,1.200000000000000025e-02,5.483272952688171553e-02,7.254127679592042854e-02,1.666666666666666741e+00,2.147285217708141958e-01,3.578808696180236781e-01
3.921666666666666856e+01,1.200000000000000025e-02,5.482776207966877369e-02,7.251931861539336055e-02,1.666666666666666741e+00,2.147173184033281945e-01,3.578621973388803612e-01
3.923333333333333428e+01,1.200000000000000025e-02,5.482280250268807553e-02,7.249739013920024344e-02,1.666666666666666741e+00,2.147061594895743053e-01,3.578435991492905366e-01
3.925000000000000000e+01,1.200000000000000025e-02,5.481785077939387713e-02,7.247549131780869902e-02,1.666666666666666741e+00,2.146950449409348594e-01,3.578250749015581267e-01
3.926666666666666572e+01,1.200000000000000025e-02,5.481290689328329607e-02,7.245362210178213358e-02,1.666666666666666741e+00,2.146839746689893635e-01,3.578066244483156244e-01
3.928333333333333144e+01,1.200000000000000025e-02,5.480797082789622132e-02,7.243178244177901626e-02,1.666666666666666741e+00,2.146729485855207453e-01,3.577882476425345848e-01
3.929999999999999716e+01,1.200000000000000025e-02,5.480304256681542419e-02,7.240997228855319823e-02,1.666666666666666741e+00,2.146619666025206541e-01,3.577699443375344512e-01
3.931666666666666998e+01,1.200000000000000025e-02,5.479812209366569792e-02,7.238819159295349637e-02,1.666666666666666741e+00,2.146510286321584582e-01,3.577517143869307636e-01
3.933333333333333570e+01,1.200000000000000025e-02,5.479320939211436425e-02,7.236644030592355448e-02,1.666666666666666741e+00,2.146401345868082511e-01,3.577335576446804555e-01
3.935000000000000142e+01,1.200000000000000025e-02,5.478830444587091952e-02,7.234471837850164899e-02,1.666666666666666741e+00,2.146292843790384430e-01,3.577154739650640902e-01
3.936666666666666714e+01,1.200000000000000025e-02,5.478340723868697915e-02,7.232302576182038367e-02,1.666666666666666741e+00,2.146184779216154248e-01,3.576974632026924117e-01
3.938333333333333286e+01,1.200000000000000025e-02,5.477851775435643028e-02,7.230136240710653694e-02,1.666666666666666741e+00,2.146077151275151418e-01,3.576795252125252733e-01
3.939999999999999858e+01,1.200000000000000025e-02,5.477363597671452283e-02,7.227972826568089537e-02,1.666666666666666741e+00,2.145969959098872892e-01,3.576616598498121857e-01
3.941666666666666430e+01,1.200000000000000025e-02,5.476876188963839681e-02,7.225812328895818426e-02,1.666666666666666741e+00,2.145863201820828181e-01,3.576438669701380579e-01
3.943333333333333002e+01,1.200000000000000025e-02,5.476389547704673538e-02,7.223654742844701215e-02,1.666666666666666741e+00,2.145756878576422222e-01,3.576261464294037129e-01
3.945000000000000284e+01,1.200000000000000025e-02,5.475903672289970936e-02,7.221500063574878836e-02,1.666666666666666741e+00,2.145650988503066681e-01,3.576084980838444838e-01
3.946666666666666856e+01,1.200000000000000025e-02,5.475418561119909516e-02,7.219348286255836133e-02,1.666666666666666741e+00,2.145545530740203544e-01,3.575909217900339332e-01
3.948333333333333428e+01,1.200000000000000025e-02,5.474934212598745603e-02,7.217199406066357459e-02,1.666666666666666741e+00,2.145440504429013406e-01,3.575734174048355585e-01
3.950000000000000000e+01,1.200000000000000025e-02,5.474450625134857223e-02,7.215053418194519730e-02,1.666666666666666741e+00,2.145335908712646122e-01,3.575559847854410389e-01
3.951666666666666572e+01,1.200000000000000025e-02,5.473967797140716351e-02,7.212910317837679941e-02,1.666666666666666741e+00,2.145231742736140035e-01,3.575386237893566910e-01
3.953333333333333144e+01,1.200000000000000025e-02,5.473485727032881276e-02,7.210770100202396060e-02,1.666666666666666741e+00,2.145128005646496916e-01,3.575213342744161804e-01
3.954999999999999716e+01,1.200000000000000025e-02,5.473004413232009091e-02,7.208632760504463111e-02,1.666666666666666741e+00,2.145024696592734426e-01,3.575041160987890709e-01
3.956666666666666998e+01,1.200000000000000025e-02,5.472523854162771734e-02,7.206498293968874314e-02,1.666666666666666741e+00,2.144921814725577469e-01,3.574869691209295874e-01
3.958333333333333570e+01,1.200000000000000025e-02,5.472044048253903170e-02,7.204366695829809986e-02,1.666666666666666741e+00,2.144819359197711883e-01,3.574698931996186380e-01
3.960000000000000142e+01,1.200000000000000025e-02,5.471564993938168864e-02,7.202237961330612559e-02,1.666666666666666741e+00,2.144717329163703390e-01,3.574528881939506020e-01
3.961666666666666714e+01,1.200000000000000025e-02,5.471086689652358837e-02,7.200112085723760214e-02,1.666666666666666741e+00,2.144615723780022021e-01,3.574359539633369942e-01
3.963333333333333286e+01,1.200000000000000025e-02,5.470609133837300159e-02,7.197989064270855775e-02,1.666666666666666741e+00,2.144514542205143148e-01,3.574190903675238951e-01
3.964999999999999858e+01,1.200000000000000025e-02,5.470132324937777152e-02,7.195868892242601733e-02,1.666666666666666741e+00,2.144413783599238288e-01,3.574022972665397146e-01
3.966666666666666430e+01,1.200000000000000025e-02,5.469656261402570940e-02,7.193751564918803021e-02,1.666666666666666741e+00,2.144313447124384653e-01,3.573855745207307755e-01
3.968333333333333002e+01,1.200000000000000025e-02,5.469180941684437941e-02,7.191637077588348970e-02,1.666666666666666741e+00,2.144213531944515194e-01,3.573689219907525416e-01
3.970000000000000284e+01,1.200000000000000025e-02,5.468706364240095985e-02,7.189525425549125881e-02,1.666666666666666741e+00,2.144114037225471892e-01,3.573523395375786671e-01
3.971666666666666856e+01,1.200000000000000025e-02,5.468232527530238890e-02,7.187416604108065599e-02,1.666666666666666741e+00,2.144014962135055713e-01,3.573358270225093225e-01
3.973333333333333428e+01,1.200000000000000025e-02,5.467759430019460132e-02,7.185310608581106651e-02,1.666666666666666741e+00,2.143916305842747394e-01,3.573193843071245657e-01
3.975000000000000000e+01,1.200000000000000025e-02,5.467287070176289621e-02,7.183207434293188698e-02,1.666666666666666741e+00,2.143818067519910886e-01,3.573030112533184810e-01
3.976666666666666572e+01,1.200000000000000025e-02,5.466815446473172191e-02,7.181107076578246984e-02,1.666666666666666741e+00,2.143720246339730906e-01,3.572867077232885213e-01
3.978333333333333144e+01,1.200000000000000025e-02,5.466344557386456499e-02,7.179009530779117965e-02,1.666666666666666741e+00,2.143622841477285379e-01,3.572704735795475539e-01
3.979999999999999716e+01,1.200000000000000025e-02,5.465874401396408899e-02,7.176914792247586494e-02,1.666666666666666741e+00,2.143525852109594010e-01,3.572543086849323535e-01
3.981666666666666998e+01,1.200000000000000025e-02,5.465404976987132263e-02,7.174822856344349742e-02,1.666666666666666741e+00,2.143429277415309919e-01,3.572382129025516440e-01
3.983333333333333570e+01,1.200000000000000025e-02,5.464936282646613158e-02,7.172733718439001926e-02,1.666666666666666741e+00,2.143333116574983044e-01,3.572221860958305073e-01
3.985000000000000142e+01,1.200000000000000025e-02,5.464468316866689240e-02,7.170647373910005173e-02,1.666666666666666741e+00,2.143237368770967710e-01,3.572062281284946184e-01
3.986666666666666714e+01,1.200000000000000025e-02,5.464001078143046475e-02,7.168563818144677025e-02,1.666666666666666741e+00,2.143142033187453444e-01,3.571903388645755739e-01
3.988333333333333286e+01,1.200000000000000025e-02,5.463534564975227464e-02,7.166483046539171009e-02,1.666666666666666741e+00,2.143047109010551843e-01,3.571745181684253256e-01
3.989999999999999858e+01,1.200000000000000025e-02,5.463068775866557203e-02,7.164405054498455827e-02,1.666666666666666741e+00,2.142952595428004314e-01,3.571587659046673857e-01
3.991666666666666430e+01,1.200000000000000025e-02,5.462603709324184015e-02,7.162329837436312574e-02,1.666666666666666741e+00,2.142858491629404394e-01,3.571430819382340749e-01
3.993333333333333002e+01,1.200000000000000025e-02,5.462139363859051105e-02,7.160257390775319475e-02,1.666666666666666741e+00,2.142764796806110317e-01,3.571274661343517565e-01
3.995000000000000284e+01,1.200000000000000025e-02,5.461675737985892398e-02,7.158187709946774169e-02,1.666666666666666741e+00,2.142671510151331893e-01,3.571119183585553247e-01
3.996666666666666856e+01,1.200000000000000025e-02,5.461212830223240861e-02,7.156120790390733954e-02,1.666666666666666741e+00,2.142578630860159927e-01,3.570964384766933120e-01
3.998333333333333428e+01,1.200000000000000025e-02,5.460750639093357034e-02,7.154056627555978320e-02,1.666666666666666741e+00,2.142486158129300877e-01,3.570810263548834795e-01
4.000000000000000000e+01,1.200000000000000025e-02,5.460289163122264422e-02,7.151995216900008945e-02,1.666666666666666741e+00,2.142394091157270863e-01,3.570656818595451809e-01
4.001666666666666572e+01,1.200000000000000025e-02,5.459828400839728674e-02,7.149936553889044144e-02,1.666666666666666741e+00,2.142302429144332110e-01,3.570504048573887035e-01
4.003333333333333144e+01,1.200000000000000025e-02,5.459368350779245788e-02,7.147880633997913402e-02,1.666666666666666741e+00,2.142211171292573713e-01,3.570351952154289799e-01
4.004999999999999716e+01,1.200000000000000025e-02,5.458909011478058071e-02,7.145827452710125371e-02,1.666666666666666741e+00,2.142120316805946889e-01,3.570200528009911389e-01
4.006666666666666998e+01,1.200000000000000025e-02,5.458450381477077812e-02,7.143777005517813750e-02,1.666666666666666741e+00,2.142029864889992419e-01,3.570049774816654309e-01
4.008333333333333570e+01,1.200000000000000025e-02,5.457992459320924750e-02,7.141729287921728953e-02,1.666666666666666741e+00,2.141939814752052695e-01,3.569899691253421437e-01
4.010000000000000142e+01,1.200000000000000025e-02,5.457535243557905258e-02,7.139684295431210359e-02,1.666666666666666741e+00,2.141850165601229539e-01,3.569750276002049416e-01
4.011666666666666714e+01,1.200000000000000025e-02,5.457078732740000548e-02,7.137642023564180760e-02,1.666666666666666741e+00,2.141760916648365876e-01,3.569601527747276459e-01
4.013333333333333286e+01,1.200000000000000025e-02,5.456622925422883325e-02,7.135602467847118602e-02,1.666666666666666741e+00,2.141672067106177857e-01,3.569453445176963280e-01
4.014999999999999858e+01,1.200000000000000025e-02,5.456167820165838678e-02,7.133565623815041334e-02,1.666666666666666741e+00,2.141583616188931227e-01,3.569306026981552415e-01
4.016666666666666430e+01,1.200000000000000025e-02,5.455713415531808497e-02,7.131531487011497084e-02,1.666666666666666741e+00,2.141495563112685296e-01,3.569159271854475679e-01
4.018333333333333002e+01,1.200000000000000025e-02,5.455259710087363711e-02,7.129500052988559100e-02,1.666666666666666741e+00,2.141407907095196905e-01,3.569013178491994842e-01
4.020000000000000284e+01,1.200000000000000025e-02,5.454806702402696661e-02,7.127471317306746657e-02,1.666666666666666741e+00,2.141320647355991758e-01,3.568867745593319873e-01
4.021666666666666856e+01,1.200000000000000025e-02,5.454354391051636358e-02,7.125445275535059741e-02,1.666666666666666741e+00,2.141233783116430756e-01,3.568722971860718296e-01
4.023333333333333428e+01,1.200000000000000025e-02,5.453902774611571469e-02,7.123421923250948529e-02,1.666666666666666741e+00,2.141147313599405799e-01,3.568578855999010035e-01
4.025000000000000000e+01,1.200000000000000025e-02,5.453451851663491945e-02,7.121401256040318928e-02,1.666666666666666741e+00,2.141061238029557945e-01,3.568435396715929908e-01
4.026666666666666572e+01,1.200000000000000025e-02,5.453001620791962656e-02,7.119383269497529809e-02,1.666666666666666741e+00,2.140975555633184146e-01,3.568292592721973855e-01
4.028333333333333144e+01,1.200000000000000025e-02,5.452552080585119226e-02,7.117367959225259777e-02,1.666666666666666741e+00,2.140890265638379086e-01,3.568150442730632088e-01
4.029999999999999716e+01,1.200000000000000025e-02,5.452103229634676362e-02,7.115355320834601538e-02,1.666666666666666741e+00,2.140805367275008253e-01,3.568008945458347458e-01
4.031666666666666998e+01,1.200000000000000025e-02,5.451655066535858463e-02,7.113345349945010554e-02,1.666666666666666741e+00,2.140720859774458973e-01,3.567868099624098566e-01
4.033333333333333570e+01,1.200000000000000025e-02,5.451207589887437088e-02,7.111338042184280062e-02,1.666666666666666741e+00,2.140636742369870227e-01,3.567727903949783896e-01
4.035000000000000142e+01,1.200000000000000025e-02,5.450760798291705983e-02,7.109333393188523031e-02,1.666666666666666741e+00,2.140553014296060208e-01,3.567588357160100254e-01
4.036666666666666714e+01,1.200000000000000025e-02,5.450314690354476216e-02,7.107331398602173556e-02,1.666666666666666741e+00,2.140469674789529653e-01,3.567449457982549421e-01
4.038333333333333286e+01,1.200000000000000025e-02,5.449869264685086589e-02,7.105332054077950765e-02,1.666666666666666741e+00,2.140386723088574528e-01,3.567311205147624120e-01
4.039999999999999858e+01,1.200000000000000025e-02,5.449424519896332170e-02,7.103335355276846341e-02,1.666666666666666741e+00,2.140304158432987935e-01,3.567173597388313411e-01
4.041666666666666430e+01,1.200000000000000025e-02,5.448980454604503143e-02,7.101341297868110636e-02,1.666666666666666741e+00,2.140221980064283824e-01,3.567036633440472948e-01
4.043333333333333002e+01,1.200000000000000025e-02,5.448537067429361919e-02,7.099349877529241570e-02,1.666666666666666741e+00,2.140140187225628710e-01,3.566900312042714516e-01
4.045000000000000284e+01,1.200000000000000025e-02,5.448094356994134801e-02,7.097361089945933288e-02,1.666666666666666741e+00,2.140058779161878866e-01,3.566764631936464869e-01
4.046666666666666856e+01,1.200000000000000025e-02,5.447652321925523095e-02,7.095374930812092806e-02,1.666666666666666741e+00,2.139977755119645553e-01,3.566629591866076199e-01
4.048333333333333428e+01,1.200000000000000025e-02,5.447210960853634404e-02,7.093391395829808099e-02,1.666666666666666741e+00,2.139897114347025509e-01,3.566495190578375940e-01
4.050000000000000000e+01,1.200000000000000025e-02,5.446770272412021496e-02,7.091410480709367525e-02,1.666666666666666741e+00,2.139816856093793573e-01,3.566361426822989289e-01
4.051666666666666572e+01,1.200000000000000025e-02,5.446330255237655238e-02,7.089432181169257052e-02,1.666666666666666741e+00,2.139736979611302492e-01,3.566228299352171005e-01
4.053333333333333144e+01,1.200000000000000025e-02,5.445890907970921124e-02,7.087456492936003438e-02,1.666666666666666741e+00,2.139657484152652500e-01,3.566095806921087408e-01
4.054999999999999716e+01,1.200000000000000025e-02,5.445452229255628995e-02,7.085483411744290805e-02,1.666666666666666741e+00,2.139578368972647193e-01,3.565963948287745322e-01
4.056666666666666998e+01,1.200000000000000025e-02,5.445014217738945034e-02,7.083512933336905126e-02,1.666666666666666741e+00,2.139499633327549277e-01,3.565832722212582406e-01
4.058333333333333570e+01,1.200000000000000025e-02,5.444576872071427154e-02,7.081545053464712025e-02,1.666666666666666741e+00,2.139421276475299283e-01,3.565702127458832416e-01
4.060000000000000142e+01,1.200000000000000025e-02,5.444140190907004878e-02,7.079579767886633179e-02,1.666666666666666741e+00,2.139343297675470879e-01,3.565572162792451372e-01
4.061666666666666714e+01,1.200000000000000025e-02,5.443704172902971011e-02,7.077617072369660201e-02,1.666666666666666741e+00,2.139265696189240340e-01,3.565442826982067603e-01
4.063333333333333286e+01,1.200000000000000025e-02,5.443268816719991354e-02,7.075656962688804674e-02,1.666666666666666741e+00,2.139188471279512838e-01,3.565314118799188248e-01
4.064999999999999858e+01,1.200000000000000025e-02,5.442834121022038785e-02,7.073699434627096772e-02,1.666666666666666741e+00,2.139111622210632113e-01,3.565186037017720189e-01
4.066666666666666430e+01,1.200000000000000025e-02,5.442400084476430033e-02,7.071744483975551943e-02,1.666666666666666741e+00,2.139035148248616958e-01,3.565058580414361966e-01
4.068333333333333002e+01,1.200000000000000025e-02,5.441966705753802785e-02,7.069792106533155651e-02,1.666666666666666741e+00,2.138959048661092932e-01,3.564931747768488313e-01
4.070000000000000284e+01,1.200000000000000025e-02,5.441533983528108048e-02,7.067842298106874477e-02,1.666666666666666741e+00,2.138883322717269608e-01,3.564805537862116291e-01
4.071666666666666856e+01,1.200000000000000025e-02,5.441101916476622641e-02,7.065895054511611706e-02,1.666666666666666741e+00,2.138807969688073518e-01,3.564679949480122900e-01
4.073333333333333428e+01,1.200000000000000025e-02,5.440670503279879805e-02,7.063950371570194842e-02,1.666666666666666741e+00,2.138732988845849503e-01,3.564554981409749357e-01
4.075000000000000000e+01,1.200000000000000025e-02,5.440239742621710145e-02,7.062008245113403360e-02,1.666666666666666741e+00,2.138658379464556392e-01,3.564430632440927504e-01
4.076666666666666572e+01,1.200000000000000025e-02,5.439809633189213872e-02,7.060068670979982586e-02,1.666666666666666741e+00,2.138584140819643209e-01,3.564306901366072200e-01
4.078333333333333144e+01,1.200000000000000025e-02,5.439380173672758029e-02,7.058131645016425815e-02,1.666666666666666741e+00,2.138510272188286765e-01,3.564183786980478219e-01
4.079999999999999716e+01,1.200000000000000025e-02,5.438951362765985509e-02,7.056197163077143619e-02,1.666666666666666741e+00,2.138436772849286460e-01,3.564061288082144285e-01
4.081666666666666998e+01,1.200000000000000025e-02,5.438523199165750527e-02,7.054265221024400012e-02,1.666666666666666741e+00,2.138363642082840022e-01,3.563939403471400036e-01
4.083333333333333570e+01,1.200000000000000025e-02,5.438095681572152618e-02,7.052335814728291630e-02,1.666666666666666741e+00,2.138290879170757219e-01,3.563818131951262402e-01
4.085000000000000142e+01,1.200000000000000025e-02,5.437668808688516514e-02,7.050408940066738017e-02,1.666666666666666741e+00,2.138218483396396585e-01,3.563697472327327920e-01
4.086666666666666714e+01,1.200000000000000025e-02,5.437242579221385208e-02,7.048484592925448322e-02,1.666666666666666741e+00,2.138146454044690947e-01,3.563577423407818245e-01
4.088333333333333286e+01,1.200000000000000025e-02,5.436816991880528277e-02,7.046562769197919907e-02,1.666666666666666741e+00,2.138074790402214043e-01,3.563457984003690071e-01
4.089999999999999858e+01,1.200000000000000025e-02,5.436392045378880822e-02,7.044643464785418918e-02,1.666666666666666741e+00,2.138003491756929053e-01,3.563339152928215459e-01
4.091666666666666430e+01,1.200000000000000025e-02,5.435967738432577467e-02,7.042726675596920616e-02,1.666666666666666741e+00,2.137932557398440070e-01,3.563220928997400394e-01
4.093333333333333002e+01,1.200000000000000025e-02,5.435544069760929464e-02,7.040812397549083002e-02,1.666666666666666741e+00,2.137861986617932974e-01,3.563103311029888198e-01
4.095000000000000284e+01,1.200000000000000025e-02,5.435121038086419137e-02,7.038900626566375884e-02,1.666666666666666741e+00,2.137791778708038326e-01,3.562986297846730821e-01
4.096666666666666856e+01,1.200000000000000025e-02,5.434698642134710295e-02,7.036991358580921285e-02,1.666666666666666741e+00,2.137721932963073113e-01,3.562869888271788521e-01
4.098333333333333428e+01,1.200000000000000025e-02,5.434276880634585083e-02,7.035084589532517030e-02,1.666666666666666741e+00,2.137652448678732109e-01,3.562754081131220274e-01
4.100000000000000000e+01,1.200000000000000025e-02,5.433855752317978682e-02,7.033180315368675606e-02,1.666666666666666741e+00,2.137583325152239699e-01,3.562638875253733017e-01
4.101666666666666572e+01,1.200000000000000025e-02,5.433435255919956408e-02,7.031278532044640817e-02,1.666666666666666741e+00,2.137514561682245517e-01,3.562524269470409566e-01
4.103333333333333144e+01,1.200000000000000025e-02,5.433015390178708853e-02,7.029379235523122715e-02,1.666666666666666741e+00,2.137446157569102556e-01,3.562410262615171019e-01
4.104999999999999716e+01,1.200000000000000025e-02,5.432596153835561603e-02,7.027482421774521038e-02,1.666666666666666741e+00,2.137378112114705353e-01,3.562296853524509199e-01
4.106666666666666998e+01,1.200000000000000025e-02,5.432177545634914173e-02,7.025588086776839158e-02,1.666666666666666741e+00,2.137310424622301808e-01,3.562184041037169679e-01
4.108333333333333570e+01,1.200000000000000025e-02,5.431759564324271927e-02,7.023696226515700747e-02,1.666666666666666741e+00,2.137243094396659437e-01,3.562071823994432673e-01
4.110000000000000142e+01,1.200000000000000025e-02,5.431342208654226650e-02,7.021806836984362254e-02,1.666666666666666741e+00,2.137176120743977392e-01,3.561960201239962598e-01
4.111666666666666714e+01,1.200000000000000025e-02,5.430925477378449606e-02,7.019919914183533893e-02,1.666666666666666741e+00,2.137109502972066588e-01,3.561849171620111165e-01
4.113333333333333286e+01,1.200000000000000025e-02,5.430509369253700563e-02,7.018035454121512862e-02,1.666666666666666741e+00,2.137043240390276988e-01,3.561738733983795258e-01
4.114999999999999858e+01,1.200000000000000025e-02,5.430093883039768810e-02,7.016153452814133384e-02,1.666666666666666741e+00,2.136977332309282218e-01,3.561628887182137215e-01
4.116666666666666430e+01,1.200000000000000025e-02,5.429679017499505767e-02,7.014273906284658466e-02,1.666666666666666741e+00,2.136911778041379606e-01,3.561519630068966102e-01
4.118333333333333002e+01,1.200000000000000025e-02,5.429264771398804174e-02,7.012396810563718830e-02,1.666666666666666741e+00,2.136846576900474637e-01,3.561410961500791061e-01
4.120000000000000284e+01,1.200000000000000025e-02,5.428851143506589760e-02,7.010522161689664022e-02,1.666666666666666741e+00,2.136781728201691544e-01,3.561302880336152943e-01
4.121666666666666856e+01,1.200000000000000025e-02,5.428438132594837207e-02,7.008649955708189105e-02,1.666666666666666741e+00,2.136717231261871797e-01,3.561195385436453087e-01
4.123333333333333428e+01,1.200000000000000025e-02,5.428025737438502141e-02,7.006780188672427634e-02,1.666666666666666741e+00,2.136653085399159990e-01,3.561088475665266651e-01
4.125000000000000000e+01,1.200000000000000025e-02,5.427613956815559304e-02,7.004912856642973862e-02,1.666666666666666741e+00,2.136589289933194524e-01,3.560982149888657911e-01
4.126666666666666572e+01,1.200000000000000025e-02,5.427202789506981040e-02,7.003047955687888293e-02,1.666666666666666741e+00,2.136525844185016287e-01,3.560876406975027053e-01
4.128333333333333144e+01,1.200000000000000025e-02,5.426792234296731049e-02,7.001185481882497841e-02,1.666666666666666741e+00,2.136462747477274604e-01,3.560771245795457673e-01
4.129999999999999716e+01,1.200000000000000025e-02,5.426382289971772022e-02,6.999325431309555423e-02,1.666666666666666741e+00,2.136399999134117600e-01,3.560666665223529703e-01
4.131666666666666998e+01,1.200000000000000025e-02,5.425972955322010127e-02,6.997467800059171961e-02,1.666666666666666741e+00,2.136337598481011513e-01,3.560562664135019095e-01
4.133333333333333570e+01,1.200000000000000025e-02,5.425564229140325545e-02,6.995612584228930175e-02,1.666666666666666741e+00,2.136275544844792873e-01,3.560459241407988307e-01
4.135000000000000142e+01,1.200000000000000025e-02,5.425156110222552341e-02,6.993759779923927611e-02,1.666666666666666741e+00,2.136213837553544992e-01,3.560356395922575357e-01
4.136666666666666714e+01,1.200000000000000025e-02,5.424748597367471531e-02,6.991909383256239563e-02,1.666666666666666741e+00,2.136152475937160844e-01,3.560254126561934740e-01
4.138333333333333286e+01,1.200000000000000025e-02,5.424341689376824260e-02,6.990061390345410353e-02,1.666666666666666741e+00,2.136091459326905362e-01,3.560152432211509121e-01
4.139999999999999858e+01,1.200000000000000025e-02,5.423935385055249359e-02,6.988215797318290956e-02,1.666666666666666741e+00,2.136030787055299696e-01,3.560051311758832826e-01
4.141666666666666430e+01,1.200000000000000025e-02,5.423529683210316643e-02,6.986372600308896064e-02,1.666666666666666741e+00,2.135970458456462884e-01,3.559950764094104714e-01
4.143333333333333002e+01,1.200000000000000025e-02,5.423124582652508879e-02,6.984531795458304160e-02,1.666666666666666741e+00,2.135910472866153209e-01,3.559850788110255349e-01
4.145000000000000284e+01,1.200000000000000025e-02,5.422720082195214147e-02,6.982693378915233451e-02,1.666666666666666741e+00,2.135850829621130931e-01,3.559751382701885070e-01
4.146666666666666856e+01,1.200000000000000025e-02,5.422316180654734863e-02,6.980857346835460386e-02,1.666666666666666741e+00,2.135791528059853284e-01,3.559652546766422510e-01
4.148333333333333428e+01,1.200000000000000025e-02,5.421912876850232266e-02,6.979023695381972314e-02,1.666666666666666741e+00,2.135732567522051206e-01,3.559554279203419047e-01
4.150000000000000000e+01,1.200000000000000025e-02,5.421510169603756951e-02,6.977192420724885602e-02,1.666666666666666741e+00,2.135673947348994406e-01,3.559456578914990676e-01
4.151666666666666572e+01,1.200000000000000025e-02,5.421108057740228747e-02,6.975363519041404003e-02,1.666666666666666741e+00,2.135615666883457220e-01,3.559359444805761941e-01
4.153333333333333144e+01,1.200000000000000025e-02,5.420706540087431163e-02,6.973536986516043479e-02,1.666666666666666741e+00,2.135557725469469925e-01,3.559262875782450153e-01
4.154999999999999716e+01,1.200000000000000025e-02,5.420305615476021105e-02,6.971712819340382394e-02,1.666666666666666741e+00,2.135500122452659022e-01,3.559166870754431611e-01
4.156666666666666998e+01,1.200000000000000025e-02,5.419905282739472668e-02,6.969891013713104544e-02,1.666666666666666741e+00,2.135442857179939424e-01,3.559071428633232559e-01
4.158333333333333570e+01,1.200000000000000025e-02,5.419505540714108366e-02,6.968071565840279480e-02,1.666666666666666741e+00,2.135385928999390115e-01,3.558976548332317136e-01
4.160000000000000142e+01,1.200000000000000025e-02,5.419106388239078309e-02,6.966254471935506842e-02,1.666666666666666741e+00,2.135329337260011284e-01,3.558882228766685474e-01
4.161666666666666714e+01,1.200000000000000025e-02,5.418707824156355352e-02,6.964439728218652093e-02,1.666666666666666741e+00,2.135273081313094345e-01,3.558788468855157427e-01
4.163333333333333286e+01,1.200000000000000025e-02,5.418309847310747579e-02,6.962627330917034452e-02,1.666666666666666741e+00,2.135217160511018730e-01,3.558695267518364735e-01
4.164999999999999858e+01,1.200000000000000025e-02,5.417912456549835859e-02,6.960817276265064690e-02,1.666666666666666741e+00,2.135161574207348201e-01,3.558602623678913668e-01
4.166666666666666430e+01,1.200000000000000025e-02,5.417515650724010617e-02,6.959009560504135494e-02,1.666666666666666741e+00,2.135106321757158643e-01,3.558510536261931256e-01
4.168333333333333002e+01,1.200000000000000025e-02,5.417119428686448940e-02,6.957204179882559014e-02,1.666666666666666741e+00,2.135051402517011143e-01,3.558419004195018664e-01
4.170000000000000284e+01,1.200000000000000025e-02,5.416723789293112490e-02,6.955401130655969322e-02,1.666666666666666741e+00,2.134996815844524554e-01,3.558328026407541200e-01
4.171666666666666856e+01,1.200000000000000025e-02,5.416328731402752367e-02,6.953600409086906076e-02,1.666666666666666741e+00,2.134942561098873981e-01,3.558237601831456542e-01
4.173333333333333428e+01,1.200000000000000025e-02,5.415934253876857757e-02,6.951802011444921381e-02,1.666666666666666741e+00,2.134888637640434961e-01,3.558147729400725212e-01
4.175000000000000000e+01,1.200000000000000025e-02,5.415540355579685772e-02,6.950005934006174557e-02,1.666666666666666741e+00,2.134835044831398243e-01,3.558058408052330313e-01
4.176666666666666572e+01,1.200000000000000025e-02,5.415147035378241325e-02,6.948212173053194829e-02,1.666666666666666741e+00,2.134781782035951314e-01,3.557969636726585616e-01
4.178333333333333144e+01,1.200000000000000025e-02,5.414754292142272274e-02,6.946420724876541108e-02,1.666666666666666741e+00,2.134728848618456520e-01,3.557881414364094108e-01
4.179999999999999716e+01,1.200000000000000025e-02,5.414362124744277055e-02,6.944631585773179683e-02,1.666666666666666741e+00,2.134676243945287655e-01,3.557793739908812758e-01
4.181666666666666998e+01,1.200000000000000025e-02,5.413970532059454721e-02,6.942844752046918588e-02,1.666666666666666741e+00,2.134623967384118581e-01,3.557706612306864580e-01
4.183333333333333570e+01,1.200000000000000025e-02,5.413579512965730617e-02,6.941060220008997417e-02,1.666666666666666741e+00,2.134572018303428353e-01,3.557620030505714293e-01
4.185000000000000142e+01,1.200000000000000025e-02,5.413189066343739031e-02,6.939277985978399566e-02,1.666666666666666741e+00,2.134520396072086268e-01,3.557533993453477206e-01
4.186666666666666714e+01,1.200000000000000025e-02,5.412799191076819727e-02,6.937498046279252928e-02,1.666666666666666741e+00,2.134469100062213742e-01,3.557448500103689848e-01
4.188333333333333286e+01,1.200000000000000025e-02,5.412409886051022800e-02,6.935720397243294588e-02,1.666666666666666741e+00,2.134418129646521167e-01,3.557363549410868520e-01
4.189999999999999858e+01,1.200000000000000025e-02,5.412021150155061494e-02,6.933945035209149177e-02,1.666666666666666741e+00,2.134367484198877452e-01,3.557279140331462419e-01
4.191666666666666430e+01,1.200000000000000025e-02,5.411632982280334403e-02,6.932171956522263645e-02,1.666666666666666741e+00,2.134317163094517911e-01,3.557195271824196703e-01
4.193333333333333002e+01,1.200000000000000025e-02,5.411245381320914372e-02,6.930401157534858692e-02,1.666666666666666741e+00,2.134267165710059810e-01,3.557111942850099684e-01
4.195000000000000284e+01,1.200000000000000025e-02,5.410858346173535310e-02,6.928632634606166074e-02,1.666666666666666741e+00,2.134217491423193447e-01,3.557029152371989356e-01
4.196666666666666856e+01,1.200000000000000025e-02,5.410471875737601910e-02,6.926866384102184360e-02,1.666666666666666741e+00,2.134168139613020765e-01,3.556946899355034608e-01
4.198333333333333428e+01,1.200000000000000025e-02,5.410085968915156335e-02,6.925102402395735823e-02,1.666666666666666741e+00,2.134119109659841362e-01,3.556865182766402178e-01
4.200000000000000000e+01,1.200000000000000025e-02,5.409700624610887243e-02,6.923340685868223376e-02,1.666666666666666741e+00,2.134070400943270940e-01,3.556784001572118603e-01
4.201666666666666572e+01,1.200000000000000025e-02,5.409315841956612025e-02,6.921581231833616454e-02,1.666666666666666741e+00,2.134022012984259364e-01,3.556703354973765885e-01
4.203333333333333144e+01,1.200000000000000025e-02,5.408931619337209451e-02,6.919824034528126999e-02,1.666666666666666741e+00,2.133973944830105385e-01,3.556623241383509160e-01
4.204999999999999716e+01,1.200000000000000025e-02,5.408547955166510823e-02,6.918069087034633968e-02,1.666666666666666741e+00,2.133926196955137911e-01,3.556543661591896610e-01
4.206666666666666998e+01,1.200000000000000025e-02,5.408164849028791049e-02,6.916316392288687775e-02,1.666666666666666741e+00,2.133878764971425535e-01,3.556464608285709317e-01
4.208333333333333570e+01,1.200000000000000025e-02,5.407782301275171344e-02,6.914565945532304136e-02,1.666666666666666741e+00,2.133831657046701136e-01,3.556386095077835319e-01
4.210000000000000142e+01,1.200000000000000025e-02,5.407400307615497365e-02,6.912817739334825573e-02,1.666666666666666741e+00,2.133784860103843384e-01,3.556308100173072306e-01
4.211666666666666714e+01,1.200000000000000025e-02,5.407018869991497140e-02,6.911071778222899198e-02,1.666666666666666741e+00,2.133738380264166012e-01,3.556230633773609928e-01
4.213333333333333286e+01,1.200000000000000025e-02,5.406637987130305523e-02,6.909328052422057664e-02,1.666666666666666741e+00,2.133692222815387063e-01,3.556153704692311956e-01
4.214999999999999858e+01,1.200000000000000025e-02,5.406257656100679765e-02,6.907586558400975740e-02,1.666666666666666741e+00,2.133646377392638682e-01,3.556077295654397896e-01
4.216666666666666430e+01,1.200000000000000025e-02,5.405877876807560489e-02,6.905847294020610316e-02,1.666666666666666741e+00,2.133600846906755777e-01,3.556001411511259813e-01
4.218333333333333002e+01,1.200000000000000025e-02,5.405498648271642170e-02,6.904110256042987614e-02,1.666666666666666741e+00,2.133555630865979769e-01,3.555926051443299984e-01
4.220000000000000284e+01,1.200000000000000025e-02,5.405119969423156229e-02,6.902375440865901601e-02,1.666666666666666741e+00,2.133510728707233850e-01,3.555851214512056324e-01
4.221666666666666856e+01,1.200000000000000025e-02,5.404741839194219383e-02,6.900642845023505223e-02,1.666666666666666741e+00,2.133466139719770172e-01,3.555776899532950286e-01
4.223333333333333428e+01,1.200000000000000025e-02,5.404364256531705990e-02,6.898912464841208680e-02,1.666666666666666741e+00,2.133421863499806725e-01,3.555703105833011302e-01
4.225000000000000000e+01,1.200000000000000025e-02,5.403987220318688667e-02,6.897184296213811072e-02,1.666666666666666741e+00,2.133377899787401999e-01,3.555629832979003702e-01
4.226666666666666572e+01,1.200000000000000025e-02,5.403610729464229656e-02,6.895458335882664880e-02,1.666666666666666741e+00,2.133334247503831105e-01,3.555557079173051749e-01
4.228333333333333144e+01,1.200000000000000025e-02,5.403234782930848440e-02,6.893734580259032463e-02,1.666666666666666741e+00,2.133290906217757410e-01,3.555484843696262720e-01
4.229999999999999716e+01,1.200000000000000025e-02,5.402859379650622185e-02,6.892013025809171078e-02,1.666666666666666741e+00,2.133247875270975757e-01,3.555413125451626355e-01
4.231666666666666998e+01,1.200000000000000025e-02,5.402484518580725342e-02,6.890293669055860826e-02,1.666666666666666741e+00,2.133205154069340859e-01,3.555341923448901431e-01
4.233333333333333570e+01,1.200000000000000025e-02,5.402110198700905280e-02,6.888576506374369246e-02,1.666666666666666741e+00,2.133162742300061254e-01,3.555271237166768850e-01
4.235000000000000142e+01,1.200000000000000025e-02,5.401736418924866362e-02,6.886861534200597323e-02,1.666666666666666741e+00,2.133120639228373028e-01,3.555201065380622083e-01
4.236666666666666714e+01,1.200000000000000025e-02,5.401363178194406450e-02,6.885148749162284254e-02,1.666666666666666741e+00,2.133078844046358280e-01,3.555131406743930467e-01
4.238333333333333286e+01,1.200000000000000025e-02,5.400990475468721297e-02,6.883438147956118247e-02,1.666666666666666741e+00,2.133037355954995884e-01,3.555062259924993140e-01
4.239999999999999858e+01,1.200000000000000025e-02,5.400618309802310973e-02,6.881729726934680824e-02,1.666666666666666741e+00,2.132996175045999698e-01,3.554993625076666164e-01
4.241666666666666430e+01,1.200000000000000025e-02,5.400246680095059648e-02,6.880023482602527773e-02,1.666666666666666741e+00,2.132955300414631217e-01,3.554925500691052398e-01
4.243333333333333002e+01,1.200000000000000025e-02,5.399875585305147219e-02,6.878319411664360339e-02,1.666666666666666741e+00,2.132914731233476191e-01,3.554857885389127170e-01
4.245000000000000284e+01,1.200000000000000025e-02,5.399505024390756358e-02,6.876617510758890883e-02,1.666666666666666741e+00,2.132874466744682784e-01,3.554790777907804733e-01
4.246666666666666856e+01,1.200000000000000025e-02,5.399134996436578959e-02,6.874917776303750283e-02,1.666666666666666741e+00,2.132834507111009137e-01,3.554724178518348654e-01
4.248333333333333428e+01,1.200000000000000025e-02,5.398765500351228319e-02,6.873220204841297420e-02,1.666666666666666741e+00,2.132794851411946024e-01,3.554658085686576707e-01
4.250000000000000000e+01,1.200000000000000025e-02,5.398396535100617732e-02,6.871524792913892565e-02,1.666666666666666741e+00,2.132755499027253476e-01,3.554592498378755794e-01
4.251666666666666572e+01,1.200000000000000025e-02,5.398028099655102774e-02,6.869831537232014285e-02,1.666666666666666741e+00,2.132716449164137607e-01,3.554527415273562863e-01
4.253333333333333144e+01,1.200000000000000025e-02,5.397660192985037630e-02,6.868140434450713261e-02,1.666666666666666741e+00,2.132677701087796196e-01,3.554462835146326993e-01
4.254999999999999716e+01,1.200000000000000025e-02,5.397292814195753935e-02,6.866451481039331783e-02,1.666666666666666741e+00,2.132639254993288769e-01,3.554398758322148133e-01
4.256666666666666998e+01,1.200000000000000025e-02,5.396925962204721094e-02,6.864764673571989440e-02,1.666666666666666741e+00,2.132601109947322715e-01,3.554335183245537766e-01
4.258333333333333570e+01,1.200000000000000025e-02,5.396559635990544335e-02,6.863080008622801653e-02,1.666666666666666741e+00,2.132563265338844050e-01,3.554272108898073324e-01
4.260000000000000142e+01,1.200000000000000025e-02,5.396193834536567452e-02,6.861397482929175451e-02,1.666666666666666741e+00,2.132525720390697210e-01,3.554209533984495351e-01
4.261666666666666714e+01,1.200000000000000025e-02,5.395828556826132855e-02,6.859717093174683145e-02,1.666666666666666741e+00,2.132488474382273069e-01,3.554147457303788449e-01
4.263333333333333286e+01,1.200000000000000025e-02,5.395463801967359529e-02,6.858038835862521887e-02,1.666666666666666741e+00,2.132451527466140140e-01,3.554085879110233659e-01
4.264999999999999858e+01,1.200000000000000025e-02,5.395099568894703296e-02,6.856362707597650485e-02,1.666666666666666741e+00,2.132414878741225039e-01,3.554024797902041732e-01
4.266666666666666430e+01,1.200000000000000025e-02,5.394735856599133100e-02,6.854688704985033298e-02,1.666666666666666741e+00,2.132378527605414964e-01,3.553964212675691514e-01
4.268333333333333002e+01,1.200000000000000025e-02,5.394372664075999801e-02,6.853016824755513159e-02,1.666666666666666741e+00,2.132342473330963439e-01,3.553904122218272676e-01
4.270000000000000284e+01,1.200000000000000025e-02,5.394009990320652176e-02,6.851347063628160372e-02,1.666666666666666741e+00,2.132306715198738767e-01,3.553844525331231186e-01
4.271666666666666856e+01,1.200000000000000025e-02,5.393647834424643295e-02,6.849679418186811752e-02,1.666666666666666741e+00,2.132271253160381019e-01,3.553785421933968736e-01
4.273333333333333428e+01,1.200000000000000025e-02,5.393286195361356172e-02,6.848013885094826614e-02,1.666666666666666741e+00,2.132236086434242117e-01,3.553726810723736862e-01
4.275000000000000000e+01,1.200000000000000025e-02,5.392925072143759518e-02,6.846350461021681599e-02,1.666666666666666741e+00,2.132201214440799519e-01,3.553668690734665958e-01
4.276666666666666572e+01,1.200000000000000025e-02,5.392564463790306545e-02,6.844689142638331336e-02,1.666666666666666741e+00,2.132166636624175104e-01,3.553611061040292118e-01
4.278333333333333144e+01,1.200000000000000025e-02,5.392204369321772911e-02,6.843029926622276604e-02,1.666666666666666741e+00,2.132132352429245703e-01,3.553553920715409875e-01
4.279999999999999716e+01,1.200000000000000025e-02,5.391844787759022400e-02,6.841372809662135679e-02,1.666666666666666741e+00,2.132098361284240351e-01,3.553497268807067622e-01
4.281666666666666998e+01,1.200000000000000025e-02,5.391485718127980026e-02,6.839717788449709013e-02,1.666666666666666741e+00,2.132064662636887764e-01,3.553441104394813310e-01
4.283333333333333570e+01,1.200000000000000025e-02,5.391127159455975926e-02,6.838064859682689567e-02,1.666666666666666741e+00,2.132031255931493285e-01,3.553385426552488902e-01
4.285000000000000142e+01,1.200000000000000025e-02,5.390769110772531542e-02,6.836414020074590980e-02,1.666666666666666741e+00,2.131998140601693570e-01,3.553330234336156135e-01
4.286666666666666714e+01,1.200000000000000025e-02,5.390411571109434558e-02,6.834765266343886814e-02,1.666666666666666741e+00,2.131965316083443973e-01,3.553275526805740325e-01
4.288333333333333286e+01,1.200000000000000025e-02,5.390054539504257614e-02,6.833118595204289158e-02,1.666666666666666741e+00,2.131932781845526925e-01,3.553221303075878579e-01
4.289999999999999858e+01,1.200000000000000025e-02,5.389698014992518743e-02,6.831474003381665661e-02,1.666666666666666741e+00,2.131900537327244272e-01,3.553167562212073971e-01
4.291666666666666430e+01,1.200000000000000025e-02,5.389341996613452451e-02,6.829831487608266360e-02,1.666666666666666741e+00,2.131868581976545385e-01,3.553114303294242493e-01
4.293333333333333002e+01,1.200000000000000025e-02,5.388986483408759326e-02,6.828191044618259209e-02,1.666666666666666741e+00,2.131836915248442321e-01,3.553061525414070720e-01
4.295000000000000284e+01,1.200000000000000025e-02,5.388631474422490159e-02,6.826552671152605334e-02,1.666666666666666741e+00,2.131805536598734285e-01,3.553009227664557512e-01
4.296666666666666856e+01,1.200000000000000025e-02,5.388276968698473002e-02,6.824916363963429156e-02,1.666666666666666741e+00,2.131774445464828249e-01,3.552957409108047360e-01
4.298333333333333428e+01,1.200000000000000025e-02,5.387922965286050248e-02,6.823282119806414747e-02,1.666666666666666741e+00,2.131743641306002857e-01,3.552906068843338372e-01
4.300000000000000000e+01,1.200000000000000025e-02,5.387569463235857697e-02,6.821649935443403756e-02,1.666666666666666741e+00,2.131713123577322344e-01,3.552855205962204277e-01
4.301666666666666572e+01,1.200000000000000025e-02,5.387216461600735640e-02,6.820019807637042741e-02,1.666666666666666741e+00,2.131682891740896701e-01,3.552804819568161077e-01
4.303333333333333144e+01,1.200000000000000025e-02,5.386863959435812116e-02,6.818391733156635437e-02,1.666666666666666741e+00,2.131652945259527032e-01,3.552754908765878294e-01
4.304999999999999716e+01,1.200000000000000025e-02,5.386511955795815487e-02,6.816765708783405209e-02,1.666666666666666741e+00,2.131623283575763694e-01,3.552705472626273009e-01
4.306666666666666998e+01,1.200000000000000025e-02,5.386160449741068945e-02,6.815141731301344041e-02,1.666666666666666741e+00,2.131593906155576090e-01,3.552656510259293854e-01
4.308333333333333570e+01,1.200000000000000025e-02,5.385809440333075987e-02,6.813519797500348918e-02,1.666666666666666741e+00,2.131564812460456093e-01,3.552608020767427099e-01
4.310000000000000142e+01,1.200000000000000025e-02,5.385458926635478677e-02,6.811899904175409970e-02,1.666666666666666741e+00,2.131536001953648063e-01,3.552560003256080012e-01
4.311666666666666714e+01,1.200000000000000025e-02,5.385108907714142301e-02,6.810282048127491716e-02,1.666666666666666741e+00,2.131507474099600397e-01,3.552512456832667698e-01
4.313333333333333286e+01,1.200000000000000025e-02,5.384759382635813385e-02,6.808666226164319935e-02,1.666666666666666741e+00,2.131479228355638855e-01,3.552465380592731425e-01
4.314999999999999858e+01,1.200000000000000025e-02,5.384410350471113132e-02,6.807052435099013310e-02,1.666666666666666741e+00,2.131451264190115935e-01,3.552418773650193318e-01
4.316666666666666430e+01,1.200000000000000025e-02,5.384061810292335021e-02,6.805440671750546955e-02,1.666666666666666741e+00,2.131423581069732953e-01,3.552372635116221589e-01
4.318333333333333002e+01,1.200000000000000025e-02,5.383713761173920115e-02,6.803830932944203436e-02,1.666666666666666741e+00,2.131396178461645030e-01,3.552326964102741624e-01
4.320000000000000284e+01,1.200000000000000025e-02,5.383366202192502170e-02,6.802223215511080112e-02,1.666666666666666741e+00,2.131369055834305692e-01,3.552281759723843191e-01
4.321666666666666856e+01,1.200000000000000025e-02,5.383019132426074965e-02,6.800617516287661701e-02,1.666666666666666741e+00,2.131342212653369872e-01,3.552237021088949787e-01
4.323333333333333428e+01,1.200000000000000025e-02,5.382672550955845681e-02,6.799013832116569678e-02,1.666666666666666741e+00,2.131315648391100825e-01,3.552192747318501653e-01
4.325000000000000000e+01,1.200000000000000025e-02,5.382326456864873487e-02,6.797412159846308310e-02,1.666666666666666741e+00,2.131289362519140917e-01,3.552148937531901529e-01
4.326666666666666572e+01,1.200000000000000025e-02,5.381980849238358899e-02,6.795812496330434771e-02,1.666666666666666741e+00,2.131263354511117314e-01,3.552105590851862282e-01
4.328333333333333144e+01,1.200000000000000025e-02,5.381635727163677080e-02,6.794214838428465353e-02,1.666666666666666741e+00,2.131237623841769069e-01,3.552062706402948633e-01
4.329999999999999716e+01,1.200000000000000025e-02,5.381291089729389743e-02,6.792619183006685935e-02,1.666666666666666741e+00,2.131212169980492288e-01,3.552020283300820758e-01
4.331666666666666998e+01,1.200000000000000025e-02,5.380946936027440619e-02,6.791025526936743384e-02,1.666666666666666741e+00,2.131186992405254832e-01,3.551978320675424627e-01
4.333333333333333570e+01,1.200000000000000025e-02,5.380603265151539388e-02,6.789433867096124342e-02,1.666666666666666741e+00,2.131162090593048120e-01,3.551936817655080292e-01
4.335000000000000142e+01,1.200000000000000025e-02,5.380260076197513480e-02,6.787844200366560665e-02,1.666666666666666741e+00,2.131137464023761807e-01,3.551895773372936715e-01
4.336666666666666714e+01,1.200000000000000025e-02,5.379917368263336525e-02,6.786256523635773863e-02,1.666666666666666741e+00,2.131113112178284752e-01,3.551855186963808197e-01
4.338333333333333286e+01,1.200000000000000025e-02,5.379575140447900861e-02,6.784670833799041900e-02,1.666666666666666741e+00,2.131089034529778103e-01,3.551815057549630450e-01
4.339999999999999858e+01,1.200000000000000025e-02,5.379233391853758400e-02,6.783087127756476375e-02,1.666666666666666741e+00,2.131065230562266821e-01,3.551775384270444702e-01
4.341666666666666430e+01,1.200000000000000025e-02,5.378892121585103492e-02,6.781505402413952333e-02,1.666666666666666741e+00,2.131041699758270125e-01,3.551736166263783634e-01
4.343333333333333002e+01,1.200000000000000025e-02,5.378551328748208682e-02,6.779925654681670522e-02,1.666666666666666741e+00,2.131018441602974545e-01,3.551697402671624149e-01
4.345000000000000284e+01,1.200000000000000025e-02,5.378211012451464962e-02,6.778347881475731140e-02,1.666666666666666741e+00,2.130995455582595788e-01,3.551659092637659554e-01
4.346666666666666856e+01,1.200000000000000025e-02,5.377871171804086969e-02,6.776772079719539654e-02,1.666666666666666741e+00,2.130972741175427843e-01,3.551621235292379830e-01
4.348333333333333428e+01,1.200000000000000025e-02,5.377531805918998875e-02,6.775198246341358754e-02,1.666666666666666741e+00,2.130950297871002375e-01,3.551583829785003865e-01
4.350000000000000000e+01,1.200000000000000025e-02,5.377192913910709693e-02,6.773626378275145188e-02,1.666666666666666741e+00,2.130928125157170727e-01,3.551546875261951119e-01
4.351666666666666572e+01,1.200000000000000025e-02,5.376854494895775410e-02,6.772056472459374310e-02,1.666666666666666741e+00,2.130906222524129034e-01,3.551510370873548483e-01
4.353333333333333144e+01,1.200000000000000025e-02,5.376516547992836459e-02,6.770488525838329330e-02,1.666666666666666741e+00,2.130884589463097334e-01,3.551474315771829260e-01
4.354999999999999716e+01,1.200000000000000025e-02,5.376179072321399244e-02,6.768922535363242066e-02,1.666666666666666741e+00,2.130863225458077825e-01,3.551438709096796376e-01
4.356666666666666998e+01,1.200000000000000025e-02,5.375842067004559660e-02,6.767358497990301480e-02,1.666666666666666741e+00,2.130842130003635648e-01,3.551403550006059784e-01
4.358333333333333570e+01,1.200000000000000025e-02,5.375505531166997752e-02,6.765796410681329531e-02,1.666666666666666741e+00,2.130821302592789679e-01,3.551368837654649835e-01
4.360000000000000142e+01,1.200000000000000025e-02,5.375169463935410702e-02,6.764236270402664009e-02,1.666666666666666741e+00,2.130800742720818375e-01,3.551334571201363866e-01
4.361666666666666714e+01,1.200000000000000025e-02,5.374833864438555153e-02,6.762678074126383942e-02,1.666666666666666741e+00,2.130780449884039918e-01,3.551300749806733381e-01
4.363333333333333286e+01,1.200000000000000025e-02,5.374498731806093971e-02,6.761121818831411501e-02,1.666666666666666741e+00,2.130760423571949336e-01,3.551267372619915652e-01
4.364999999999999858e+01,1.200000000000000025e-02,5.374164065171161547e-02,6.759567501501596853e-02,1.666666666666666741e+00,2.130740663284088343e-01,3.551234438806813998e-01
4.366666666666666430e+01,1.200000000000000025e-02,5.373829863668476425e-02,6.758015119126370429e-02,1.666666666666666741e+00,2.130721168518580066e-01,3.551201947530966962e-01
4.368333333333333002e+01,1.200000000000000025e-02,5.373496126434748610e-02,6.756464668699585507e-02,1.666666666666666741e+00,2.130701938775854676e-01,3.551169897959757793e-01
4.370000000000000284e+01,1.200000000000000025e-02,5.373162852608721202e-02,6.754916147220789424e-02,1.666666666666666741e+00,2.130682973557363191e-01,3.551138289262272263e-01
4.371666666666666856e+01,1.200000000000000025e-02,5.372830041330041440e-02,6.753369551696351836e-02,1.666666666666666741e+00,2.130664272357787881e-01,3.551107120596313504e-01
4.373333333333333428e+01,1.200000000000000025e-02,5.372497691741767029e-02,6.751824879137495461e-02,1.666666666666666741e+00,2.130645834681715312e-01,3.551076391136192556e-01
4.375000000000000000e+01,1.200000000000000025e-02,5.372165802988524558e-02,6.750282126560969154e-02,1.666666666666666741e+00,2.130627660032354820e-01,3.551046100053925070e-01
4.376666666666666572e+01,1.200000000000000025e-02,5.371834374216905711e-02,6.748741290987876618e-02,1.666666666666666741e+00,2.130609747915234720e-01,3.551016246525391384e-01
4.378333333333333144e+01,1.200000000000000025e-02,5.371503404575506124e-02,6.747202369444953163e-02,1.666666666666666741e+00,2.130592097836888077e-01,3.550986829728147165e-01
4.379999999999999716e+01,1.200000000000000025e-02,5.371172893213800592e-02,6.745665358965723113e-02,1.666666666666666741e+00,2.130574709297015923e-01,3.550957848828359964e-01
4.381666666666666998e+01,1.200000000000000025e-02,5.370842839284648007e-02,6.744130256588491690e-02,1.666666666666666741e+00,2.130557581805272716e-01,3.550929303008787952e-01
4.383333333333333570e+01,1.200000000000000025e-02,5.370513241942446309e-02,6.742597059357038902e-02,1.666666666666666741e+00,2.130540714869891550e-01,3.550901191449819527e-01
4.385000000000000142e+01,1.200000000000000025e-02,5.370184100343532857e-02,6.741065764319451037e-02,1.666666666666666741e+00,2.130524108001413397e-01,3.550873513335688902e-01
4.386666666666666714e+01,1.200000000000000025e-02,5.369855413646222597e-02,6.739536368529397414e-02,1.666666666666666741e+00,2.130507760711365939e-01,3.550846267852276750e-01
4.388333333333333286e+01,1.200000000000000025e-02,5.369527181009690203e-02,6.738008869047254490e-02,1.666666666666666741e+00,2.130491672504470635e-01,3.550819454174117817e-01
4.389999999999999858e+01,1.200000000000000025e-02,5.369199401596454896e-02,6.736483262938137984e-02,1.666666666666666741e+00,2.130475842895338812e-01,3.550793071492231445e-01
4.391666666666666430e+01,1.200000000000000025e-02,5.368872074570555514e-02,6.734959547272577340e-02,1.666666666666666741e+00,2.130460271397183469e-01,3.550767118995306060e-01
4.393333333333333002e+01,1.200000000000000025e-02,5.368545199097941173e-02,6.733437719125578980e-02,1.666666666666666741e+00,2.130444957525226835e-01,3.550741595875377965e-01
4.395000000000000284e+01,1.200000000000000025e-02,5.368218774346511513e-02,6.731917775577472840e-02,1.666666666666666741e+00,2.130429900795910436e-01,3.550716501326517394e-01
4.396666666666666856e+01,1.200000000000000025e-02,5.367892799485193822e-02,6.730399713714937948e-02,1.666666666666666741e+00,2.130415100720317589e-01,3.550691834533862834e-01
4.398333333333333428e+01,1.200000000000000025e-02,5.367567273685874135e-02,6.728883530629420351e-02,1.666666666666666741e+00,2.130400556817272084e-01,3.550667594695453566e-01
4.400000000000000000e+01,1.200000000000000025e-02,5.367242196122012227e-02,6.727369223417638266e-02,1.666666666666666741e+00,2.130386268604745614e-01,3.550643781007909450e-01
4.401666666666666572e+01,1.200000000000000025e-02,5.366917565968925413e-02,6.725856789181626494e-02,1.666666666666666741e+00,2.130372235601452335e-01,3.550620392669087133e-01
4.403333333333333144e+01,1.200000000000000025e-02,5.366593382403810064e-02,6.724346225028676738e-02,1.666666666666666741e+00,2.130358457327060639e-01,3.550597428878434769e-01
4.404999999999999716e+01,1.200000000000000025e-02,5.366269644605774214e-02,6.722837528071266833e-02,1.666666666666666741e+00,2.130344933302482924e-01,3.550574888837471632e-01
4.406666666666666998e+01,1.200000000000000025e-02,5.365946351755757071e-02,6.721330695427142621e-02,1.666666666666666741e+00,2.130331663049322699e-01,3.550552771748871073e-01
4.408333333333333570e+01,1.200000000000000025e-02,5.365623503036576897e-02,6.719825724219277707e-02,1.666666666666666741e+00,2.130318646090215429e-01,3.550531076817025622e-01
4.410000000000000142e+01,1.200000000000000025e-02,5.365301097632913657e-02,6.718322611575740233e-02,1.666666666666666741e+00,2.130305881948906521e-01,3.550509803248177443e-01
4.411666666666666714e+01,1.200000000000000025e-02,5.364979134731304861e-02,6.716821354629791407e-02,1.666666666666666741e+00,2.130293370150119492e-01,3.550488950250199061e-01
4.413333333333333286e+01,1.200000000000000025e-02,5.364657613520102536e-02,6.715321950520010408e-02,1.666666666666666741e+00,2.130281110219163498e-01,3.550468517031939442e-01
4.414999999999999858e+01,1.200000000000000025e-02,5.364336533189546091e-02,6.713824396390076499e-02,1.666666666666666741e+00,2.130269101682642496e-01,3.550448502804404161e-01
4.416666666666666430e+01,1.200000000000000025e-02,5.364015892931699864e-02,6.712328689388823155e-02,1.666666666666666741e+00,2.130257344068036962e-01,3.550428906780061511e-01
4.418333333333333002e+01,1.200000000000000025e-02,5.363695691940461446e-02,6.710834826670368514e-02,1.666666666666666741e+00,2.130245836903604251e-01,3.550409728172673751e-01
4.420000000000000284e+01,1.200000000000000025e-02,5.363375929411557524e-02,6.709342805393968268e-02,1.666666666666666741e+00,2.130234579718550680e-01,3.550390966197584652e-01
4.421666666666666856e+01,1.200000000000000025e-02,5.363056604542597305e-02,6.707852622723871339e-02,1.666666666666666741e+00,2.130223572043536961e-01,3.550372620072561602e-01
4.423333333333333428e+01,1.200000000000000025e-02,5.362737716532942067e-02,6.706364275829525268e-02,1.666666666666666741e+00,2.130212813409673445e-01,3.550354689016122500e-01
4.425000000000000000e+01,1.200000000000000025e-02,5.362419264583789813e-02,6.704877761885495724e-02,1.666666666666666741e+00,2.130202303349129633e-01,3.550337172248549389e-01
4.426666666666666572e+01,1.200000000000000025e-02,5.362101247898152373e-02,6.703393078071470668e-02,1.666666666666666741e+00,2.130192041395006786e-01,3.550320068991678069e-01
4.428333333333333144e+01,1.200000000000000025e-02,5.361783665680847771e-02,6.701910221572235371e-02,1.666666666666666741e+00,2.130182027081339025e-01,3.550303378468898652e-01
4.429999999999999716e+01,1.200000000000000025e-02,5.361466517138509941e-02,6.700429189577647437e-02,1.666666666666666741e+00,2.130172259943193813e-01,3.550287099905323207e-01
4.431666666666666998e+01,1.200000000000000025e-02,5.361149801479553334e-02,6.698949979282649292e-02,1.666666666666666741e+00,2.130162739516463510e-01,3.550271232527439369e-01
4.433333333333333570e+01,1.200000000000000025e-02,5.360833517914190272e-02,6.697472587887251527e-02,1.666666666666666741e+00,2.130153465337999430e-01,3.550255775563332383e-01
4.435000000000000142e+01,1.200000000000000025e-02,5.360517665654420533e-02,6.695997012596495435e-02,1.666666666666666741e+00,2.130144436945612396e-01,3.550240728242687327e-01
4.436666666666666714e+01,1.200000000000000025e-02,5.360202243914027193e-02,6.694523250620465493e-02,1.666666666666666741e+00,2.130135653878044988e-01,3.550226089796741924e-01
4.438333333333333286e+01,1.200000000000000025e-02,5.359887251908568989e-02,6.693051299174311575e-02,1.666666666666666741e+00,2.130127115674911586e-01,3.550211859458186070e-01
4.439999999999999858e+01,1.200000000000000025e-02,5.359572688855378936e-02,6.691581155478194820e-02,1.666666666666666741e+00,2.130118821876771928e-01,3.550198036461286732e-01
4.441666666666666430e+01,1.200000000000000025e-02,5.359258553973559464e-02,6.690112816757287639e-02,1.666666666666666741e+00,2.130110772025114729e-01,3.550184620041857975e-01
4.443333333333333002e+01,1.200000000000000025e-02,5.358944846483973401e-02,6.688646280241751507e-02,1.666666666666666741e+00,2.130102965662346304e-01,3.550171609437243747e-01
4.445000000000000284e+01,1.200000000000000025e-02,5.358631565609243974e-02,6.687181543166741127e-02,1.666666666666666741e+00,2.130095402331797227e-01,3.550159003886328990e-01
4.446666666666666856e+01,1.200000000000000025e-02,5.358318710573755500e-02,6.685718602772403041e-02,1.666666666666666741e+00,2.130088081577742043e-01,3.550146802629570164e-01
4.448333333333333428e+01,1.200000000000000025e-02,5.358006280603631183e-02,6.684257456303847877e-02,1.666666666666666741e+00,2.130081002945315438e-01,3.550135004908859249e-01
4.450000000000000000e+01,1.200000000000000025e-02,5.357694274926742134e-02,6.682798101011147573e-02,1.666666666666666741e+00,2.130074165980581635e-01,3.550123609967636429e-01
4.451666666666666572e+01,1.200000000000000025e-02,5.357382692772697658e-02,6.681340534149339538e-02,1.666666666666666741e+00,2.130067570230484986e-01,3.550112617050808494e-01
4.453333333333333144e+01,1.200000000000000025e-02,5.357071533372842476e-02,6.679884752978401674e-02,1.666666666666666741e+00,2.130061215242876616e-01,3.550102025404794359e-01
4.454999999999999716e+01,1.200000000000000025e-02,5.356760795960265747e-02,6.678430754763221844e-02,1.666666666666666741e+00,2.130055100566621284e-01,3.550091834277702141e-01
4.456666666666666998e+01,1.200000000000000025e-02,5.356450479769765682e-02,6.676978536773615913e-02,1.666666666666666741e+00,2.130049225751375619e-01,3.550082042918959457e-01
4.458333333333333570e+01,1.200000000000000025e-02,5.356140584037864805e-02,6.675528096284308321e-02,1.666666666666666741e+00,2.130043590347716065e-01,3.550072650579527145e-01
4.460000000000000142e+01,1.200000000000000025e-02,5.355831108002803709e-02,6.674079430574957061e-02,1.666666666666666741e+00,2.130038193907083099e-01,3.550063656511805443e-01
4.461666666666666714e+01,1.200000000000000025e-02,5.355522050904534814e-02,6.672632536930110658e-02,1.666666666666666741e+00,2.130033035981811207e-01,3.550055059969685622e-01
4.463333333333333286e+01,1.200000000000000025e-02,5.355213411984733468e-02,6.671187412639160985e-02,1.666666666666666741e+00,2.130028116125267101e-01,3.550046860208778687e-01
4.464999999999999858e+01,1.200000000000000025e-02,5.354905190486757699e-02,6.669744054996394611e-02,1.666666666666666741e+00,2.130023433891557738e-01,3.550039056485929656e-01
4.466666666666666430e+01,1.200000000000000025e-02,5.354597385655671810e-02,6.668302461300958106e-02,1.666666666666666741e+00,2.130018988835726546e-01,3.550031648059544520e-01
4.468333333333333002e+01,1.200000000000000025e-02,5.354289996738231111e-02,6.666862628856853878e-02,1.666666666666666741e+00,2.130014780513680983e-01,3.550024634189468675e-01
4.470000000000000284e+01,1.200000000000000025e-02,5.353983022982883311e-02,6.665424554972929072e-02,1.666666666666666741e+00,2.130010808482226681e-01,3.550018014137044653e-01
4.471666666666666856e+01,1.200000000000000025e-02,5.353676463639769900e-02,6.663988236962858913e-02,1.666666666666666741e+00,2.130007072299109350e-01,3.550011787165182620e-01
4.473333333333333428e+01,1.200000000000000025e-02,5.353370317960701175e-02,6.662553672145142547e-02,1.666666666666666741e+00,2.130003571522883776e-01,3.550005952538139997e-01
4.475000000000000000e+01,1.200000000000000025e-02,5.353064585199164560e-02,6.661120857843091936e-02,1.666666666666666741e+00,2.130000305712988484e-01,3.550000509521647474e-01
4.476666666666666572e+01,1.200000000000000025e-02,5.352759264610322532e-02,6.659689791384823532e-02,1.666666666666666741e+00,2.129997274429757670e-01,3.549995457382929542e-01
4.478333333333333144e+01,1.200000000000000025e-02,5.352454355451000817e-02,6.658260470103241624e-02,1.666666666666666741e+00,2.129994477234382344e-01,3.549990795390637333e-01
4.479999999999999716e+01,1.200000000000000025e-02,5.352149856979700887e-02,6.656832891336041114e-02,1.666666666666666741e+00,2.129991913688996374e-01,3.549986522814994050e-01
4.481666666666666998e+01,1.200000000000000025e-02,5.351845768456568730e-02,6.655407052425686698e-02,1.666666666666666741e+00,2.129989583356524663e-01,3.549982638927541290e-01
4.483333333333333570e+01,1.200000000000000025e-02,5.351542089143407344e-02,6.653982950719405931e-02,1.666666666666666741e+00,2.129987485800781122e-01,3.549979143001302240e-01
4.485000000000000142e+01,1.200000000000000025e-02,5.351238818303669792e-02,6.652560583569194774e-02,1.666666666666666741e+00,2.129985620586431205e-01,3.549976034310718953e-01
4.486666666666666714e+01,1.200000000000000025e-02,5.350935955202453659e-02,6.651139948331789842e-02,1.666666666666666741e+00,2.129983987279006064e-01,3.549973312131676773e-01
4.488333333333333286e+01,1.200000000000000025e-02,5.350633499106507290e-02,6.649721042368653134e-02,1.666666666666666741e+00,2.129982585444972210e-01,3.549970975741620349e-01
4.489999999999999858e+01,1.200000000000000025e-02,5.350331449284204122e-02,6.648303863045976203e-02,1.666666666666666741e+00,2.129981414651582750e-01,3.549969024419304953e-01
4.491666666666666430e+01,1.200000000000000025e-02,5.350029805005550310e-02,6.646888407734667659e-02,1.666666666666666741e+00,2.129980474466951212e-01,3.549967457444918595e-01
4.493333333333333002e+01,1.200000000000000025e-02,5.349728565542183345e-02,6.645474673810349009e-02,1.666666666666666741e+00,2.129979764460060987e-01,3.549966274100102015e-01
4.495000000000000284e+01,1.200000000000000025e-02,5.349427730167360256e-02,6.644062658653344944e-02,1.666666666666666741e+00,2.129979284200717582e-01,3.549965473667862637e-01
4.496666666666666856e+01,1.200000000000000025e-02,5.349127298155970101e-02,6.642652359648650029e-02,1.666666666666666741e+00,2.129979033259680188e-01,3.549965055432800498e-01
4.498333333333333428e+01,1.200000000000000025e-02,5.348827268784503430e-02,6.641243774185945359e-02,1.666666666666666741e+00,2.129979011208465445e-01,3.549965018680775741e-01
4.500000000000000000e+01,1.200000000000000025e-02,5.348527641331064092e-02,6.639836899659579128e-02,1.666666666666666741e+00,2.129979217619456799e-01,3.549965362699094573e-01
4.501666666666666572e+01,1.200000000000000025e-02,5.348228415075362285e-02,6.638431733468568019e-02,1.666666666666666741e+00,2.129979652065871476e-01,3.549966086776452645e-01
4.503333333333333144e+01,1.200000000000000025e-02,5.347929589298711095e-02,6.637028273016579161e-02,1.666666666666666741e+00,2.129980314121775742e-01,3.549967190202959477e-01
4.504999999999999716e+01,1.200000000000000025e-02,5.347631163284029959e-02,6.635626515711906537e-02,1.666666666666666741e+00,2.129981203362146247e-01,3.549968672270243930e-01
4.506666666666666998e+01,1.200000000000000025e-02,5.347333136315821078e-02,6.634226458967483475e-02,1.666666666666666741e+00,2.129982319362723753e-01,3.549970532271206625e-01
4.508333333333333570e+01,1.200000000000000025e-02,5.347035507680178434e-02,6.632828100200864607e-02,1.666666666666666741e+00,2.129983661700101949e-01,3.549972769500169822e-01
4.510000000000000142e+01,1.200000000000000025e-02,5.346738276664781547e-02,6.631431436834221704e-02,1.666666666666666741e+00,2.129985229951706083e-01,3.549975383252843564e-01
4.511666666666666714e+01,1.200000000000000025e-02,5.346441442558889229e-02,6.630036466294335351e-02,1.666666666666666741e+00,2.129987023695777693e-01,3.549978372826296247e-01
4.513333333333333286e+01,1.200000000000000025e-02,5.346145004653351379e-02,6.628643186012565802e-02,1.666666666666666741e+00,2.129989042511495900e-01,3.549981737519160019e-01
4.514999999999999858e+01,1.200000000000000025e-02,5.345848962240574292e-02,6.627251593424862697e-02,1.666666666666666741e+00,2.129991285978764526e-01,3.549985476631274395e-01
4.516666666666666430e+01,1.200000000000000025e-02,5.345553314614538698e-02,6.625861685971752568e-02,1.666666666666666741e+00,2.129993753678348922e-01,3.549989589463914963e-01
4.518333333333333002e+01,1.200000000000000025e-02,5.345258061070786576e-02,6.624473461098333293e-02,1.666666666666666741e+00,2.129996445191814913e-01,3.549994075319691800e-01
4.520000000000000284e+01,1.200000000000000025e-02,5.344963200906423934e-02,6.623086916254260215e-02,1.666666666666666741e+00,2.129999360101574590e-01,3.549998933502624410e-01
4.521666666666666856e+01,1.200000000000000025e-02,5.344668733420119416e-02,6.621702048893728099e-02,1.666666666666666741e+00,2.130002497990913235e-01,3.550004163318188910e-01
4.523333333333333428e+01,1.200000000000000025e-02,5.344374657912082799e-02,6.620318856475472524e-02,1.666666666666666741e+00,2.130005858443866362e-01,3.550009764073110974e-01
4.525000000000000000e+01,1.200000000000000025e-02,5.344080973684076086e-02,6.618937336462760168e-02,1.666666666666666741e+00,2.130009441045311591e-01,3.550015735075519596e-01
4.526666666666666572e+01,1.200000000000000025e-02,5.343787680039403798e-02,6.617557486323386029e-02,1.666666666666666741e+00,2.130013245380923959e-01,3.550022075634873264e-01
4.528333333333333144e+01,1.200000000000000025e-02,5.343494776282910891e-02,6.616179303529653999e-02,1.666666666666666741e+00,2.130017271037199234e-01,3.550028785061998815e-01
4.529999999999999716e+01,1.200000000000000025e-02,5.343202261720989693e-02,6.614802785558362985e-02,1.666666666666666741e+00,2.130021517601528025e-01,3.550035862669213560e-01
4.531666666666666998e+01,1.200000000000000025e-02,5.342910135661549376e-02,6.613427929890804136e-02,1.666666666666666741e+00,2.130025984662018979e-01,3.550043307770031631e-01
4.533333333333333570e+01,1.200000000000000025e-02,5.342618397414031911e-02,6.612054734012758062e-02,1.666666666666666741e+00,2.130030671807614517e-01,3.550051119679357714e-01
4.535000000000000142e+01,1.200000000000000025e-02,5.342327046289403053e-02,6.610683195414486513e-02,1.666666666666666741e+00,2.130035578628056148e-01,3.550059297713427098e-01
4.536666666666666714e+01,1.200000000000000025e-02,5.342036081600147479e-02,6.609313311590714335e-02,1.666666666666666741e+00,2.130040704713888899e-01,3.550067841189815110e-01
4.538333333333333286e+01,1.200000000000000025e-02,5.341745502660275730e-02,6.607945080040615593e-02,1.666666666666666741e+00,2.130046049656534324e-01,3.550076749427557576e-01
4.539999999999999858e+01,1.200000000000000025e-02,5.341455308785297840e-02,6.606578498267817734e-02,1.666666666666666741e+00,2.130051613048132009e-01,3.550086021746886589e-01
4.541666666666666430e+01,1.200000000000000025e-02,5.341165499292237218e-02,6.605213563780383546e-02,1.666666666666666741e+00,2.130057394481660316e-01,3.550095657469434229e-01
4.543333333333333002e+01,1.200000000000000025e-02,5.340876073499618154e-02,6.603850274090819483e-02,1.666666666666666741e+00,2.130063393550858386e-01,3.550105655918097680e-01
4.545000000000000284e+01,1.200000000000000025e-02,5.340587030727466517e-02,6.602488626716049303e-02,1.666666666666666741e+00,2.130069609850277490e-01,3.550116016417129150e-01
4.546666666666666856e+01,1.200000000000000025e-02,5.340298370297313219e-02,6.601128619177397405e-02,1.666666666666666741e+00,2.130076042975334039e-01,3.550126738292223583e-01
4.548333333333333428e+01,1.200000000000000025e-02,5.340010091532169934e-02,6.599770249000601330e-02,1.666666666666666741e+00,2.130082692522152765e-01,3.550137820870254979e-01
4.550000000000000000e+01,1.200000000000000025e-02,5.339722193756538809e-02,6.598413513715788159e-02,1.666666666666666741e+00,2.130089558087670809e-01,3.550149263479451256e-01
4.551666666666666572e+01,1.200000000000000025e-02,5.339434676296408305e-02,6.597058410857480071e-02,1.666666666666666741e+00,2.130096639269612735e-01,3.550161065449354836e-01
4.553333333333333144e+01,1.200000000000000025e-02,5.339147538479245558e-02,6.595704937964574910e-02,1.666666666666666741e+00,2.130103935666480819e-01,3.550173226110801550e-01
4.554999999999999716e+01,1.200000000000000025e-02,5.338860779634005405e-02,6.594353092580330922e-02,1.666666666666666741e+00,2.130111446877642756e-01,3.550185744796071630e-01
4.556666666666666998e+01,1.200000000000000025e-02,5.338574399091101236e-02,6.593002872252368141e-02,1.666666666666666741e+00,2.130119172503157077e-01,3.550198620838595498e-01
4.558333333333333570e+01,1.200000000000000025e-02,5.338288396182421652e-02,6.591654274532660063e-02,1.666666666666666741e+00,2.130127112143899715e-01,3.550211853573166376e-01
4.560000000000000142e+01,1.200000000000000025e-02,5.338002770241317974e-02,6.590307296977526708e-02,1.666666666666666741e+00,2.130135265401504885e-01,3.550225442335841475e-01
4.561666666666666714e+01,1.200000000000000025e-02,5.337717520602603544e-02,6.588961937147622128e-02,1.666666666666666741e+00,2.130143631878388399e-01,3.550239386463980851e-01
4.563333333333333286e+01,1.200000000000000025e-02,5.337432646602559977e-02,6.587618192607916368e-02,1.666666666666666741e+00,2.130152211177822608e-01,3.550253685296371198e-01
4.564999999999999858e+01,1.200000000000000025e-02,5.337148147578910096e-02,6.586276060927698239e-02,1.666666666666666741e+00,2.130161002903770695e-01,3.550268338172951066e-01
4.566666666666666430e+01,1.200000000000000025e-02,5.336864022870828339e-02,6.584935539680562833e-02,1.666666666666666741e+00,2.130170006660981052e-01,3.550283344434968513e-01
4.568333333333333002e+01,1.200000000000000025e-02,5.336580271818937293e-02,6.583596626444414290e-02,1.666666666666666741e+00,2.130179222054972010e-01,3.550298703424953350e-01
4.570000000000000284e+01,1.200000000000000025e-02,5.336296893765302141e-02,6.582259318801443604e-02,1.666666666666666741e+00,2.130188648692036002e-01,3.550314414486726577e-01
4.571666666666666856e+01,1.200000000000000025e-02,5.336013888053432741e-02,6.580923614338114735e-02,1.666666666666666741e+00,2.130198286179282585e-01,3.550330476965470883e-01
4.573333333333333428e+01,1.200000000000000025e-02,5.335731254028265591e-02,6.579589510645167394e-02,1.666666666666666741e+00,2.130208134124531305e-01,3.550346890207552453e-01
4.575000000000000000e+01,1.200000000000000025e-02,5.335448991036170763e-02,6.578257005317610095e-02,1.666666666666666741e+00,2.130218192136374145e-01,3.550363653560623667e-01
4.576666666666666572e+01,1.200000000000000025e-02,5.335167098424945659e-02,6.576926095954706286e-02,1.666666666666666741e+00,2.130228459824165810e-01,3.550380766373609775e-01
4.578333333333333144e+01,1.200000000000000025e-02,5.334885575543810848e-02,6.575596780159971566e-02,1.666666666666666741e+00,2.130238936798010962e-01,3.550398227996685030e-01
4.579999999999999716e+01,1.200000000000000025e-02,5.334604421743415620e-02,6.574269055541150097e-02,1.666666666666666741e+00,2.130249622668841658e-01,3.550416037781403134e-01
4.581666666666666998e+01,1.200000000000000025e-02,5.334323636375816469e-02,6.572942919710220155e-02,1.666666666666666741e+00,2.130260517048283564e-01,3.550434195080472977e-01
4.583333333333333570e+01,1.200000000000000025e-02,5.334043218794484731e-02,6.571618370283380250e-02,1.666666666666666741e+00,2.130271619548732842e-01,3.550452699247887978e-01
4.585000000000000142e+01,1.200000000000000025e-02,5.333763168354298950e-02,6.570295404881050516e-02,1.666666666666666741e+00,2.130282929783316737e-01,3.550471549638861135e-01
4.586666666666666714e+01,1.200000000000000025e-02,5.333483484411544878e-02,6.568974021127857443e-02,1.666666666666666741e+00,2.130294447365923549e-01,3.550490745609872767e-01
4.588333333333333286e+01,1.200000000000000025e-02,5.333204166323920331e-02,6.567654216652613064e-02,1.666666666666666741e+00,2.130306171911272028e-01,3.550510286518787084e-01
4.589999999999999858e+01,1.200000000000000025e-02,5.332925213450508128e-02,6.566335989088320502e-02,1.666666666666666741e+00,2.130318103034741506e-01,3.550530171724569084e-01
4.591666666666666430e+01,1.200000000000000025e-02,5.332646625151789277e-02,6.565019336072161482e-02,1.666666666666666741e+00,2.130330240352483473e-01,3.550550400587472732e-01
4.593333333333333002e+01,1.200000000000000025e-02,5.332368400789636032e-02,6.563704255245501884e-02,1.666666666666666741e+00,2.130342583481378560e-01,3.550570972468964359e-01
4.595000000000000284e+01,1.200000000000000025e-02,5.332090539727307038e-02,6.562390744253862596e-02,1.666666666666666741e+00,2.130355132039055965e-01,3.550591886731759850e-01
4.596666666666666856e+01,1.200000000000000025e-02,5.331813041329452191e-02,6.561078800746916739e-02,1.666666666666666741e+00,2.130367885643937864e-01,3.550613142739896810e-01
4.598333333333333428e+01,1.200000000000000025e-02,5.331535904962093203e-02,6.559768422378482733e-02,1.666666666666666741e+00,2.130380843915134770e-01,3.550634739858558042e-01
4.600000000000000000e+01,1.200000000000000025e-02,5.331259129992630547e-02,6.558459606806521514e-02,1.666666666666666741e+00,2.130394006472502433e-01,3.550656677454170906e-01
4.601666666666666572e+01,1.200000000000000025e-02,5.330982715789837206e-02,6.557152351693125436e-02,1.666666666666666741e+00,2.130407372936628796e-01,3.550678954894381234e-01
4.603333333333333144e+01,1.200000000000000025e-02,5.330706661723855905e-02,6.555846654704508558e-02,1.666666666666666741e+00,2.130420942928837047e-01,3.550701571548061652e-01
4.604999999999999716e+01,1.200000000000000025e-02,5.330430967166205347e-02,6.554542513510995538e-02,1.666666666666666741e+00,2.130434716071252232e-01,3.550724526785420387e-01
4.606666666666666998e+01,1.200000000000000025e-02,5.330155631489755241e-02,6.553239925787011921e-02,1.666666666666666741e+00,2.130448691986663590e-01,3.550747819977772557e-01
4.608333333333333570e+01,1.200000000000000025e-02,5.329880654068736706e-02,6.551938889211086914e-02,1.666666666666666741e+00,2.130462870298596434e-01,3.550771450497660631e-01
4.610000000000000142e+01,1.200000000000000025e-02,5.329606034278736720e-02,6.550639401465839506e-02,1.666666666666666741e+00,2.130477250631306052e-01,3.550795417718843328e-01
4.611666666666666714e+01,1.200000000000000025e-02,5.329331771496693265e-02,6.549341460237975698e-02,1.666666666666666741e+00,2.130491832609759106e-01,3.550819721016265085e-01
4.613333333333333286e+01,1.200000000000000025e-02,5.329057865100900876e-02,6.548045063218260742e-02,1.666666666666666741e+00,2.130506615859718011e-01,3.550844359766197056e-01
4.614999999999999858e+01,1.200000000000000025e-02,5.328784314470989825e-02,6.546750208101527468e-02,1.666666666666666741e+00,2.130521600007604377e-01,3.550869333346007295e-01
4.616666666666666430e+01,1.200000000000000025e-02,5.328511118987935835e-02,6.545456892586667963e-02,1.666666666666666741e+00,2.130536784680581996e-01,3.550894641134303420e-01
4.618333333333333002e+01,1.200000000000000025e-02,5.328238278034050368e-02,6.544165114376625236e-02,1.666666666666666741e+00,2.130552169506516325e-01,3.550920282510860448e-01
4.620000000000000284e+01,1.200000000000000025e-02,5.327965790992980621e-02,6.542874871178383511e-02,1.666666666666666741e+00,2.130567754113996681e-01,3.550946256856661321e-01
4.621666666666666856e+01,1.200000000000000025e-02,5.327693657249714387e-02,6.541586160702951569e-02,1.666666666666666741e+00,2.130583538132400090e-01,3.550972563554000150e-01
4.623333333333333428e+01,1.200000000000000025e-02,5.327421876190555072e-02,6.540298980665365525e-02,1.666666666666666741e+00,2.130599521191735291e-01,3.550999201986225762e-01
4.625000000000000000e+01,1.200000000000000025e-02,5.327150447203134187e-02,6.539013328784677725e-02,1.666666666666666741e+00,2.130615702922747934e-01,3.551026171537913223e-01
4.626666666666666572e+01,1.200000000000000025e-02,5.326879369676405102e-02,6.537729202783952587e-02,1.666666666666666741e+00,2.130632082956896434e-01,3.551053471594827760e-01
4.628333333333333144e+01,1.200000000000000025e-02,5.326608643000637494e-02,6.536446600390255490e-02,1.666666666666666741e+00,2.130648660926339200e-01,3.551081101543898666e-01
4.629999999999999716e+01,1.200000000000000025e-02,5.326338266567422902e-02,6.535165519334637518e-02,1.666666666666666741e+00,2.130665436464001528e-01,3.551109060773335879e-01
4.631666666666666998e+01,1.200000000000000025e-02,5.326068239769655294e-02,6.533885957352135454e-02,1.666666666666666741e+00,2.130682409203459582e-01,3.551137348672432914e-01
4.633333333333333570e+01,1.200000000000000025e-02,5.325798562001538700e-02,6.532607912181760679e-02,1.666666666666666741e+00,2.130699578779013392e-01,3.551165964631688987e-01
4.635000000000000142e+01,1.200000000000000025e-02,5.325529232658580969e-02,6.531331381566501948e-02,1.666666666666666741e+00,2.130716944825652159e-01,3.551194908042753506e-01
4.636666666666666714e+01,1.200000000000000025e-02,5.325260251137589607e-02,6.530056363253308738e-02,1.666666666666666741e+00,2.130734506979059251e-01,3.551224178298432177e-01
4.638333333333333286e+01,1.200000000000000025e-02,5.324991616836680097e-02,6.528782854993071816e-02,1.666666666666666741e+00,2.130752264875703517e-01,3.551253774792839102e-01
4.639999999999999858e+01,1.200000000000000025e-02,5.324723329155249540e-02,6.527510854540631569e-02,1.666666666666666741e+00,2.130770218152663320e-01,3.551283696921105903e-01
4.641666666666666430e+01,1.200000000000000025e-02,5.324455387493991221e-02,6.526240359654764123e-02,1.666666666666666741e+00,2.130788366447751436e-01,3.551313944079586005e-01
4.643333333333333002e+01,1.200000000000000025e-02,5.324187791254884894e-02,6.524971368098184121e-02,1.666666666666666741e+00,2.130806709399455934e-01,3.551344515665760260e-01
4.645000000000000284e+01,1.200000000000000025e-02,5.323920539841193317e-02,6.523703877637522519e-02,1.666666666666666741e+00,2.130825246646957938e-01,3.551375411078263600e-01
4.646666666666666856e+01,1.200000000000000025e-02,5.323653632657469881e-02,6.522437886043318256e-02,1.666666666666666741e+00,2.130843977830202129e-01,3.551406629717003827e-01
4.648333333333333428e+01,1.200000000000000025e-02,5.323387069109535019e-02,6.521173391090018256e-02,1.666666666666666741e+00,2.130862902589751862e-01,3.551438170982920139e-01
4.650000000000000000e+01,1.200000000000000025e-02,5.323120848604485922e-02,6.519910390555969104e-02,1.666666666666666741e+00,2.130882020566871315e-01,3.551470034278119137e-01
4.651666666666666572e+01,1.200000000000000025e-02,5.322854970550693066e-02,6.518648882223410101e-02,1.666666666666666741e+00,2.130901331403524668e-01,3.551502219005874816e-01
4.653333333333333144e+01,1.200000000000000025e-02,5.322589434357791888e-02,6.517388863878466332e-02,1.666666666666666741e+00,2.130920834742336956e-01,3.551534724570561963e-01
4.654999999999999716e+01,1.200000000000000025e-02,5.322324239436693888e-02,6.516130333311125067e-02,1.666666666666666741e+00,2.130940530226710650e-01,3.551567550377850990e-01
4.656666666666666998e+01,1.200000000000000025e-02,5.322059385199560261e-02,6.514873288315249644e-02,1.666666666666666741e+00,2.130960417500641912e-01,3.551600695834403187e-01
4.658333333333333570e+01,1.200000000000000025e-02,5.321794871059813692e-02,6.513617726688557263e-02,1.666666666666666741e+00,2.130980496208837172e-01,3.551634160348062230e-01
4.660000000000000142e+01,1.200000000000000025e-02,5.321530696432131419e-02,6.512363646232624537e-02,1.666666666666666741e+00,2.131000765996668711e-01,3.551667943327781463e-01
4.661666666666666714e+01,1.200000000000000025e-02,5.321266860732443843e-02,6.511111044752876387e-02,1.666666666666666741e+00,2.131021226510190214e-01,3.551702044183650542e-01
4.663333333333333286e+01,1.200000000000000025e-02,5.321003363377935919e-02,6.509859920058559679e-02,1.666666666666666741e+00,2.131041877396192552e-01,3.551736462326987587e-01
4.664999999999999858e+01,1.200000000000000025e-02,5.320740203787030498e-02,6.508610269962755712e-02,1.666666666666666741e+00,2.131062718302082770e-01,3.551771197170138228e-01
4.666666666666666430e+01,1.200000000000000025e-02,5.320477381379394577e-02,6.507362092282369115e-02,1.666666666666666741e+00,2.131083748875952089e-01,3.551806248126587184e-01
4.668333333333333002e+01,1.200000000000000025e-02,5.320214895575935132e-02,6.506115384838120907e-02,1.666666666666666741e+00,2.131104968766565078e-01,3.551841614610942166e-01
4.670000000000000284e+01,1.200000000000000025e-02,5.319952745798792876e-02,6.504870145454540176e-02,1.666666666666666741e+00,2.131126377623340229e-01,3.551877296038900567e-01
4.671666666666666856e+01,1.200000000000000025e-02,5.319690931471353357e-02,6.503626371959944641e-02,1.666666666666666741e+00,2.131147975096457925e-01,3.551913291827429875e-01
4.673333333333333428e+01,1.200000000000000025e-02,5.319429452018217819e-02,6.502384062186450375e-02,1.666666666666666741e+00,2.131169760836663929e-01,3.551949601394440159e-01
4.675000000000000000e+01,1.200000000000000025e-02,5.319168306865220547e-02,6.501143213969952372e-02,1.666666666666666741e+00,2.131191734495419265e-01,3.551986224159032202e-01
4.676666666666666572e+01,1.200000000000000025e-02,5.318907495439417765e-02,6.499903825150128711e-02,1.666666666666666741e+00,2.131213895724828888e-01,3.552023159541381481e-01
4.678333333333333144e+01,1.200000000000000025e-02,5.318647017169085556e-02,6.498665893570425289e-02,1.666666666666666741e+00,2.131236244177659167e-01,3.552060406962765371e-01
4.679999999999999716e+01,1.200000000000000025e-02,5.318386871483727490e-02,6.497429417078041947e-02,1.666666666666666741e+00,2.131258779507416989e-01,3.552097965845695260e-01
4.681666666666666998e+01,1.200000000000000025e-02,5.318127057814048264e-02,6.496194393523936628e-02,1.666666666666666741e+00,2.131281501368174902e-01,3.552135835613625114e-01
4.683333333333333570e+01,1.200000000000000025e-02,5.317867575591971041e-02,6.494960820762811504e-02,1.666666666666666741e+00,2.131304409414717105e-01,3.552174015691195175e-01
4.685000000000000142e+01,1.200000000000000025e-02,5.317608424250622884e-02,6.493728696653115751e-02,1.666666666666666741e+00,2.131327503302445359e-01,3.552212505504075968e-01
4.686666666666666714e+01,1.200000000000000025e-02,5.317349603224339610e-02,6.492498019057027503e-02,1.666666666666666741e+00,2.131350782687445600e-01,3.552251304479076000e-01
4.688333333333333286e+01,1.200000000000000025e-02,5.317091111948662324e-02,6.491268785840442757e-02,1.666666666666666741e+00,2.131374247226489604e-01,3.552290412044149526e-01
4.689999999999999858e+01,1.200000000000000025e-02,5.316832949860327007e-02,6.490040994872975366e-02,1.666666666666666741e+00,2.131397896576973650e-01,3.552329827628289416e-01
4.691666666666666430e+01,1.200000000000000025e-02,5.316575116397264517e-02,6.488814644027952883e-02,1.666666666666666741e+00,2.131421730396932113e-01,3.552369550661553799e-01
4.693333333333333002e+01,1.200000000000000025e-02,5.316317610998599896e-02,6.487589731182404063e-02,1.666666666666666741e+00,2.131445748345059399e-01,3.552409580575099368e-01
4.695000000000000284e+01,1.200000000000000025e-02,5.316060433104648902e-02,6.486366254217056093e-02,1.666666666666666741e+00,2.131469950080699671e-01,3.552449916801166396e-01
4.696666666666666856e+01,1.200000000000000025e-02,5.315803582156919393e-02,6.485144211016316551e-02,1.666666666666666741e+00,2.131494335263888762e-01,3.552490558773148122e-01
4.698333333333333428e+01,1.200000000000000025e-02,5.315547057598097452e-02,6.483923599468274790e-02,1.666666666666666741e+00,2.131518903555268407e-01,3.552531505925447530e-01
4.700000000000000000e+01,1.200000000000000025e-02,5.315290858872050161e-02,6.482704417464693614e-02,1.666666666666666741e+00,2.131543654616124273e-01,3.552572757693540639e-01
4.701666666666666572e+01,1.200000000000000025e-02,5.315034985423823521e-02,6.481486662901006501e-02,1.666666666666666741e+00,2.131568588108385121e-01,3.552614313513975386e-01
4.703333333333333144e+01,1.200000000000000025e-02,5.314779436699638288e-02,6.480270333676303729e-02,1.666666666666666741e+00,2.131593703694621700e-01,3.552656172824369407e-01
4.704999999999999716e+01,1.200000000000000025e-02,5.314524212146894827e-02,6.479055427693322655e-02,1.666666666666666741e+00,2.131619001038102257e-01,3.552698335063503854e-01
4.706666666666666998e+01,1.200000000000000025e-02,5.314269311214152997e-02,6.477841942858444946e-02,1.666666666666666741e+00,2.131644479802669301e-01,3.552740799671115779e-01
4.708333333333333570e+01,1.200000000000000025e-02,5.314014733351143244e-02,6.476629877081689635e-02,1.666666666666666741e+00,2.131670139652831475e-01,3.552783566088052458e-01
4.710000000000000142e+01,1.200000000000000025e-02,5.313760478008756893e-02,6.475419228276710348e-02,1.666666666666666741e+00,2.131695980253711098e-01,3.552826633756185348e-01
4.711666666666666714e+01,1.200000000000000025e-02,5.313506544639046841e-02,6.474209994360785592e-02,1.666666666666666741e+00,2.131722001271070255e-01,3.552870002118450610e-01
4.713333333333333286e+01,1.200000000000000025e-02,5.313252932695231023e-02,6.473002173254796543e-02,1.666666666666666741e+00,2.131748202371374912e-01,3.552913670618958464e-01
4.714999999999999858e+01,1.200000000000000025e-02,5.312999641631671599e-02,6.471795762883242320e-02,1.666666666666666741e+00,2.131774583221639485e-01,3.552957638702732845e-01
4.716666666666666430e+01,1.200000000000000025e-02,5.312746670903886748e-02,6.470590761174216388e-02,1.666666666666666741e+00,2.131801143489548689e-01,3.553001905815914574e-01
4.718333333333333002e+01,1.200000000000000025e-02,5.312494019968542341e-02,6.469387166059416272e-02,1.666666666666666741e+00,2.131827882843395361e-01,3.553046471405659212e-01
4.720000000000000284e+01,1.200000000000000025e-02,5.312241688283449170e-02,6.468184975474126908e-02,1.666666666666666741e+00,2.131854800952093787e-01,3.553091334920156497e-01
4.721666666666666856e+01,1.200000000000000025e-02,5.311989675307569880e-02,6.466984187357202596e-02,1.666666666666666741e+00,2.131881897485260191e-01,3.553136495808766893e-01
4.723333333333333428e+01,1.200000000000000025e-02,5.311737980500997464e-02,6.465784799651076720e-02,1.666666666666666741e+00,2.131909172113061468e-01,3.553181953521769021e-01
4.725000000000000000e+01,1.200000000000000025e-02,5.311486603324965666e-02,6.464586810301743702e-02,1.666666666666666741e+00,2.131936624506318156e-01,3.553227707510530631e-01
4.726666666666666572e+01,1.200000000000000025e-02,5.311235543241841356e-02,6.463390217258764558e-02,1.666666666666666741e+00,2.131964254336454756e-01,3.553273757227424778e-01
4.728333333333333144e+01,1.200000000000000025e-02,5.310984799715123827e-02,6.462195018475250241e-02,1.666666666666666741e+00,2.131992061275524708e-01,3.553320102125874791e-01
4.729999999999999716e+01,1.200000000000000025e-02,5.310734372209446191e-02,6.461001211907851927e-02,1.666666666666666741e+00,2.132020044996243147e-01,3.553366741660405337e-01
4.731666666666666998e+01,1.200000000000000025e-02,5.310484260190560801e-02,6.459808795516761015e-02,1.666666666666666741e+00,2.132048205171894195e-01,3.553413675286490325e-01
4.733333333333333570e+01,1.200000000000000025e-02,5.310234463125344806e-02,6.458617767265696641e-02,1.666666666666666741e+00,2.132076541476396470e-01,3.553460902460661153e-01
4.735000000000000142e+01,1.200000000000000025e-02,5.309984980481795985e-02,6.457428125121909834e-02,1.666666666666666741e+00,2.132105053584274490e-01,3.553508422640457853e-01
4.736666666666666714e+01,1.200000000000000025e-02,5.309735811729029281e-02,6.456239867056169646e-02,1.666666666666666741e+00,2.132133741170663954e-01,3.553556235284440201e-01
4.738333333333333286e+01,1.200000000000000025e-02,5.309486956337282348e-02,6.455052991042745103e-02,1.666666666666666741e+00,2.132162603911382792e-01,3.553604339852304839e-01
4.739999999999999858e+01,1.200000000000000025e-02,5.309238413777894738e-02,6.453867495059412152e-02,1.666666666666666741e+00,2.132191641482787670e-01,3.553652735804646023e-01
4.741666666666666430e+01,1.200000000000000025e-02,5.308990183523317613e-02,6.452683377087442551e-02,1.666666666666666741e+00,2.132220853561862806e-01,3.553701422603104954e-01
4.743333333333333002e+01,1.200000000000000025e-02,5.308742265047110970e-02,6.451500635111603876e-02,1.666666666666666741e+00,2.132250239826209703e-01,3.553750399710349783e-01
4.745000000000000284e+01,1.200000000000000025e-02,5.308494657823934620e-02,6.450319267120149802e-02,1.666666666666666741e+00,2.132279799954006072e-01,3.553799666590010120e-01
4.746666666666666856e+01,1.200000000000000025e-02,5.308247361329557906e-02,6.449139271104795124e-02,1.666666666666666741e+00,2.132309533624117681e-01,3.553849222706862987e-01
4.748333333333333428e+01,1.200000000000000025e-02,5.308000375040839575e-02,6.447960645060732410e-02,1.666666666666666741e+00,2.132339440515942097e-01,3.553899067526570255e-01
4.750000000000000000e+01,1.200000000000000025e-02,5.307753698435736800e-02,6.446783386986613962e-02,1.666666666666666741e+00,2.132369520309505828e-01,3.553949200515842954e-01
4.751666666666666572e+01,1.200000000000000025e-02,5.307507330993298938e-02,6.445607494884549038e-02,1.666666666666666741e+00,2.132399772685432127e-01,3.553999621142386878e-01
4.753333333333333144e+01,1.200000000000000025e-02,5.307261272193664753e-02,6.444432966760099690e-02,1.666666666666666741e+00,2.132430197324935439e-01,3.554050328874892584e-01
4.754999999999999716e+01,1.200000000000000025e-02,5.307015521518066575e-02,6.443259800622261335e-02,1.666666666666666741e+00,2.132460793909886909e-01,3.554101323183144756e-01
4.756666666666666998e+01,1.200000000000000025e-02,5.306770078448815042e-02,6.442087994483466917e-02,1.666666666666666741e+00,2.132491562122709183e-01,3.554152603537849009e-01
4.758333333333333570e+01,1.200000000000000025e-02,5.306524942469302564e-02,6.440917546359575807e-02,1.666666666666666741e+00,2.132522501646425261e-01,3.554204169410709047e-01
4.760000000000000142e+01,1.200000000000000025e-02,5.306280113064001935e-02,6.439748454269879352e-02,1.666666666666666741e+00,2.132553612164647117e-01,3.554256020274412231e-01
4.761666666666666714e+01,1.200000000000000025e-02,5.306035589718462175e-02,6.438580716237080059e-02,1.666666666666666741e+00,2.132584893361585687e-01,3.554308155602642905e-01
4.763333333333333286e+01,1.200000000000000025e-02,5.305791371919313382e-02,6.437414330287279107e-02,1.666666666666666741e+00,2.132616344922110274e-01,3.554360574870183975e-01
4.764999999999999858e+01,1.200000000000000025e-02,5.305547459154246609e-02,6.436249294449986058e-02,1.666666666666666741e+00,2.132647966531601436e-01,3.554413277552669337e-01
4.766666666666666430e+01,1.200000000000000025e-02,5.305303850912025665e-02,6.435085606758102206e-02,1.666666666666666741e+00,2.132679757876065341e-01,3.554466263126775938e-01
4.768333333333333002e+01,1.200000000000000025e-02,5.305060546682480171e-02,6.433923265247926127e-02,1.666666666666666741e+00,2.132711718642083809e-01,3.554519531070139959e-01
4.770000000000000284e+01,1.200000000000000025e-02,5.304817545956500707e-02,6.432762267959138414e-02,1.666666666666666741e+00,2.132743848516812091e-01,3.554573080861353485e-01
4.771666666666666856e+01,1.200000000000000025e-02,5.304574848226046441e-02,6.431602612934780860e-02,1.666666666666666741e+00,2.132776147188067961e-01,3.554626911980113269e-01
4.773333333333333428e+01,1.200000000000000025e-02,5.304332452984125701e-02,6.430444298221274502e-02,1.666666666666666741e+00,2.132808614344178511e-01,3.554681023906964277e-01
4.775000000000000000e+01,1.200000000000000025e-02,5.304090359724805692e-02,6.429287321868394633e-02,1.666666666666666741e+00,2.132841249674091999e-01,3.554735416123486758e-01
4.776666666666666572e+01,1.200000000000000025e-02,5.303848567943204168e-02,6.428131681929281915e-02,1.666666666666666741e+00,2.132874052867309023e-01,3.554790088112181889e-01
4.778333333333333144e+01,1.200000000000000025e-02,5.303607077135491510e-02,6.426977376460422942e-02,1.666666666666666741e+00,2.132907023613934694e-01,3.554845039356557823e-01
4.779999999999999716e+01,1.200000000000000025e-02,5.303365886798888651e-02,6.425824403521639139e-02,1.666666666666666741e+00,2.132940161604687523e-01,3.554900269341145780e-01
4.781666666666666998e+01,1.200000000000000025e-02,5.303124996431655969e-02,6.424672761176090929e-02,1.666666666666666741e+00,2.132973466530821982e-01,3.554955777551370155e-01
4.783333333333333570e+01,1.200000000000000025e-02,5.302884405533098144e-02,6.423522447490269405e-02,1.666666666666666741e+00,2.133006938084182347e-01,3.555011563473637337e-01
4.785000000000000142e+01,1.200000000000000025e-02,5.302644113603558612e-02,6.422373460533989387e-02,1.666666666666666741e+00,2.133040575957181884e-01,3.555067626595303509e-01
4.786666666666666714e+01,1.200000000000000025e-02,5.302404120144418170e-02,6.421225798380383876e-02,1.666666666666666741e+00,2.133074379842807289e-01,3.555123966404679092e-01
4.788333333333333286e+01,1.200000000000000025e-02,5.302164424658098452e-02,6.420079459105886011e-02,1.666666666666666741e+00,2.133108349434677808e-01,3.555180582391129773e-01
4.789999999999999858e+01,1.200000000000000025e-02,5.301925026648045963e-02,6.418934440790237395e-02,1.666666666666666741e+00,2.133142484426927832e-01,3.555237474044879997e-01
4.791666666666666430e+01,1.200000000000000025e-02,5.301685925618738332e-02,6.417790741516474218e-02,1.666666666666666741e+00,2.133176784514278779e-01,3.555294640857131205e-01
4.793333333333333002e+01,1.200000000000000025e-02,5.301447121075680141e-02,6.416648359370930033e-02,1.666666666666666741e+00,2.133211249392011066e-01,3.555352082320018536e-01
4.795000000000000284e+01,1.200000000000000025e-02,5.301208612525400155e-02,6.415507292443223264e-02,1.666666666666666741e+00,2.133245878755972158e-01,3.555409797926620263e-01
4.796666666666666856e+01,1.200000000000000025e-02,5.300970399475452705e-02,6.414367538826243331e-02,1.666666666666666741e+00,2.133280672302613201e-01,3.555467787171022187e-01
4.798333333333333428e+01,1.200000000000000025e-02,5.300732481434409366e-02,6.413229096616149261e-02,1.666666666666666741e+00,2.133315629728939067e-01,3.555526049548232148e-01
4.800000000000000000e+01,1.200000000000000025e-02,5.300494857911858260e-02,6.412091963912368298e-02,1.666666666666666741e+00,2.133350750732513901e-01,3.555584584554190020e-01
4.801666666666666572e+01,1.200000000000000025e-02,5.300257528553360686e-02,6.410956139383103269e-02,1.666666666666666741e+00,2.133386035112832257e-01,3.555643391854720337e-01
4.803333333333333144e+01,1.200000000000000025e-02,5.300020492559434637e-02,6.409821619825900596e-02,1.666666666666666741e+00,2.133421482342236219e-01,3.555702470570393792e-01
4.804999999999999716e+01,1.200000000000000025e-02,5.299783749536299271e-02,6.408688402185001853e-02,1.666666666666666741e+00,2.133457094546800659e-01,3.555761824244668134e-01
4.806666666666666998e+01,1.200000000000000025e-02,5.299547298352660224e-02,6.407556486001654561e-02,1.666666666666666741e+00,2.133492864689018886e-01,3.555821441148365181e-01
4.808333333333333570e+01,1.200000000000000025e-02,5.299311139596580428e-02,6.406425872157700541e-02,1.666666666666666741e+00,2.133528795892310204e-01,3.555881326487183580e-01
4.810000000000000142e+01,1.200000000000000025e-02,5.299075273233357780e-02,6.405296554162065448e-02,1.666666666666666741e+00,2.133564898046785840e-01,3.555941496744643437e-01
4.811666666666666714e+01,1.200000000000000025e-02,5.298839696638576319e-02,6.404168532502885203e-02,1.666666666666666741e+00,2.133601152046113170e-01,3.556001920076855560e-01
4.813333333333333286e+01,1.200000000000000025e-02,5.298604411168067463e-02,6.403041808594377160e-02,1.666666666666666741e+00,2.133637565663615843e-01,3.556062609439359923e-01
4.814999999999999858e+01,1.200000000000000025e-02,5.298369416821829825e-02,6.401916375725917596e-02,1.666666666666666741e+00,2.133674149389211683e-01,3.556123582315353082e-01
4.816666666666666430e+01,1.200000000000000025e-02,5.298134711510735229e-02,6.400792232959723327e-02,1.666666666666666741e+00,2.133710890055307563e-01,3.556184816758846123e-01
4.818333333333333002e+01,1.200000000000000025e-02,5.297900295282518407e-02,6.399669379105872580e-02,1.666666666666666741e+00,2.133747790091823082e-01,3.556246316819705044e-01
4.820000000000000284e+01,1.200000000000000025e-02,5.297666167780702706e-02,6.398547812523960876e-02,1.666666666666666741e+00,2.133784849734320088e-01,3.556308082890533573e-01
4.821666666666666856e+01,1.200000000000000025e-02,5.297432328582476341e-02,6.397427531289148761e-02,1.666666666666666741e+00,2.133822069178063496e-01,3.556370115296772494e-01
4.823333333333333428e+01,1.200000000000000025e-02,5.297198777201404807e-02,6.396308533565935039e-02,1.666666666666666741e+00,2.133859448026496353e-01,3.556432413377493829e-01
4.825000000000000000e+01,1.200000000000000025e-02,5.296965513156735861e-02,6.395190817525805982e-02,1.666666666666666741e+00,2.133896985911126198e-01,3.556494976518543849e-01
4.826666666666666572e+01,1.200000000000000025e-02,5.296732535976957090e-02,6.394074381171821475e-02,1.666666666666666741e+00,2.133934682785467996e-01,3.556557804642446752e-01
4.828333333333333144e+01,1.200000000000000025e-02,5.296499845190554695e-02,6.392959222466652880e-02,1.666666666666666741e+00,2.133972538664049845e-01,3.556620897773416501e-01
4.829999999999999716e+01,1.200000000000000025e-02,5.296267440270454457e-02,6.391845339677734716e-02,1.666666666666666741e+00,2.134010552694932672e-01,3.556684254491554453e-01
4.831666666666666998e+01,1.200000000000000025e-02,5.296035320753704478e-02,6.390732730929332694e-02,1.666666666666666741e+00,2.134048724703056232e-01,3.556747874505093998e-01
4.833333333333333570e+01,1.200000000000000025e-02,5.295803486171624108e-02,6.389621394345715300e-02,1.666666666666666741e+00,2.134087054470936440e-01,3.556811757451560640e-01
4.835000000000000142e+01,1.200000000000000025e-02,5.295571936046223477e-02,6.388511328175576487e-02,1.666666666666666741e+00,2.134125541521625369e-01,3.556875902536042466e-01
4.836666666666666714e+01,1.200000000000000025e-02,5.295340669899509939e-02,6.387402530501437581e-02,1.666666666666666741e+00,2.134164185631396704e-01,3.556940309385661081e-01
4.838333333333333286e+01,1.200000000000000025e-02,5.295109687291353617e-02,6.386294999457710342e-02,1.666666666666666741e+00,2.134202986768263255e-01,3.557004977947105795e-01
4.839999999999999858e+01,1.200000000000000025e-02,5.294878987737930420e-02,6.385188733183039256e-02,1.666666666666666741e+00,2.134241944577745798e-01,3.557069907629576422e-01
4.841666666666666430e+01,1.200000000000000025e-02,5.294648570759316608e-02,6.384083729924600048e-02,1.666666666666666741e+00,2.134281058564501121e-01,3.557135097607502239e-01
4.843333333333333002e+01,1.200000000000000025e-02,5.294418435881936835e-02,6.382979987956619028e-02,1.666666666666666741e+00,2.134320328235100594e-01,3.557200547058501083e-01
4.845000000000000284e+01,1.200000000000000025e-02,5.294188582632214368e-02,6.381877505355496027e-02,1.666666666666666741e+00,2.134359753399210635e-01,3.557266255665351151e-01
4.846666666666666856e+01,1.200000000000000025e-02,5.293959010600217396e-02,6.380776280290412217e-02,1.666666666666666741e+00,2.134399334182554009e-01,3.557332223637590385e-01
4.848333333333333428e+01,1.200000000000000025e-02,5.293729719302564529e-02,6.379676310930550154e-02,1.666666666666666741e+00,2.134439070178612008e-01,3.557398450297686865e-01
4.850000000000000000e+01,1.200000000000000025e-02,5.293500708262432325e-02,6.378577595652262788e-02,1.666666666666666741e+00,2.134478960705926687e-01,3.557464934509877996e-01
4.851666666666666572e+01,1.200000000000000025e-02,5.293271977013665891e-02,6.377480132543962565e-02,1.666666666666666741e+00,2.134519005603482678e-01,3.557531676005804555e-01
4.853333333333333144e+01,1.200000000000000025e-02,5.293043525090109641e-02,6.376383919787304011e-02,1.666666666666666741e+00,2.134559204564623058e-01,3.557598674274372041e-01
4.854999999999999716e+01,1.200000000000000025e-02,5.292815352079469765e-02,6.375288955571437044e-02,1.666666666666666741e+00,2.134599557660826485e-01,3.557665929434710717e-01
4.856666666666666998e+01,1.200000000000000025e-02,5.292587457507293147e-02,6.374195238085511583e-02,1.666666666666666741e+00,2.134640064511154900e-01,3.557733440851925111e-01
4.858333333333333570e+01,1.200000000000000025e-02,5.292359840904676399e-02,6.373102765683497095e-02,1.666666666666666741e+00,2.134680724517165895e-01,3.557801207528609733e-01
4.860000000000000142e+01,1.200000000000000025e-02,5.292132501811744327e-02,6.372011536490287953e-02,1.666666666666666741e+00,2.134721537499799371e-01,3.557869229166332192e-01
4.861666666666666714e+01,1.200000000000000025e-02,5.291905439768622432e-02,6.370921548704958082e-02,1.666666666666666741e+00,2.134762503163391556e-01,3.557937505272319445e-01
4.863333333333333286e+01,1.200000000000000025e-02,5.291678654358056982e-02,6.369832800532543304e-02,1.666666666666666741e+00,2.134803621512359195e-01,3.558006035853932270e-01
4.864999999999999858e+01,1.200000000000000025e-02,5.291452145113605815e-02,6.368745290178083607e-02,1.666666666666666741e+00,2.134844892191395671e-01,3.558074820318992693e-01
4.866666666666666430e+01,1.200000000000000025e-02,5.291225911573221169e-02,6.367659015998056171e-02,1.666666666666666741e+00,2.134886314639337368e-01,3.558143857732228854e-01
4.868333333333333002e+01,1.200000000000000025e-02,5.290999953281996099e-02,6.366573976138460711e-02,1.666666666666666741e+00,2.134927888673416041e-01,3.558213147789026642e-01
4.870000000000000284e+01,1.200000000000000025e-02,5.290774269785025741e-02,6.365490168813450755e-02,1.666666666666666741e+00,2.134969614003217331e-01,3.558282690005362126e-01
4.871666666666666856e+01,1.200000000000000025e-02,5.290548860665498371e-02,6.364407592242661560e-02,1.666666666666666741e+00,2.135011490607226781e-01,3.558352484345377875e-01
4.873333333333333428e+01,1.200000000000000025e-02,5.290323725462639515e-02,6.363326244645729768e-02,1.666666666666666741e+00,2.135053518141017403e-01,3.558422530235029191e-01
4.875000000000000000e+01,1.200000000000000025e-02,5.290098863719600031e-02,6.362246124362749833e-02,1.666666666666666741e+00,2.135095696098602835e-01,3.558492826831005096e-01
4.876666666666666572e+01,1.200000000000000025e-02,5.289874274985917335e-02,6.361167229586103811e-02,1.666666666666666741e+00,2.135138024250208544e-01,3.558563373750347480e-01
4.878333333333333144e+01,1.200000000000000025e-02,5.289649958811126068e-02,6.360089558557406597e-02,1.666666666666666741e+00,2.135180502287488680e-01,3.558634170479147985e-01
4.879999999999999716e+01,1.200000000000000025e-02,5.289425914774633503e-02,6.359013109525274432e-02,1.666666666666666741e+00,2.135223130109192846e-01,3.558705216848654929e-01
4.881666666666666998e+01,1.200000000000000025e-02,5.289202142426747966e-02,6.357937880741230952e-02,1.666666666666666741e+00,2.135265907394456875e-01,3.558776512324094976e-01
4.883333333333333570e+01,1.200000000000000025e-02,5.288978641320080804e-02,6.356863870457790666e-02,1.666666666666666741e+00,2.135308833836215281e-01,3.558848056393692505e-01
4.885000000000000142e+01,1.200000000000000025e-02,5.288755411012816682e-02,6.355791076932734707e-02,1.666666666666666741e+00,2.135351909158637318e-01,3.558919848597729141e-01
4.886666666666666714e+01,1.200000000000000025e-02,5.288532451064017342e-02,6.354719498425970281e-02,1.666666666666666741e+00,2.135395133087558128e-01,3.558991888479263732e-01
4.888333333333333286e+01,1.200000000000000025e-02,5.288309761033480050e-02,6.353649133200207910e-02,1.666666666666666741e+00,2.135438505348377369e-01,3.559064175580629041e-01
4.889999999999999858e+01,1.200000000000000025e-02,5.288087340482024862e-02,6.352579979521016940e-02,1.666666666666666741e+00,2.135482025668096473e-01,3.559136709446827362e-01
4.891666666666666430e+01,1.200000000000000025e-02,5.287865188971342667e-02,6.351512035665424216e-02,1.666666666666666741e+00,2.135525693760627342e-01,3.559209489601045662e-01
4.893333333333333002e+01,1.200000000000000025e-02,5.287643306063976451e-02,6.350445299902789109e-02,1.666666666666666741e+00,2.135569509356828599e-01,3.559282515594714424e-01
4.895000000000000284e+01,1.200000000000000025e-02,5.287421691323346967e-02,6.349379770508842280e-02,1.666666666666666741e+00,2.135613472182562589e-01,3.559355786970938018e-01
4.896666666666666856e+01,1.200000000000000025e-02,5.287200344315077377e-02,6.348315445762683917e-02,1.666666666666666741e+00,2.135657581973250951e-01,3.559429303288751956e-01
4.898333333333333428e+01,1.200000000000000025e-02,5.286979264604374507e-02,6.347252323946479813e-02,1.666666666666666741e+00,2.135701838454971135e-01,3.559503064091618652e-01
4.900000000000000000e+01,1.200000000000000025e-02,5.286758451757424260e-02,6.346190403341243902e-02,1.666666666666666741e+00,2.135746241361468900e-01,3.559577068935781408e-01
4.901666666666666572e+01,1.200000000000000025e-02,5.286537905341535948e-02,6.345129682236246016e-02,1.666666666666666741e+00,2.135790790420338259e-01,3.559651317367230616e-01
4.903333333333333144e+01,1.200000000000000025e-02,5.286317624924934816e-02,6.344070158922099356e-02,1.666666666666666741e+00,2.135835485362434227e-01,3.559725808937390656e-01
4.904999999999999716e+01,1.200000000000000025e-02,5.286097610075916886e-02,6.343011831692246805e-02,1.666666666666666741e+00,2.135880325913238897e-01,3.559800543188731403e-01
4.906666666666666998e+01,1.200000000000000025e-02,5.285877860364516373e-02,6.341954698843095539e-02,1.666666666666666741e+00,2.135925311805047522e-01,3.559875519675079203e-01
4.908333333333333570e+01,1.200000000000000025e-02,5.285658375361618200e-02,6.340898758669513691e-02,1.666666666666666741e+00,2.135970442777551659e-01,3.559950737962586098e-01
4.910000000000000142e+01,1.200000000000000025e-02,5.285439154638865017e-02,6.339844009474869535e-02,1.666666666666666741e+00,2.136015718561187493e-01,3.560026197601979248e-01
4.911666666666666714e+01,1.200000000000000025e-02,5.285220197768789735e-02,6.338790449563662388e-02,1.666666666666666741e+00,2.136061138889840394e-01,3.560101898149733990e-01
4.913333333333333286e+01,1.200000000000000025e-02,5.285001504323926652e-02,6.337738077243094958e-02,1.666666666666666741e+00,2.136106703491713332e-01,3.560177839152855461e-01
4.914999999999999858e+01,1.200000000000000025e-02,5.284783073878568382e-02,6.336686890823231555e-02,1.666666666666666741e+00,2.136152412102189924e-01,3.560254020170316447e-01
4.916666666666666430e+01,1.200000000000000025e-02,5.284564906007827717e-02,6.335636888616226481e-02,1.666666666666666741e+00,2.136198264458081530e-01,3.560330440763469495e-01
4.918333333333333002e+01,1.200000000000000025e-02,5.284347000287543256e-02,6.334588068938042105e-02,1.666666666666666741e+00,2.136244260294181130e-01,3.560407100490302068e-01
4.920000000000000284e+01,1.200000000000000025e-02,5.284129356294417490e-02,6.333540430107183206e-02,1.666666666666666741e+00,2.136290399346320312e-01,3.560483998910534131e-01
4.921666666666666856e+01,1.200000000000000025e-02,5.283911973605637247e-02,6.332493970444971754e-02,1.666666666666666741e+00,2.136336681348089961e-01,3.560561135580150305e-01
4.923333333333333428e+01,1.200000000000000025e-02,5.283694851799623782e-02,6.331448688275574666e-02,1.666666666666666741e+00,2.136383106036420232e-01,3.560638510060700757e-01
4.925000000000000000e+01,1.200000000000000025e-02,5.283477990455633794e-02,6.330404581926137031e-02,1.666666666666666741e+00,2.136429673148387554e-01,3.560716121913979348e-01
4.926666666666666572e+01,1.200000000000000025e-02,5.283261389153717791e-02,6.329361649726475414e-02,1.666666666666666741e+00,2.136476382421397258e-01,3.560793970702328948e-01
4.928333333333333144e+01,1.200000000000000025e-02,5.283045047474778377e-02,6.328319890009306836e-02,1.666666666666666741e+00,2.136523233593259630e-01,3.560872055988766327e-01
4.929999999999999716e+01,1.200000000000000025e-02,5.282828965000389149e-02,6.327279301110200205e-02,1.666666666666666741e+00,2.136570226400908989e-01,3.560950377334848316e-01
4.931666666666666998e+01,1.200000000000000025e-02,5.282613141313154126e-02,6.326239881367565210e-02,1.666666666666666741e+00,2.136617360583131509e-01,3.561028934305219273e-01
4.933333333333333570e+01,1.200000000000000025e-02,5.282397575996516936e-02,6.325201629121868230e-02,1.666666666666666741e+00,2.136664635880398400e-01,3.561107726467330759e-01
4.935000000000000142e+01,1.200000000000000025e-02,5.282182268634741384e-02,6.324164542717389259e-02,1.666666666666666741e+00,2.136712052031898568e-01,3.561186753386497705e-01
4.936666666666666714e+01,1.200000000000000025e-02,5.281967218812937126e-02,6.323128620500934050e-02,1.666666666666666741e+00,2.136759608777807629e-01,3.561266014629679288e-01
4.938333333333333286e+01,1.200000000000000025e-02,5.281752426116812643e-02,6.322093860822107503e-02,1.666666666666666741e+00,2.136807305856987249e-01,3.561345509761645323e-01
4.939999999999999858e+01,1.200000000000000025e-02,5.281537890133168600e-02,6.321060262033337263e-02,1.666666666666666741e+00,2.136855143010678304e-01,3.561425238351130784e-01
4.941666666666666430e+01,1.200000000000000025e-02,5.281323610449632083e-02,6.320027822488526181e-02,1.666666666666666741e+00,2.136903119982679622e-01,3.561505199971132796e-01
4.943333333333333002e+01,1.200000000000000025e-02,5.281109586654632315e-02,6.318996540546063800e-02,1.666666666666666741e+00,2.136951236514303964e-01,3.561585394190506793e-01
4.945000000000000284e+01,1.200000000000000025e-02,5.280895818337439512e-02,6.317966414566610067e-02,1.666666666666666741e+00,2.136999492348257146e-01,3.561665820580428576e-01
4.946666666666666856e+01,1.200000000000000025e-02,5.280682305087817247e-02,6.316937442913576894e-02,1.666666666666666741e+00,2.137047887225226594e-01,3.561746478708711083e-01
4.948333333333333428e+01,1.200000000000000025e-02,5.280469046496706620e-02,6.315909623953165630e-02,1.666666666666666741e+00,2.137096420889013360e-01,3.561827368148355877e-01
4.950000000000000000e+01,1.200000000000000025e-02,5.280256042155862667e-02,6.314882956053100016e-02,1.666666666666666741e+00,2.137145093085842107e-01,3.561908488476403511e-01
4.951666666666666572e+01,1.200000000000000025e-02,5.280043291657816190e-02,6.313857437585458643e-02,1.666666666666666741e+00,2.137193903559478914e-01,3.561989839265798374e-01
4.953333333333333144e+01,1.200000000000000025e-02,5.279830794595928578e-02,6.312833066924591896e-02,1.666666666666666741e+00,2.137242852055032394e-01,3.562071420091720841e-01
4.954999999999999716e+01,1.200000000000000025e-02,5.279618550564021268e-02,6.311809842447572982e-02,1.666666666666666741e+00,2.137291938315403483e-01,3.562153230525672565e-01
4.956666666666666998e+01,1.200000000000000025e-02,5.279406559157106410e-02,6.310787762534235401e-02,1.666666666666666741e+00,2.137341162086791313e-01,3.562235270144652466e-01
4.958333333333333570e+01,1.200000000000000025e-02,5.279194819970996905e-02,6.309766825566080761e-02,1.666666666666666741e+00,2.137390523117514429e-01,3.562317538529191085e-01
4.960000000000000142e+01,1.200000000000000025e-02,5.278983332602267542e-02,6.308747029928718497e-02,1.666666666666666741e+00,2.137440021153744207e-01,3.562400035256240716e-01
4.961666666666666714e+01,1.200000000000000025e-02,5.278772096648312595e-02,6.307728374010068695e-02,1.666666666666666741e+00,2.137489655942875488e-01,3.562482759904792573e-01
4.963333333333333286e+01,1.200000000000000025e-02,5.278561111707003040e-02,6.306710856200754833e-02,1.666666666666666741e+00,2.137539427230270850e-01,3.562565712050451694e-01
4.964999999999999858e+01,1.200000000000000025e-02,5.278350377377361013e-02,6.305694474894137092e-02,1.666666666666666741e+00,2.137589334764364302e-01,3.562648891273940688e-01
4.966666666666666430e+01,1.200000000000000025e-02,5.278139893259203158e-02,6.304679228485272902e-02,1.666666666666666741e+00,2.137639378295645987e-01,3.562732297159409978e-01
4.968333333333333002e+01,1.200000000000000025e-02,5.277929658953102454e-02,6.303665115373227601e-02,1.666666666666666741e+00,2.137689557572595156e-01,3.562815929287658778e-01
4.970000000000000284e+01,1.200000000000000025e-02,5.277719674060438876e-02,6.302652133959379954e-02,1.666666666666666741e+00,2.137739872344842640e-01,3.562899787241404770e-01
4.971666666666666856e+01,1.200000000000000025e-02,5.277509938183085059e-02,6.301640282647785751e-02,1.666666666666666741e+00,2.137790322360169637e-01,3.562983870600283098e-01
4.973333333333333428e+01,1.200000000000000025e-02,5.277300450924031494e-02,6.300629559845209726e-02,1.666666666666666741e+00,2.137840907369253640e-01,3.563068178948756159e-01
4.975000000000000000e+01,1.200000000000000025e-02,5.277091211887053462e-02,6.299619963960080560e-02,1.666666666666666741e+00,2.137891627124840765e-01,3.563152711874734702e-01
4.976666666666666572e+01,1.200000000000000025e-02,5.276882220676677032e-02,6.298611493404825123e-02,1.666666666666666741e+00,2.137942481377654580e-01,3.563237468962757726e-01
4.978333333333333144e+01,1.200000000000000025e-02,5.276673476898227633e-02,6.297604146594150409e-02,1.666666666666666741e+00,2.137993469879595210e-01,3.563322449799325442e-01
4.979999999999999716e+01,1.200000000000000025e-02,5.276464980157518497e-02,6.296597921945415455e-02,1.666666666666666741e+00,2.138044592380732301e-01,3.563407653967887168e-01
4.981666666666666998e+01,1.200000000000000025e-02,5.276256730061465450e-02,6.295592817878666037e-02,1.666666666666666741e+00,2.138095848633985996e-01,3.563493081056643419e-01
4.983333333333333570e+01,1.200000000000000025e-02,5.276048726217762164e-02,6.294588832815573021e-02,1.666666666666666741e+00,2.138147238394387251e-01,3.563578730657312454e-01
4.985000000000000142e+01,1.200000000000000025e-02,5.275840968234842693e-02,6.293585965181794362e-02,1.666666666666666741e+00,2.138198761414897842e-01,3.563664602358163069e-01
4.986666666666666714e+01,1.200000000000000025e-02,5.275633455721930737e-02,6.292584213405237603e-02,1.666666666666666741e+00,2.138250417449658880e-01,3.563750695749431374e-01
4.988333333333333286e+01,1.200000000000000025e-02,5.275426188288727392e-02,6.291583575916437354e-02,1.666666666666666741e+00,2.138302206250958515e-01,3.563837010418264284e-01
4.989999999999999858e+01,1.200000000000000025e-02,5.275219165546031486e-02,6.290584051148589984e-02,1.666666666666666741e+00,2.138354127573972863e-01,3.563923545956621530e-01
4.991666666666666430e+01,1.200000000000000025e-02,5.275012387105405820e-02,6.289585637536494744e-02,1.666666666666666741e+00,2.138406181175949716e-01,3.564010301959916194e-01
4.993333333333333002e+01,1.200000000000000025e-02,5.274805852579147331e-02,6.288588333518907447e-02,1.666666666666666741e+00,2.138458366812084621e-01,3.564097278020141313e-01
4.995000000000000284e+01,1.200000000000000025e-02,5.274599561580332191e-02,6.287592137536809900e-02,1.666666666666666741e+00,2.138510684238738579e-01,3.564184473731231151e-01
4.996666666666666856e+01,1.200000000000000025e-02,5.274393513722507032e-02,6.286597048033785995e-02,1.666666666666666741e+00,2.138563133210422407e-01,3.564271888684037437e-01
4.998333333333333428e+01,1.200000000000000025e-02,5.274187708620302339e-02,6.285603063456053630e-02,1.666666666666666741e+00,2.138615713484508241e-01,3.564359522474180308e-01
5.000000000000000000e+01,1.200000000000000025e-02,5.273982145889107714e-02,6.284610182251593180e-02,1.666666666666666741e+00,2.138668424820166225e-01,3.564447374700276949e-01
5.001666666666666572e+01,1.200000000000000025e-02,5.273776825145034403e-02,6.283618402871976594e-02,1.666666666666666741e+00,2.138721266975039115e-01,3.564535444958398802e-01
5.003333333333333144e+01,1.200000000000000025e-02,5.273571746004967337e-02,6.282627723771053163e-02,1.666666666666666741e+00,2.138774239707833813e-01,3.564623732846389781e-01
5.004999999999999716e+01,1.200000000000000025e-02,5.273366908086304233e-02,6.281638143405224306e-02,1.666666666666666741e+00,2.138827342775836415e-01,3.564712237959727359e-01
5.006666666666666998e+01,1.200000000000000025e-02,5.273162311007429520e-02,6.280649660233457443e-02,1.666666666666666741e+00,2.138880575938585105e-01,3.564800959897642119e-01
5.008333333333333570e+01,1.200000000000000025e-02,5.272957954387477025e-02,6.279662272717327631e-02,1.666666666666666741e+00,2.138933938955958625e-01,3.564889898259931411e-01
5.010000000000000142e+01,1.200000000000000025e-02,5.272753837846290426e-02,6.278675979320924583e-02,1.666666666666666741e+00,2.138987431588026678e-01,3.564979052646711222e-01
5.011666666666666714e+01,1.200000000000000025e-02,5.272549961004464186e-02,6.277690778510908176e-02,1.666666666666666741e+00,2.139041053595282516e-01,3.565068422658804193e-01
5.013333333333333286e+01,1.200000000000000025e-02,5.272346323483349112e-02,6.276706668756494578e-02,1.666666666666666741e+00,2.139094804738713163e-01,3.565158007897855641e-01
5.014999999999999858e+01,1.200000000000000025e-02,5.272142924905031530e-02,6.275723648529446530e-02,1.666666666666666741e+00,2.139148684779657583e-01,3.565247807966095972e-01
5.016666666666666430e+01,1.200000000000000025e-02,5.271939764892343699e-02,6.274741716303985917e-02,1.666666666666666741e+00,2.139202693480039830e-01,3.565337822466733142e-01
5.018333333333333002e+01,1.200000000000000025e-02,5.271736843068860340e-02,6.273760870556964464e-02,1.666666666666666741e+00,2.139256830602060677e-01,3.565428051003434740e-01
5.020000000000000284e+01,1.200000000000000025e-02,5.271534159058897245e-02,6.272781109767733287e-02,1.666666666666666741e+00,2.139311095908408844e-01,3.565518493180681592e-01
5.021666666666666856e+01,1.200000000000000025e-02,5.271331712487499488e-02,6.271802432418165096e-02,1.666666666666666741e+00,2.139365489162138034e-01,3.565609148603563483e-01
5.023333333333333428e+01,1.200000000000000025e-02,5.271129502980454601e-02,6.270824836992647255e-02,1.666666666666666741e+00,2.139420010126784066e-01,3.565700016877973444e-01
5.025000000000000000e+01,1.200000000000000025e-02,5.270927530164288416e-02,6.269848321978184480e-02,1.666666666666666741e+00,2.139474658566166143e-01,3.565791097610276905e-01
5.026666666666666572e+01,1.200000000000000025e-02,5.270725793666253961e-02,6.268872885864174016e-02,1.666666666666666741e+00,2.139529434244681061e-01,3.565882390407801861e-01
5.028333333333333144e+01,1.200000000000000025e-02,5.270524293114338399e-02,6.267898527142556908e-02,1.666666666666666741e+00,2.139584336927108921e-01,3.565973894878515238e-01
5.029999999999999716e+01,1.200000000000000025e-02,5.270323028137271354e-02,6.266925244307781917e-02,1.666666666666666741e+00,2.139639366378743579e-01,3.566065610631239391e-01
5.031666666666666998e+01,1.200000000000000025e-02,5.270121998364498545e-02,6.265953035856797193e-02,1.666666666666666741e+00,2.139694522365203355e-01,3.566157537275339018e-01
5.033333333333333570e+01,1.200000000000000025e-02,5.269921203426189416e-02,6.264981900289054439e-02,1.666666666666666741e+00,2.139749804652489318e-01,3.566249674420815530e-01
5.035000000000000142e+01,1.200000000000000025e-02,5.269720642953243384e-02,6.264011836106483933e-02,1.666666666666666741e+00,2.139805213007080209e-01,3.566342021678466923e-01
5.036666666666666714e+01,1.200000000000000025e-02,5.269520316577281510e-02,6.263042841813502848e-02,1.666666666666666741e+00,2.139860747195858337e-01,3.566434578659763988e-01
5.038333333333333286e+01,1.200000000000000025e-02,5.269320223930650665e-02,6.262074915917013873e-02,1.666666666666666741e+00,2.139916406986148434e-01,3.566527344976914149e-01
5.039999999999999858e+01,1.200000000000000025e-02,5.269120364646413118e-02,6.261108056926389942e-02,1.666666666666666741e+00,2.139972192145666308e-01,3.566620320242777087e-01
5.041666666666666430e+01,1.200000000000000025e-02,5.268920738358351397e-02,6.260142263353458969e-02,1.666666666666666741e+00,2.140028102442587399e-01,3.566713504070979091e-01
5.043333333333333002e+01,1.200000000000000025e-02,5.268721344700962733e-02,6.259177533712535768e-02,1.666666666666666741e+00,2.140084137645453244e-01,3.566806896075755406e-01
5.045000000000000284e+01,1.200000000000000025e-02,5.268522183309461149e-02,6.258213866520390134e-02,1.666666666666666741e+00,2.140140297523246415e-01,3.566900495872077359e-01
5.046666666666666856e+01,1.200000000000000025e-02,5.268323253819771207e-02,6.257251260296246842e-02,1.666666666666666741e+00,2.140196581845345558e-01,3.566994303075576300e-01
5.048333333333333428e+01,1.200000000000000025e-02,5.268124555868532177e-02,6.256289713561782873e-02,1.666666666666666741e+00,2.140252990381568132e-01,3.567088317302613554e-01
5.050000000000000000e+01,1.200000000000000025e-02,5.267926089093090403e-02,6.255329224841114921e-02,1.666666666666666741e+00,2.140309522902134609e-01,3.567182538170224348e-01
5.051666666666666572e+01,1.200000000000000025e-02,5.267727853131501381e-02,6.254369792660807725e-02,1.666666666666666741e+00,2.140366179177674855e-01,3.567276965296125035e-01
5.053333333333333144e+01,1.200000000000000025e-02,5.267529847622526989e-02,6.253411415549862962e-02,1.666666666666666741e+00,2.140422958979231738e-01,3.567371598298719748e-01
5.054999999999999716e+01,1.200000000000000025e-02,5.267332072205634791e-02,6.252454092039709532e-02,1.666666666666666741e+00,2.140479862078273343e-01,3.567466436797122609e-01
5.056666666666666998e+01,1.200000000000000025e-02,5.267134526520994564e-02,6.251497820664207727e-02,1.666666666666666741e+00,2.140536888246665215e-01,3.567561480411108876e-01
5.058333333333333570e+01,1.200000000000000025e-02,5.266937210209476916e-02,6.250542599959660328e-02,1.666666666666666741e+00,2.140594037256643156e-01,3.567656728761072205e-01
5.060000000000000142e+01,1.200000000000000025e-02,5.266740122912653282e-02,6.249588428464761952e-02,1.666666666666666741e+00,2.140651308880904824e-01,3.567752181468175077e-01
5.061666666666666714e+01,1.200000000000000025e-02,5.266543264272792457e-02,6.248635304720631667e-02,1.666666666666666741e+00,2.140708702892530346e-01,3.567847838154217244e-01
5.063333333333333286e+01,1.200000000000000025e-02,5.266346633932863369e-02,6.247683227270796336e-02,1.666666666666666741e+00,2.140766219065037557e-01,3.567943698441729539e-01
5.064999999999999858e+01,1.200000000000000025e-02,5.266150231536527448e-02,6.246732194661188536e-02,1.666666666666666741e+00,2.140823857172328426e-01,3.568039761953880618e-01
5.066666666666666430e+01,1.200000000000000025e-02,5.265954056728137239e-02,6.245782205440160439e-02,1.666666666666666741e+00,2.140881616988659086e-01,3.568136028314431996e-01
5.068333333333333002e+01,1.200000000000000025e-02,5.265758109152740563e-02,6.244833258158437317e-02,1.666666666666666741e+00,2.140939498288756127e-01,3.568232497147926785e-01
5.070000000000000284e+01,1.200000000000000025e-02,5.265562388456072190e-02,6.243885351369143910e-02,1.666666666666666741e+00,2.140997500847710289e-01,3.568329168079517055e-01
5.071666666666666856e+01,1.200000000000000025e-02,5.265366894284561478e-02,6.242938483627793328e-02,1.666666666666666741e+00,2.141055624441059735e-01,3.568426040735099836e-01
5.073333333333333428e+01,1.200000000000000025e-02,5.265171626285321260e-02,6.241992653492279414e-02,1.666666666666666741e+00,2.141113868844719270e-01,3.568523114741198876e-01
5.075000000000000000e+01,1.200000000000000025e-02,5.264976584106147162e-02,6.241047859522881602e-02,1.666666666666666741e+00,2.141172233834970073e-01,3.568620389724950215e-01
5.076666666666666572e+01,1.200000000000000025e-02,5.264781767395522449e-02,6.240104100282244798e-02,1.666666666666666741e+00,2.141230719188537968e-01,3.568717865314229853e-01
5.078333333333333144e+01,1.200000000000000025e-02,5.264587175802609709e-02,6.239161374335387700e-02,1.666666666666666741e+00,2.141289324682515427e-01,3.568815541137526082e-01
5.079999999999999716e+01,1.200000000000000025e-02,5.264392808977257088e-02,6.238219680249692395e-02,1.666666666666666741e+00,2.141348050094435129e-01,3.568913416824058826e-01
5.081666666666666998e+01,1.200000000000000025e-02,5.264198666569987195e-02,6.237279016594901582e-02,1.666666666666666741e+00,2.141406895202189742e-01,3.569011492003649755e-01
5.083333333333333570e+01,1.200000000000000025e-02,5.264004748232001263e-02,6.236339381943119264e-02,1.666666666666666741e+00,2.141465859784066339e-01,3.569109766306777232e-01
5.085000000000000142e+01,1.200000000000000025e-02,5.263811053615177760e-02,6.235400774868794099e-02,1.666666666666666741e+00,2.141524943618770549e-01,3.569208239364617952e-01
5.086666666666666714e+01,1.200000000000000025e-02,5.263617582372066839e-02,6.234463193948724946e-02,1.666666666666666741e+00,2.141584146485374929e-01,3.569306910808958122e-01
5.088333333333333286e+01,1.200000000000000025e-02,5.263424334155897971e-02,6.233526637762051847e-02,1.666666666666666741e+00,2.141643468163401121e-01,3.569405780272335571e-01
5.089999999999999858e+01,1.200000000000000025e-02,5.263231308620564680e-02,6.232591104890253947e-02,1.666666666666666741e+00,2.141702908432703001e-01,3.569504847387838242e-01
5.091666666666666430e+01,1.200000000000000025e-02,5.263038505420634255e-02,6.231656593917150183e-02,1.666666666666666741e+00,2.141762467073549669e-01,3.569604111789249634e-01
5.093333333333333002e+01,1.200000000000000025e-02,5.262845924211339427e-02,6.230723103428881249e-02,1.666666666666666741e+00,2.141822143866592421e-01,3.569703573110987738e-01
5.095000000000000284e+01,1.200000000000000025e-02,5.262653564648582527e-02,6.229790632013915835e-02,1.666666666666666741e+00,2.141881938592891943e-01,3.569803230988153331e-01
5.096666666666666856e+01,1.200000000000000025e-02,5.262461426388930635e-02,6.228859178263041613e-02,1.666666666666666741e+00,2.141941851033899169e-01,3.569903085056498893e-01
5.098333333333333428e+01,1.200000000000000025e-02,5.262269509089613495e-02,6.227928740769363147e-02,1.666666666666666741e+00,2.142001880971445282e-01,3.570003134952409174e-01
5.100000000000000000e+01,1.200000000000000025e-02,5.262077812408522126e-02,6.226999318128307453e-02,1.666666666666666741e+00,2.142062028187725342e-01,3.570103380312875663e-01
5.101666666666666572e+01,1.200000000000000025e-02,5.261886336004210213e-02,6.226070908937596238e-02,1.666666666666666741e+00,2.142122292465361288e-01,3.570203820775602055e-01
5.103333333333333144e+01,1.200000000000000025e-02,5.261695079535887165e-02,6.225143511797257695e-02,1.666666666666666741e+00,2.142182673587330610e-01,3.570304455978884350e-01
5.104999999999999716e+01,1.200000000000000025e-02,5.261504042663425057e-02,6.224217125309621651e-02,1.666666666666666741e+00,2.142243171337032681e-01,3.570405285561721320e-01
5.106666666666666998e+01,1.200000000000000025e-02,5.261313225047349607e-02,6.223291748079309155e-02,1.666666666666666741e+00,2.142303785498240465e-01,3.570506309163734016e-01
5.108333333333333570e+01,1.200000000000000025e-02,5.261122626348838094e-02,6.222367378713242192e-02,1.666666666666666741e+00,2.142364515855067764e-01,3.570607526425113032e-01
5.109339844830626021e+01,1.200000000000000025e-02,5.261007628360725441e-02,6.221809753492681810e-02,1.666666666666666741e+00,2.142401036766129196e-01,3.570668394610215235e-01
